10.92250264,10.81882953,11.23188466,11.67793691,11.32985669,11.10898049,10.52904032,9.264093542000001,10.49232026,8.244939861,6.784136652999999,8.675456826,6.890840256000001,7.783081664,5.944137942999999
10.07765676,10.4965751,11.13273839,11.01550485,10.30295815,10.13496236,10.25512532,8.629482807999999,9.68643393,7.885775563999999,6.74205764,8.822117881,6.131857031,8.106232992,3.8342746610000003
8.148948582000001,7.623264421,7.96990142,7.568337817000001,6.806227476,8.109860446,7.249710055,6.863937311,6.989374125,5.881523636,3.9191306139999997,6.2599737929999995,2.232714784,2.669946667,0.4359739349
11.07556181,10.36111048,10.39065783,10.38198181,9.488225131,10.15796162,10.67786373,9.282235826,9.518532286000001,8.877723203,8.069392335,6.503971592999999,5.529398672999999,5.235179349,6.62688679
9.857590835,9.152765634,8.877161701,8.978484955,10.48018531,9.669982087000001,10.57113445,9.032482013,7.120750825,9.257192444,9.242914219,10.79103614,9.971086387,10.16373863,4.376196449
11.64322589,10.65494605,11.55136094,11.07769204,12.52230914,11.58772324,13.31327294,10.20804265,8.645899312000001,9.502364237,9.825813381,8.891666951,7.55056714,6.00347741,0.9000656312
10.86813203,10.53943921,10.73570035,10.86870644,11.172879400000001,10.89164493,11.24466102,8.102244902999999,8.23279598,8.186852579,7.122389674,7.6190234629999996,5.628281649,3.803644525,2.634054723
11.14581046,12.54615733,12.59398598,13.25529473,11.49000113,10.7483023,8.747715976,9.613198279,11.01997113,9.023879219,5.193990053,7.761692084,5.58555712,4.452333938,8.500239713
11.98254268,12.04331864,12.88841281,12.51491841,12.56141632,12.32923302,12.49068971,9.093658442,9.147575133,8.502984906,6.773879429,8.157362286,4.5951168430000005,4.818284998999999,8.200931242000001
12.98357354,13.74369424,14.26510127,13.92534867,13.20162552,13.70840698,12.50539439,12.487483000000001,14.2495782,10.99318941,8.706045711,9.725973741,7.507864662999999,7.126247052,11.80796447
12.89677891,13.43368988,13.28394811,14.08543226,12.43870451,12.70636903,12.01370629,10.77552849,10.46085169,9.930126276000001,8.572524103,9.908243338,8.733382181,9.720766702,8.058090523999999
10.63482801,10.23299612,10.03116009,10.39693075,10.74387707,10.45827734,10.84345024,9.275069562,9.655184391,8.942730203,7.158014882000001,8.149986635,6.701167252,5.031164817,3.968862441
14.69798025,14.64529723,14.53132204,14.47424484,14.45461096,12.52895807,13.49734688,12.21087528,11.70043388,11.21001095,11.15379478,8.903509717,8.406082257000001,8.505992122,10.20576227
12.97222309,12.59175992,13.46860328,12.82127001,12.44614125,13.03296483,12.51030873,10.43265799,9.384463201,9.672609283,7.928640155,8.050621247999999,7.7689460939999995,5.881336898,4.962241285
13.62896321,14.23265555,14.30971544,13.74619972,13.59454902,13.37202799,13.07740455,12.64466334,12.28985054,11.3886,10.41039619,9.370531205,7.933686633,5.764022653,3.926000223
12.49443367,13.16995992,13.83313827,13.45471456,11.64003971,11.13737055,10.26945967,9.437502538,11.37146435,8.306759735,5.969799691,5.786806459,4.974269166,3.958600459,8.011898424
12.06026787,11.09965207,10.75978178,10.13206974,9.255598033,10.97483724,11.41520735,11.21849163,13.17693293,10.48778347,9.131488209,10.00419238,5.9880429589999995,3.5780949360000003,5.91016897
8.729236716,9.462441158999999,9.340338304,9.292408929,7.9026246570000005,6.709888212999999,6.088612446,5.979403317,8.544924397,5.304633035,2.8404500039999996,3.8529201489999996,4.359038054,4.510570087,8.342074936
13.85555862,13.02458571,12.84026123,13.54052968,14.14320928,13.01604145,14.59034042,11.0978476,11.86896242,10.79392594,10.64174692,11.96125698,8.531328833,7.939924985,7.15384026
11.336761599999999,11.55382945,11.67873488,11.98364193,9.504988695,11.00770604,10.72339794,7.955977448,8.057692206,8.137093823999999,6.458106433999999,6.854909475,6.715236729,6.004188716,6.357038391000001
13.26733762,13.40480013,13.31759797,12.89179676,11.98261366,11.99729009,12.14570675,11.85878577,9.131910262,11.22338457,10.07383166,6.574419539,6.980112039,5.26436158,3.433059845
10.01229357,9.812613258999999,10.48428747,10.18234191,10.83032075,11.351556,11.89908447,8.792879979,9.013337137999999,8.065605828999999,9.516015672,10.60648064,10.07106507,8.962530748999999,2.754603286
12.90967673,12.52518373,12.05693439,11.63041729,11.27903432,11.59636304,12.74576228,10.67316004,10.9136319,10.32296089,8.282782427,7.064800805,5.209002753,4.158252472,6.225161945
13.62553315,14.19224203,14.07847374,14.84498164,12.97733713,12.43322708,11.45456599,10.56955322,10.843904499999999,9.992537992,8.316945821000001,9.39275678,7.8358979070000006,10.86667824,7.934403735
9.992568196,9.790196938,9.458922207,8.995024316,10.06621278,9.49983387,10.37267207,8.617067906,8.91506683,8.418473234,7.576704955,5.687493585,6.309244887,4.093808913999999,4.307940396
11.41412182,11.32257464,10.84226812,11.42767797,10.40203675,10.57749557,9.996509984,9.163150995,9.519843331,8.625950945,6.677771895,7.416863822000001,5.742960699,5.318088595,6.209295401
7.355052924,7.782836371,7.944857206,7.820489504,6.453325805,6.188768303,6.386595221,5.397427534,6.683459221000001,4.662755497,3.7103075110000003,2.815433788,1.9877195140000001,0.9981164406,6.842239256
11.33501519,11.75659714,11.95284832,12.00094351,9.817182594,11.25588728,9.784644698,9.739322233,10.47140003,9.000297814,8.000407157,9.463294795,8.931152954,10.07726932,10.55319974
11.97580451,11.81397602,12.67967806,12.16993079,10.79054135,11.88589488,11.63593028,9.540012222,9.510378872999999,9.344461449,6.89064126,7.780377478999999,6.120786197,5.24439586,3.895287175
11.69390099,11.83311371,12.61345363,12.29393718,11.56954774,11.27672603,11.19109221,9.298114747,10.70768738,7.972450965,6.262283438,5.699507792,5.817749158,4.299379706,1.963039362
7.374640983,7.55543272,8.19986173,8.012499492,7.5422698729999995,6.889711115,7.270001792,5.92890731,4.309138894,5.80934981,5.182182278,4.198871963,3.915459527,3.831095972,3.732342145
11.39229671,11.73702307,10.98010248,11.93509887,10.60088071,10.74405068,9.588325629,9.350088084,7.9917790360000005,9.178856489,6.617823396,7.66304611,7.584353344,7.774017214,5.668294945
11.3826727,10.91977097,10.85227552,11.42657351,9.94134262,10.47188837,10.19730699,8.641273271000001,9.967468056,8.321680439,4.407928433,7.787443289,3.998855447,4.363178859,9.551945102000001
10.98224806,12.50097423,12.67565724,12.66577595,10.98019881,12.32020916,10.60078668,10.02825423,10.58901222,8.978303105,7.439483447000001,8.844036682,7.130959101,8.307727814,7.767437912999999
14.23183664,14.13887658,14.10818224,13.91625382,12.64842838,13.54510971,13.74627496,11.24376651,8.177956457999999,11.66355298,9.584227222,8.951339969,7.6965779670000005,7.872744904,2.392035099
11.01444032,11.59864407,11.37969364,11.14236609,9.974965351,10.99023165,9.691958422,10.09501011,9.450068459,9.362250227999999,7.834961198999999,7.776662687000001,6.184884732,5.78734705,5.980716993
13.73580807,13.55808472,13.46551749,12.61061303,10.79904546,13.43314157,11.8729084,13.30288537,12.46336258,12.37357124,9.496366305,10.80297248,8.039630861000001,7.188384659,5.415779069
12.62775814,12.1997477,12.32803865,12.39285756,12.64778175,11.95449895,12.12171748,10.29845918,10.85437478,9.659346303,8.755352495,9.560238579,7.602257411,4.920530871,7.06119914
6.736055925,6.83457294,6.528990735,5.975868455,5.287588798,6.130099626,5.62752251,7.807166925,7.291128178999999,6.655072582000001,5.23616988,4.737750185,2.205861777,3.0798227760000003,0.8891761376999999
11.45932345,12.31600287,12.16705075,11.9305519,9.065574866,10.03923211,8.420507577,8.698057797999999,10.42241137,7.844508035,3.6578904430000003,4.4550995680000005,4.430916417,4.292580363,8.618553644
13.81592427,13.1786544,12.59822169,12.6757586,12.78350775,13.60480145,13.54223688,11.42778224,9.308727996,11.62848813,9.902595919,10.06350705,8.336245223999999,6.120540888,5.440759951
13.48075997,13.17549621,13.11060828,12.88571365,12.98631845,13.39400152,13.1672092,13.44391603,10.96750375,12.39994465,11.00060927,10.69705374,7.818917496,7.177392201,-0.288981292
11.84191038,12.08993277,11.87517183,11.85099421,9.14981446,12.19325455,8.440018215,11.41411909,12.30719755,10.138444900000001,5.389383821,9.027462094,4.87840178,5.907753358,4.835849462
11.61086774,11.44467279,10.97967703,11.01430524,10.57827659,12.06476452,11.81513095,10.67441635,9.299288523,10.40987635,8.285973282999999,8.770322404,6.2888243820000005,6.449817792999999,5.590857027
9.70536953,9.81698531,9.888859472,9.988699897,8.384313686,9.552069656,8.363263297,8.456677761,9.392383505,8.335870578,5.08492662,6.121836101,5.770151499,5.593214076000001,7.3918754710000005
10.04225821,10.05170556,9.668809523,10.10505631,9.746157538,9.215229894,9.39645052,8.807331001,9.437191534,8.54131199,7.313899086,8.55230787,6.9348292570000005,6.587136556,4.571546383
12.7795824,12.99884368,12.15486861,12.25913814,10.307020699999999,10.78403007,10.78662109,10.34323635,8.589127619,10.51530735,8.088333849,5.912498228,7.1221066870000005,6.309293286,6.3849606539999995
11.77848742,11.93294059,10.89625059,10.77869274,10.27356062,8.481059647999999,9.183416108,8.596777515,8.905071648,8.860445993999999,6.226908643,3.1870845360000004,5.267777849,3.857476887,10.18842894
11.21283708,11.05084287,10.41006414,10.38653687,9.109211627999999,9.72225518,9.453462356000001,9.40380723,9.551721746,9.057342109,5.808528467,6.691048447999999,3.604557551,3.3317415660000003,6.292592697999999
10.09667225,9.540276308,9.812195173,9.745491312999999,11.84936728,8.846547774,11.19836758,6.942253355,5.062326025,6.773812986,8.963609462,5.16956649,5.331199538,3.375571957,2.519843763
14.31825923,14.56475079,13.30297964,13.47174988,11.92724266,12.21736632,10.910262199999998,12.99717531,12.10028034,12.28440889,7.516108217,6.596465664,5.0570362310000005,3.3069990039999997,7.494205784
10.24794442,9.945400159,11.08885471,10.32199905,10.68367943,10.86151395,11.07586313,8.23152635,8.716478282999999,7.637908145,6.418572028,7.93315362,5.653538907000001,4.319801011,2.447651066
12.96797881,11.857994999999999,11.72386903,12.25195019,12.83616099,13.66703247,13.30840329,10.27211268,9.861233694,11.203035400000001,7.65233473,12.24192193,7.802583068,7.647529481,4.27506736
8.703798606,9.468510965,8.81918496,8.639588563,6.550148705,8.234224429,7.348758207,9.023240152,9.226082516,7.932930927999999,6.654370033999999,6.667473279,5.327852416,7.177619768,5.7080085789999995
13.1073562,12.94518237,13.07228652,12.20605662,10.97501614,13.19441717,11.69100937,12.33983906,10.35779375,11.57016022,7.3536981589999995,8.745212718,6.074585208999999,3.7244025539999996,3.157564822
7.053126736,6.7155273289999995,6.4821255529999995,5.51945107,5.186031761000001,6.252010235,6.294420136,7.094127017999999,6.4028875979999995,6.445100007000001,5.837407309,3.335218925,2.908276699,3.4193454639999996,4.777049795
9.003367497000001,9.364235932,8.952540194,9.321319374,8.215326978,8.669598926,7.596837068999999,8.625568116,9.182983025,7.766018814,5.742311841,6.683976561000001,5.500150103999999,4.060112675,5.347484632
12.0622585,12.17410905,12.61736424,12.29546257,12.81223637,12.69928741,12.63074864,10.78172221,10.09585794,9.978571443,10.26281208,9.988756115,8.248241157999999,6.380390512999999,5.753748183
10.15089189,9.000068516,10.4641964,10.12884878,10.75030278,10.46751207,11.50659934,6.35952264,5.918078056000001,6.724104071,4.040052553,5.936568992000001,3.620293893,2.7338415910000005,1.756306393
11.38355618,10.94816796,11.33333018,11.44762398,11.20698588,11.19333493,10.06118685,9.774317314,10.54778966,8.983059941,6.055548379,8.842235143,3.961295635,3.872422991,5.467684923999999
10.27769326,10.51726652,10.75096263,10.63535467,10.57334972,9.380341478,9.637036009,8.541718319,7.231613368,8.560738719,6.241858966000001,6.168166568999999,5.706637791,4.7847350639999995,6.427598072
11.28736025,12.23736194,12.00388591,12.14397959,12.27347051,10.2824024,10.48686654,9.743478352,8.903826805,8.761168078999999,8.296620726,5.953448217,6.80016833,4.942743421,6.1783399160000005
10.29270235,10.5628224,11.19165014,10.77325299,9.788661366,10.36417935,9.470059907000001,8.97711431,9.174957082,8.241329002,5.296296953,7.163892785,5.545101267000001,4.983765051000001,4.26592533
10.69532841,10.55833747,10.56132091,10.17537997,9.428724765,9.663356891,10.42040493,10.30890816,11.16663267,9.232770898,8.708844626,7.533850923999999,6.986456173,6.2953526,1.043499641
10.37605905,10.36039997,9.891558252000001,10.79969042,9.802588743,9.857419715,8.502656189,8.598047592999999,5.994563768,8.984204655,6.628059391,7.151498475,6.295159472999999,5.351913538,7.459379649
8.543266117,8.630573862,9.318691206,8.96265248,9.197823347,8.141579562,8.913175892,6.54970334,6.232215331,5.861889465,6.474429011000001,4.942956563,4.822350855,4.9245502189999995,4.245248575
12.00642034,11.73027706,12.01187595,12.606303,12.8062901,11.59592585,12.09928333,9.331613601,10.65382866,9.008948073,7.638440925,10.05051363,7.230777849,5.975417962000001,7.38760873
12.38482559,11.93836165,12.07704318,11.95961743,12.87204329,10.57322052,12.26106959,9.812248155,9.789696989,8.946332816,9.832743729,7.649485172,6.8643895310000005,4.8291666310000005,9.003212559
13.95043408,14.63277448,14.69745287,14.63387108,13.65398403,14.12333102,14.26897511,11.60536752,10.63819003,10.7193813,9.396628245,8.259250587999999,7.2154849720000005,5.149985165,6.665708479
10.65182943,12.40752417,12.69161083,12.30094499,11.25953914,9.90730815,10.10725839,9.192404516,9.833727951,7.624901787000001,8.981797915,6.383732172999999,7.811142202,5.621624121,7.6026409710000005
11.55104069,11.05907674,12.309849400000001,11.51940359,10.85380651,11.27428626,12.41558771,8.026335618,6.93511513,7.302035555,7.954846934,5.936878785,5.902323278,5.065844128999999,4.908159201
8.964955262,8.236415334,8.590854206,8.012849225,9.262384002000001,7.324756517000001,9.310054306,6.843345335,6.400053118,6.77814784,7.472194957999999,5.650228239,5.948690175,4.933965156,2.338161279
12.48312642,12.02700544,11.48566194,10.93922854,10.57750407,12.29949831,13.09138169,11.20180664,10.17525433,10.94292467,9.841980478,8.958933816,7.473021817,6.149294096,5.163165236
12.054965,11.73714446,11.77843248,11.55365127,11.93655478,11.60682917,11.90704048,10.76023345,8.290117502000001,9.806905609,8.491393182000001,8.057878966,5.801350215,4.396403607,1.4638021019999998
10.39716214,10.35510294,10.54215852,10.07618263,9.579600317999999,9.840394685,9.515592602,8.215200051,8.710904371,7.3064270339999995,4.693462221,5.460113998,4.081416156,4.230935651,7.017538654
7.95169352,8.537566349,9.619508698999999,9.869570226,8.434368545,7.155493237000001,7.4458596429999995,3.4687027639999997,7.603605314,2.9745127239999998,2.9722367760000004,4.682001581000001,5.272027198,5.832172667000001,8.266947599
12.75691626,11.99963598,11.74927163,11.58362702,10.77619876,12.19429416,11.37137896,10.9746502,8.352829701000001,10.75806174,8.633351492000001,7.675539725,5.707961687,3.877674605,2.154858702
10.65216019,10.48585104,11.57832192,12.57628698,12.47851663,9.571625778,10.3831016,6.179093592,9.019902988,6.1373690089999995,5.404877895,6.273869348,5.062302755,4.213874317,5.595738254
11.0173064,11.0861184,11.06884522,10.44261613,8.848468581,10.79091341,9.772215802,9.320930579,9.331884572,7.847112827999999,6.755045877000001,5.662268897000001,5.923374946,5.54872818,10.2871599
11.60968,11.80092431,11.66702492,11.52263761,9.993946471000001,10.73132706,9.904163185,10.38625271,10.47069604,9.398648426,5.941317239,6.609193436,4.410300335,3.887049528,5.3357393339999994
10.04438327,11.04447223,11.59085783,10.94178645,10.3146,9.967014243,9.208770621000001,9.312419859,8.714881468,8.036868784,7.422210565,6.530467009,5.937155435,5.219504598,4.769278737
9.415612015,9.750665869,9.837900134,9.803636487999999,7.634334572,9.027530347,7.4238982920000005,7.257789402999999,6.589702355,7.050296237,4.684326989,4.497099333,4.457906471,2.923468722,4.631149087
10.5770155,10.74324769,10.95712852,11.07012038,10.89987961,10.40227364,9.196199437999999,9.612921737999999,8.979518095,7.830153181,6.975724863,8.642991692,5.81480216,6.072870377999999,4.947231818000001
9.508921662999999,9.333620213,9.708246984,9.170328263,10.78093951,8.171178602000001,9.615140692999999,6.765960666000001,6.557677472999999,6.417842883,6.871682391,6.365792834,7.17385164,6.087088569,3.489896438
12.42381116,12.57305707,13.10329237,13.233421700000001,13.6123555,11.58134331,13.12191997,8.948631623999999,7.616392326000001,8.933952076,7.837530863,7.494908081,7.4239312570000004,8.155090864,7.484930918
4.636321775,3.9509264319999997,3.4932014189999996,3.53944626,3.759335231,4.02732016,4.814143177,4.18922857,3.192272163,4.386556588,4.082549911,2.67524647,2.453795817,2.362267599,-0.9735909434000001
5.843814284,5.549440841,5.054609835,4.170238984,4.541706048,3.401440822,5.052207342,5.1963942,5.20256354,4.553968912,4.925292722,3.512695734,2.453247845,3.557223898,0.7856438103
12.71545787,13.71761766,13.44678693,14.23790925,11.54192093,11.99136683,10.19815767,10.94079106,12.17334271,9.949803977,7.163151171,9.045326161,7.379885081,8.467600821,10.31177537
6.856082816,7.265903699,6.480912391,6.095587932999999,5.322003911,6.5127396420000006,5.2540800569999995,7.9456945999999995,4.922300596,7.261987657000001,5.309038843,4.710820755,3.795141946,3.227237355,2.353451884
12.38558341,12.74292025,12.92145033,13.32647803,12.6660864,12.23340903,11.94737963,10.44612936,11.00186335,9.798679984,7.85154664,9.739143656,6.574675352000001,6.6079088960000005,8.339644403
6.7234242129999995,7.2527509189999995,7.90762305,7.880945199,7.8344379779999995,5.5192803889999995,6.4253305439999995,4.180491447,3.593631442,3.816943938,3.1462825060000004,4.176976418,3.44521366,6.347365758,6.071393336
10.97052065,9.996693116,10.43772339,10.62314135,11.58022443,8.983897473999999,10.13952636,7.76740003,8.826799437,8.1401315,6.557255284,6.251713995,4.906578038,2.224347305,2.06501096
8.476427275,8.477877612,9.292759723,9.17824133,8.105245154,7.904102407000001,7.134349424,6.231729112000001,6.860992482,6.169357288,5.040958815,5.182757689,2.8537280289999996,4.440427969,4.007908996
12.98200064,12.53966171,12.19266127,12.49220042,11.42782906,13.65068174,12.33663782,11.69683059,12.25531708,11.49121921,8.839085892,10.26691401,8.980816692000001,7.394012877000001,6.286595982000001
12.02950048,13.44209139,13.82689087,13.87399824,10.76059865,12.23085785,11.01731029,10.64246241,10.30684656,9.243466531000001,6.994012424,6.599386983,4.808639257,6.644706299999999,5.884858661
11.24193534,11.48254859,12.33902925,11.74239776,10.98430651,13.00483492,12.27262789,10.36999272,9.366392198,9.819563836,7.444316636,10.04500241,6.73594177,5.080226683999999,4.703899871
8.282918603999999,8.323947208,9.051700789,9.256393153,9.319021091,7.472990005,7.754136316,5.727016982,5.927830286,4.965217687,3.512376974,5.223509101,3.297095488,3.777487793,6.483231135
6.509775497000001,6.8387303820000005,5.731082653,5.681724386,4.628750078,4.885963095,5.533919316,5.017947738,3.8147771089999996,5.098007196,4.920684305,2.1347429819999997,3.619108057,4.720457082,5.558620029
13.79007401,13.84346623,13.68058011,13.70648816,12.55382905,13.57625663,13.26067291,12.13503827,10.40478518,11.57405207,9.46725393,9.019766098,7.214556354,6.701480323999999,6.382554407000001
10.518168300000001,10.67566843,10.83498777,10.87243139,10.21938636,10.50544443,10.45539893,9.017980149,8.800503192,8.07206482,7.164857959,6.12919567,4.8132099,4.639618783,1.277643968
10.160193300000001,9.93088201,9.744912144,10.00359703,9.362361117999999,9.25839287,9.667297422,8.104588108,6.733368517000001,7.747897947999999,6.734176566,5.8041696279999995,5.227163494,4.223957732,5.547996895
11.86268621,11.70197747,11.77434814,11.51531933,11.12426192,10.78187291,10.910516000000001,9.83424223,8.322529943,8.971472521,7.380779137999999,7.070861831,5.386050418,4.016134393,0.9481318709000001
8.84711462,9.80690871,10.17979995,9.626673407,7.522740046,7.968239436,6.532983391,7.2142882020000005,6.864458892999999,6.269741201,3.33453097,2.931154147,2.311650203,2.5626317569999997,6.354283572000001
9.810406987999999,9.301797678,9.714920897999999,9.394779437999999,8.374395237,9.678294102,9.620685219,7.620534056,7.596134405,7.569654901,4.552669498999999,6.519139867000001,3.2754811239999997,2.629986565,5.5024399310000005
7.6921990010000005,7.684913832,7.080847969,7.315549352000001,6.761260891,6.863586198999999,6.566934507000001,6.095267749,4.655012508,5.995479921,3.42056706,3.716170514,2.012008728,2.53695023,4.217851008
9.475339372,10.01041376,9.437355894,9.929000177999999,9.858339511,8.89415409,8.348427459,8.302345843,8.01329577,7.789376583999999,5.422706085,5.777456083,5.254870485,5.549897136,7.180925037000001
9.398388456000001,9.847397672,10.62945294,10.44894118,10.4393873,9.217162275,9.61481952,6.972765848,8.011311924,6.302977468,5.312583665,5.161744474,4.9119509489999995,3.698983123,5.860794071
11.84732016,12.24273345,12.48682015,12.72561945,10.90158314,10.9081724,10.63291847,8.757324237999999,10.28293676,8.449083464,6.147865892,6.348605221000001,5.176778181,5.713057639,7.551334794
11.80137923,11.60306406,12.03394466,12.44842598,11.67257971,10.87806566,10.99173119,8.752961961,8.966250622,8.640541168,7.752486434,7.563086807,7.403064347000001,6.020566178999999,3.458727775
10.50893456,11.03308379,11.65114353,11.38775627,10.48112691,9.107137361,8.967657232,7.541157573,8.956997763,6.389653903999999,5.427435926,4.58607869,4.814450758,4.306640393,4.669190872
11.55277938,10.32854561,10.23131053,10.93966379,10.38808775,11.38262923,11.21392166,8.874605155,9.487509364,8.530697202999999,6.481079599,7.342448028,5.466934117,4.519594999,3.2877456589999996
9.934036552,8.669908241,8.439347628,8.27511755,9.207356075,8.09480299,9.887694753,8.146758502,8.215263977000001,8.170648897000001,7.073523144,7.925334072,6.253640004,5.833973567,3.6043063610000003
8.987730519,9.805293987,10.08859228,10.28281206,9.372823174,7.9498638989999995,7.93889194,6.950395984,7.337829773999999,6.6289618610000005,4.874892856000001,6.894230609,4.640673692,8.058052819,7.09462763
13.41158986,13.53108155,13.26338093,14.74589213,11.09517642,12.90943336,10.19877475,10.98459573,12.35495374,11.0789937,6.378815878999999,9.531783814,7.41615429,6.8858834170000005,8.218034218
11.69702226,11.75901816,10.21121565,10.20474485,8.544527462000001,9.973923946000001,9.184995289,11.09146333,7.601021591,11.26540828,8.906456209,5.852589662000001,6.704736702000001,5.192915118,3.825494912
11.72362344,12.05275013,11.58884384,11.33683946,8.915457699,11.54651595,9.182465371000001,11.88005155,12.69414877,10.27907289,7.161730277999999,8.922530646,5.965341916,5.357288709,8.430404142
8.693678436,8.5285109,9.40527803,9.257195408,10.45065762,7.856459273,10.67293455,4.74021627,5.576110237000001,4.735483703,8.884615341,6.438238235,8.384346819,7.871417686,5.891020707000001
9.750317002000001,9.74310147,9.05049236,9.770799709,8.369801951,8.231051723,7.769417386000001,7.679552861,8.451413492,7.273965597,5.204500155,4.375362794,4.764595852,3.9368409189999998,10.14181985
11.41120186,11.26665102,12.25155738,11.19398361,10.25763654,11.80449814,11.15811668,9.221790277,8.69463736,9.020381035,6.42641598,7.901269312999999,5.263265496,4.439856666,4.536535764
11.49225985,11.35147104,11.22874613,11.48404088,11.61070978,10.46594362,10.33154984,8.923576234,7.751562545,8.612298374,6.27000542,6.885621322,6.046853043,6.752781103999999,7.647097991
9.929650448,10.08942739,10.36387907,10.03844852,8.470659669,10.18523814,8.564292127,8.961938364,8.09931733,8.166358224,5.506273007999999,6.347197913,4.497415007,4.235455741,4.933542818
13.63039661,13.3550478,14.32469352,13.77722751,13.87915642,12.11672159,12.76162746,10.53051136,12.87905475,9.418995239,9.544701041,7.63512581,7.1097448000000005,4.888960247,3.916144231
11.87885835,11.8822085,11.28780138,11.74220178,10.87372265,10.31386353,10.12977708,9.271779232,7.790119008,8.721644764,6.154613907000001,8.308696453,5.8794261389999996,6.90910863,7.566876457999999
11.24385556,10.92315437,9.606098722,9.701652428,8.039157852999999,8.115718772000001,8.79725576,8.075121256000001,7.079733546,8.490097546,5.512989161,3.612476968,3.5598479060000003,4.117801386,4.448990479
10.613855000000001,10.04662641,10.30613693,10.39941988,11.51514222,8.865105028,11.03033311,6.812989704,5.838397436,7.321934297,6.489799447,6.461600878,6.331610267,5.5393314689999995,5.033421612
14.12798917,13.39815025,13.22535697,13.65379858,12.18770153,13.63842301,13.36590391,11.12443854,8.556558767,10.94077397,9.428087498,9.712644987000001,7.725067502000001,6.982165745,6.187660079
9.697465532999999,10.01185691,9.105192203,9.619991077,8.458723314,7.765711208,6.9677403589999996,7.494647903,8.715140477,7.690413616,4.677861786,5.218339988,4.55677139,4.58897628,6.784896534
13.02222775,13.057487199999999,12.88433643,13.53511693,12.07583649,12.04350563,11.46570758,10.07438899,10.20166681,9.773026175,6.206681926,5.841732089,5.020078733,3.651925999,8.806104996
10.38356364,9.686788666,10.31743953,9.68153463,10.29008575,9.73897376,9.146462697999999,7.750039267999999,7.784653489,6.980433756,5.025719424,7.047676511000001,4.745407246,3.587252027,2.378676425
10.87362262,11.49010047,11.79444639,11.97605669,10.380560000000001,9.717128721,9.075422123,7.393992871,8.139189437,6.91107789,3.569288115,4.380494908,2.74099402,2.036679682,8.597793234
13.52927907,13.03135789,12.99183157,12.11710564,12.14811897,13.35579036,13.635718300000002,12.44416146,9.395081332,11.76279641,9.353187685,9.090652833,6.126816787999999,4.112028027,3.47865304
11.44043945,11.99111894,11.20373819,10.6910726,9.37583034,11.12606466,10.04667105,11.91936261,8.567166669,11.03837903,7.684413319,7.263322043,4.847819992,3.4432845530000002,4.69287309
12.15296674,11.34250313,11.11087532,11.34386204,12.14663338,11.52079102,12.61485282,9.438889281,6.8586571439999995,9.585749202999999,8.378447597000001,9.541974947,7.351639817000001,7.227621706,5.26939243
11.75967447,12.31824699,12.15193136,12.00384293,9.608552397999999,12.20085946,9.942002866000001,10.36027652,8.597556703,10.15424887,7.062893797999999,7.41167687,8.222823876,7.8449458320000005,5.597869951
13.33036081,12.59707781,12.52336433,13.26345787,13.64136008,11.80157876,11.95252709,9.596321561,9.787171082,9.398098714,6.150265694,6.280271711,5.524621455,3.830238923,6.945776588999999
9.87713789,9.988556736,10.71929183,10.00421623,8.367146135,9.497483023,8.592560094,8.846220133,11.06582681,7.3735800320000005,6.076266213999999,7.0881444920000005,3.806797529,4.413121173,4.389597199
9.661812272,9.671581022,8.665902365,9.545207856000001,8.050224624,8.959953724,7.876539599,8.292315983,6.750348239,8.518344266,5.1577781819999995,6.481160468,5.077046942,5.003390297,10.54939523
10.19624574,10.32958796,9.317601873,8.410444419,6.964458651,9.129851282999999,9.107491667,9.594728547999999,8.280468998,8.807859726,6.861129846,6.016073978,5.555294835,5.4957047999999995,4.804100603
8.718834637999999,8.334381338,8.886445199999999,8.654101857,8.24355419,8.006300377,9.368919482999999,6.154439292999999,5.934856586,5.6544382120000005,4.702897313999999,4.288533592,3.0782243960000004,1.890932094,2.385873676
8.289107513,8.218927266,8.539562836,8.939241267,8.944773462999999,8.12581273,8.606150583,7.117048817000001,7.592565262999999,6.482240409,5.84613089,6.327298164,4.3807461,3.1926334830000003,6.146495367999999
9.392183675,9.301473489,8.797745459,8.996567853,7.856674839,8.365936943,7.9051166010000005,7.346613347999999,7.96132953,6.762687753,5.299202191,5.0053452069999995,3.427191015,4.612351252,4.083286734
11.49471513,12.16812573,12.03734953,12.12162191,9.800550655,11.61449479,10.427799900000002,10.53366078,12.16542267,9.41429767,5.321340298,8.910850888999999,4.865657242,5.635731193,7.4489206889999995
12.18074322,12.19742746,12.06631954,11.93789539,11.12427578,11.77818579,11.65868148,9.703876994,8.44629207,8.736255459,6.962154476,6.32857636,4.6616069389999994,3.521460432,4.038974801
7.466491722000001,8.016108808,7.914539446,8.23018163,7.642019682999999,6.688631427000001,6.6516527860000005,5.860030541,5.611543083,5.328331175,4.790876047,4.810363012,4.189394817,3.810172399,8.201292373
14.50479878,13.67379919,14.4412959,14.38473706,13.37410671,13.33120466,13.70777727,10.58431784,9.006698703,10.99967221,9.462100713,7.923138022000001,7.40480103,6.880547947,4.713869539
8.179022751,8.350924383999999,8.620860963,8.577199282,8.524014694,6.193572717,7.324210654,5.7268819,5.8619638179999995,5.116638623,4.315276005,2.452022985,2.472891602,3.0226827789999997,3.743142184
11.063433999999999,10.27888249,10.74549579,11.051656900000001,12.31756349,11.00535602,11.79586107,8.551615234,7.078015644,8.574855682,8.455187453999999,8.535434555,7.885392391,5.187677005,8.06316646
9.362699456,9.222391528,8.99402002,9.124434632,8.865586757,8.66274188,8.919598826,8.176635683999999,4.981149953,7.6366956329999995,6.59157254,6.244780675,4.9616175369999995,4.681759764,3.838828328
9.994997509,10.01958548,9.897093609,9.917230293,9.093164076,9.117620142,9.641501227000001,7.172972153,6.483825821,7.547028492999999,5.230158015,6.971572547,6.978902021000001,9.428654267999999,2.321379549
11.25016177,11.40627052,11.76502422,11.65725671,12.31910911,10.15989516,10.87495136,8.054968159,8.164537128,7.738476943999999,8.358566644,6.615310025,7.455920699999999,5.170607717,5.783168951
11.45390451,11.18922017,11.48414345,10.25759375,10.35767677,11.2570853,11.35819426,10.92140932,7.94726615,10.47781041,9.430214128,8.844542843,7.272335351000001,6.613009045,0.7363321493
12.589816800000001,12.40774635,11.53648159,11.76991302,10.73081137,12.77161592,10.30891413,11.61890478,9.486085651,11.85640294,6.888266306,9.783818274,5.992056285,5.241796447,3.8858257519999997
9.300930982999999,8.534123753,9.360452788,10.00645254,12.69447244,8.646680262,11.25494626,6.102048019,6.220726956,6.0822196889999995,7.096237599999999,7.625312709,5.310910946,5.321105568,2.321551078
13.08586012,11.69810631,12.3706738,11.57081968,13.95213298,12.22057711,15.21260371,9.895463646,6.504594652000001,9.842099429,10.21764782,8.791140901,6.6911885060000005,5.877360409,0.5513296919
9.852411463,11.03039065,11.21291813,11.09640665,9.267600952999999,8.991971084,8.55342969,8.730972478,10.55401423,7.218778017999999,6.199898776,6.869500242000001,4.181607455,5.970349437,6.546920227999999
8.604163447000001,8.773782059,8.695121639,8.354409554,8.347727912,8.156401101,7.971737199,8.266256742000001,7.239896744,7.560739732,5.6719545710000006,6.365230508,4.94359937,5.211473798,2.052394676
11.64589551,11.19441285,11.70229396,11.69077872,11.3628722,10.27263597,11.91330475,8.310913677,8.750611343,7.943094513999999,7.490930142000001,6.457709692000001,5.132058584,5.564623521000001,1.081234176
12.07324586,11.70237554,12.77763093,11.99679178,13.20641791,10.16954802,13.43851497,8.147124276,7.50222237,8.696871574,10.44199216,6.215089227999999,8.413971112,7.348819353,2.872995126
8.963688017,8.771986166,9.397736012000001,9.324726377000001,8.392773192,8.350197498,9.058413941,5.661784923,5.966767775,5.601219528,4.353817915,4.018774942,3.745888758,3.731065928,2.8410749639999997
13.1956059,12.66195171,11.8297381,11.59504352,11.43992048,11.786047,12.74814835,11.68144336,10.91977604,10.95327387,9.295658826,9.803864173,6.112170005,8.529134137,6.842477979
9.001028899,9.724271525,9.406631144,9.933444802999999,7.785789254,8.187764006,7.417953226,7.065745263999999,6.888672368,6.877474179,4.561104655,4.1306674910000005,4.648893076,4.53415269,5.158711555
9.272936753,9.851532156000001,9.513979118,9.419336126000001,7.944092486000001,8.575443591,8.187043298999999,7.723557004,6.742521083,7.380663705,6.057053812,3.71442285,4.157171728,4.251312796000001,4.102908333999999
14.3695145,14.29799271,14.78725029,14.87900908,13.65172387,14.09667707,12.91462686,11.57215959,11.58116375,11.43876637,8.197390801000001,9.292617162,7.061775536,6.3549470910000005,8.475199878
11.61676922,11.39634373,11.73947243,11.828839199999999,10.78802034,11.66992339,11.73589519,9.614735649,11.85687203,8.383926872,7.81413005,9.693476968999999,7.37120995,8.697649616,7.714382734
10.86866099,11.1286462,10.2985614,11.07817286,10.32586561,9.991775822000001,9.852954919,9.341383022,8.005600565,9.073767782000001,8.467539165,7.621649134,7.321261272,6.453787632,7.858574076
9.884231179,9.501870687,9.899435922999999,10.01430713,11.12636193,8.275202041,10.24308746,6.121011352000001,5.480712177000001,6.162154172,6.74817111,5.29318077,5.180450145,4.778039237,4.748731637
14.36084641,13.675918099999999,12.90859174,12.87529346,12.05339444,14.52763411,13.61194491,13.668231599999999,12.46305254,13.01983148,10.01234721,10.08380321,8.179133401,5.84281844,3.275266706
8.838505207,8.378552993,8.291583464,8.395419785,8.840988553999999,8.218520542,8.815534547,7.552159866,9.255540241,6.9008249479999995,7.2214475789999995,7.617315606,5.838515172,4.884578451,3.0941921189999997
9.220359522999999,8.971793332999999,9.99520928,9.199131441,11.10435612,9.093232854,9.611188297,7.033073341000001,5.818239312999999,5.761326574,7.039751266000001,8.006786557,7.045724534,6.9955553,7.709424723
11.06031672,10.28716944,9.918072238999999,10.36779933,11.402718,10.562989199999999,11.32544509,9.48400431,7.371301202000001,9.384315175,7.054595202000001,8.782826008999999,5.935658601,4.7356285830000004,4.97649546
8.579670191,8.424736103999999,9.474185855,8.94526616,9.157171326,7.682113482,8.995328202,5.978226505,4.98524386,5.44464381,5.531726752999999,3.405082452,3.5396554389999997,2.362831808,2.0161482530000003
11.27143725,12.40106264,13.69991736,13.52006237,11.18153854,11.41330494,9.95269998,9.519019883,9.991397926,8.310338111,5.057298464,6.5946120420000005,5.050159821,4.779837797,8.461957753
12.08990899,11.34326354,10.95156648,10.58890563,10.08398937,11.27078458,10.53828333,11.1430022,10.53222077,10.4730686,7.567721293,9.796988717,6.263595972999999,6.676749576000001,5.491684687
7.375527019,7.134755507,6.545513134,7.191689456000001,7.38884426,6.549590795,6.6223907539999995,6.178995369,5.494491517,6.208385445,5.215073186000001,5.194506035,5.177221136,3.8156222239999997,3.221874688
10.7744836,11.72691229,11.97080278,11.75453386,10.93122468,10.58095989,9.522044741,9.308085101,11.01153352,8.142403333999999,5.790679976,7.031935657000001,5.488990481,4.643131767,9.384397659
12.2878132,11.85482291,11.32293926,12.0160989,11.21430946,10.78247166,10.90045994,9.483893991,7.81447414,9.645815958,7.442532301,7.0303154029999995,6.768223793,6.745190471,4.750266934
8.850701894,8.416516686,9.538428997,9.014001157000001,9.655244094,7.90561553,9.193046706,5.978335972999999,6.6219393879999995,5.225697535,5.979305072000001,3.540302866,4.163837808,3.029641358,1.888298085
9.646002212,9.342769859,9.531684936,9.43605265,9.533835104,9.469313889,9.348401797000001,6.802348906000001,6.608816901,6.759460785,3.971967667,6.186815655,5.494950415,5.366411297,2.803771247
12.0144542,12.47215997,12.12482303,12.29470924,12.106003300000001,10.16366451,11.60432541,9.275624267000001,9.544132393,8.798213589,8.896703415,5.911025574,6.508442951,5.542902237000001,5.6135433070000005
13.97269843,13.99662204,13.50511034,14.1459875,11.67322217,12.49060173,10.40781935,10.55483058,10.41677676,10.59469879,6.162002606000001,6.914460328,5.047699582,4.36653983,8.924663015
11.93730731,12.02800788,11.93051054,10.96053551,9.864210663,10.2177953,10.34153504,9.385018774,8.234066806,8.782697267,5.6899917470000005,5.036104478,3.9034809619999997,3.57904295,4.058924967
11.29382865,11.46361177,11.80666538,11.07257699,8.550791826000001,11.00586454,9.946566207,10.55838757,8.172777612,9.878157586,6.718431807999999,8.087483829,5.762525323999999,5.86472452,6.1634786660000005
7.526107596,7.499437446,8.226833179,8.621619032,8.752555822,6.904083239,7.707072221000001,4.538412401,4.710197478,4.400877795,3.193496545,3.546780478,3.419268602,2.311129883,4.392189153
8.700548434,8.76126176,9.636703805,9.000744758,8.83901695,8.719333931,9.286800563,7.258724293999999,6.584730489,6.849552892999999,7.213994799,6.912089015,6.598510149,6.3256413689999995,1.5259432919999998
10.554271400000001,11.03887249,10.79968525,10.88289193,10.66965,10.17896299,10.21616888,9.557507906,8.846288048,8.301263645,8.70319266,8.165117246,6.657379306,6.10371714,6.299039142000001
9.361969568,9.702051396,10.53178803,10.49590399,10.01086832,7.834282707000001,8.187367047999999,6.057442657,8.134501205,5.4713287489999995,4.977142337,5.82076871,4.489330484,3.23683627,9.333427986
9.017077786,8.847712323,8.995293255,8.776479134,8.989257664,8.458247596,9.229125667,8.502742772000001,8.1996842,7.932587842999999,8.656570945,7.344180799,7.0332007789999995,7.662162557,3.425355379
10.64815733,10.10189237,10.15263973,10.37410674,9.689898281,10.43113758,10.46101187,10.08127366,9.365478375,8.999554337000001,7.330543887,8.74743967,4.541369855,4.767554281000001,6.274984031
9.82870017,10.14915146,9.756721703,10.34525595,8.727272243,8.919910564,8.122100775,9.301980079,11.04658337,8.2018054,6.41677242,7.47156817,6.704685432000001,6.213073193,8.317191067000001
10.82510158,11.40517716,10.88116738,10.39994268,9.670048513,9.498821783,9.324493736,9.24719678,8.816039332999999,8.574784523,6.504139257,5.47368517,4.828109997,5.027334171000001,7.504754571
7.596207472000001,6.972270486,7.225823306000001,6.884520231000001,7.518660571,7.254143292999999,7.48640195,7.075203533,6.625008468,6.127152937999999,6.441529349,6.652495727000001,3.557707342,3.8398101560000004,0.990754902
10.52021568,10.64006307,11.24745385,11.19627655,11.54962385,10.06112946,11.16742392,8.402372166000001,7.993999351,7.768132867,9.382130665,6.589524081,6.229891215,4.963423705,2.3764463630000003
14.83796123,14.90478722,14.57818408,14.05615113,10.86486926,13.42350271,12.60636731,12.04421925,8.874292749,12.03386205,9.348856209,6.255893971,6.844152105,6.7246219179999995,3.420811998
10.11401531,10.02109118,9.629460132,10.14899476,7.691447297000001,9.705369173,8.824755632999999,7.122504072000001,6.0736269,7.696164989,3.75977673,6.390072925,4.822007367,7.5876129610000005,4.492362987
13.21457255,12.97538027,12.01393526,12.49095779,11.75161823,11.88039051,10.79148379,11.63759216,10.29345501,11.47404303,7.669027569,8.504713202000001,6.9078018420000005,5.91276849,8.414865234
10.7800152,10.118998699999999,8.922635674,9.617693675,8.480091319,10.80328308,9.512796816,9.992748256,8.103327715,10.12297106,6.811830799,9.807790393,7.862788058,9.568879585,6.2117050339999995
11.26517452,12.03983282,11.73082909,11.75047629,10.03267517,10.83975046,10.00643986,10.25625367,8.482485364,9.609761561000001,8.831027842000001,6.762267107,7.090613662999999,7.44562363,6.489820099999999
9.163991134,8.646756312,8.945539463,8.813417092,8.882934086,8.905819476,9.90548257,8.398621463,5.762171717999999,8.027499857,7.789523121,5.980166521,5.307134768,3.5970719780000002,2.169615164
11.265604699999999,11.11520757,10.87134008,11.83513208,9.863076808999999,10.9158969,9.376144709,9.836877044,10.97571793,9.13949519,6.845828581,10.85014258,6.701936487,9.440732826,8.062119978
10.19741645,10.00831359,10.11825801,10.08370179,8.038709849,10.16816087,9.396490407,8.618787855,9.224723496000001,7.891678957000001,7.955340177,8.684058533,8.050378708,7.070969452999999,10.52714686
9.530984572000001,9.375056336,9.97264696,9.783130887999999,8.106343341,8.597363986,8.998488138999999,7.141319872,5.768395491000001,7.321595641,5.332567958,4.744730716,3.998128121,3.076090087,6.945898946
11.58645739,11.66936926,12.57184768,12.94863276,12.83773982,11.45871053,11.05949273,8.727532705,8.392467007999999,8.009519203,7.347968882000001,7.390675495,7.791169882,7.63221555,7.075804926
12.53148963,12.22532342,12.47532605,12.48533786,12.01438183,11.82141062,11.22662341,10.48261045,11.90723519,9.739410246,7.733478083,9.54767126,6.564040512,6.017736785,5.185023215
9.358992514,9.78161888,8.517148436,9.459085081,6.695759302000001,8.361593862000001,7.212993909,7.740834512999999,5.28860921,8.461612773999999,4.610015724,5.26342252,4.125383448,4.814380031000001,4.86089903
10.99332901,10.14138948,10.456153599999999,11.03521243,10.735792300000002,9.818175207000001,10.70589808,8.321922767,7.817688072999999,8.014330284,7.893227406,6.303703327999999,7.519769168,6.922603238,3.8211031589999997
10.11048417,9.897941081,9.506022889,10.2293717,9.485017441,9.409649725,10.10454698,8.174411317999999,6.861982518,8.133377407000001,7.149430754,7.759595482999999,5.939542647000001,6.726219763,4.862335024
12.73316165,12.64634584,12.11237421,12.08317753,10.46972797,12.31956559,11.126290800000001,11.45318877,9.107936602,10.83239979,8.533197386,7.950484648,5.923299277000001,6.305479902,4.861777818999999
9.791633336,9.769167268,9.102164155,9.22951075,9.243188075,9.180932535,9.355730964,8.314737897999999,8.001439783,8.636073601,5.799663025,8.310244392000001,5.030695215,5.4635416260000005,1.9400222109999998
10.49437766,10.91281169,11.33881229,11.90500747,12.27559797,10.75799967,10.49717281,9.253468996,12.20279737,7.944921517,8.166956861000001,8.196900787999999,6.187383481,5.45007558,7.837268312000001
11.78029525,11.21233244,10.61900626,10.41836669,9.524625571,11.35955359,11.19621605,10.7513431,8.657932612,10.32617168,9.101308637,8.175838741,6.150072993999999,5.594861205,3.3875882839999996
8.117593116,8.109522261,7.9334641779999995,7.434310046,7.741176081,6.304898931,7.532604277000001,6.557983993,4.816795366,6.065259355,6.273457052,2.625039855,2.976060225,1.44834284,0.7472258373999999
13.87794962,14.21351164,13.16630304,13.26237062,12.41399328,13.14802758,12.24254642,13.73232128,12.58383159,12.73005524,10.75851868,11.49065881,8.56602627,8.227719125,8.154861337
13.0106373,13.70328857,13.89696938,13.34136403,10.76401708,13.04129907,11.35501425,11.47798859,12.50904505,10.28935637,6.228624116000001,7.349426379,4.385181446,4.5817992069999995,6.044527404
7.851523397999999,8.622641624,7.80091551,9.171731415,8.66148228,7.030264934,6.827790229,6.239466567000001,5.9196470670000005,6.372493745,6.275468875,3.8140881980000003,6.395936744,5.515086257999999,7.594462999
9.924294447000001,10.99894425,10.735612199999998,10.71743577,9.463723379,8.779238243,7.824613426,9.492079751,8.896452385,8.556033592,5.4275592,5.502789851,4.686966686,4.64887042,6.056447306
12.31544651,11.25817343,12.15936017,11.61315961,12.46436681,11.450677699999998,13.22045821,9.85611476,9.248213239,9.109409857000001,10.09404374,7.164013444,6.253342837999999,6.845307992,6.198357602000001
10.13484427,9.836849614,10.21001054,10.609139,11.10983104,9.350827181,10.95106334,6.985185539,8.340795933999999,6.479563882999999,5.345688267,7.047911012,6.023965885,5.359806361,5.6627167179999995
11.36067176,11.85040762,12.05384814,12.40109938,11.07427577,10.22082001,10.65086952,8.821143405,10.12830936,7.836395986,5.479342302999999,6.614628442999999,4.99173261,5.5827292779999995,6.643820558
12.39171977,12.56828136,13.08258494,12.40574226,11.11202021,11.69865852,11.78364551,9.338638473,11.53531379,8.147080647000001,6.694813216,7.80095022,6.6360432320000005,5.783266361,8.920253718
12.50632203,13.18933737,11.2921671,11.92715523,9.923313628999999,10.97914334,10.49609612,10.93230391,9.384191295,11.05927498,8.425411492,10.18383789,6.788648007999999,10.40195967,6.597713641
9.044520972,10.2555516,10.25374909,10.06706171,7.615792095,7.775045346000001,7.3415120410000005,6.922194564,6.617406582999999,5.706095287999999,5.030176918,2.946146333,2.232488421,4.226452377,8.921207577999999
14.09378416,13.62098425,14.55722919,14.538399599999998,14.25669295,14.63660565,14.26197529,10.71003336,9.911220047,10.29683086,6.608416103,9.13445366,4.917108594,4.205251643,2.464327462
11.18065728,11.5313493,12.18016938,11.49480138,9.559362885,11.19152699,9.423711839,9.610917949,9.814712717,8.695134136,5.478335747,5.894644227000001,5.543614645,4.843259426,7.257900222000001
10.84260359,11.43171117,11.61415213,11.55855566,10.83256851,9.844944002,10.3461439,9.141650825,8.628417946,8.156882118,7.784292569,5.094163194,4.919565642,4.341566693,5.196664059
10.05751626,10.02231372,9.339523306,9.710698286,8.801584176,8.755919347,8.384852252,8.605996902000001,8.161748651,8.450059515,5.901113533999999,6.907193371,5.835429167000001,5.475249472000001,4.398113639
8.907550892,9.292941904,10.22147569,10.06086939,10.03917947,7.380207689,8.502398405,4.798158767,7.18245076,4.80818214,5.20062678,3.1876834960000004,4.907427735,3.742015505,4.143770922
11.23202403,10.1940133,9.349698382,9.63286375,8.974914687,9.851095257999999,10.4925948,9.82423186,6.223052486,9.745253728,8.299054362,5.954446141,5.563744884,3.953293056,3.897001775
7.440542145,7.179215496,7.5837825489999995,7.520681745,8.841093602,7.763308741,8.450958655,5.14404756,3.544203799,5.825779451,6.774811833999999,6.648746377999999,7.440644128,6.718212234,1.2891129
7.245198222000001,7.175928272999999,7.154851978,7.183693906,6.883234497,6.7543830620000005,6.18167132,5.811700485,4.657982948,5.940882719,2.920826223,4.119704638,2.662743323,2.412348342,2.160639135
10.70959351,10.42608217,9.829358277999999,10.297186,9.361712331,9.584506655,9.86194856,7.8326295439999996,5.693451014,8.362305136,6.161215021,5.61167517,4.998473929,4.431330813,3.151998458
12.49487428,12.73652459,12.12128445,11.95111709,11.05031361,10.86174162,10.894759,10.16768801,10.3689109,9.361678977,6.775370285,5.519148947000001,5.003467842,5.503569511,3.4247333369999997
11.59597441,11.20372005,11.11884496,11.24688549,11.61500295,10.48496801,10.82261975,8.665314803,8.841285735,8.211313009,7.00893429,6.733787802,6.1335703310000005,4.800303293,4.171172642
12.15636591,11.76282306,12.18832883,12.47032865,12.92754805,12.00027864,11.3268326,8.738758241000001,9.727225427999999,8.23117064,5.703308081,9.504617882,7.18143855,5.916238592000001,8.774210312000001
9.234790525,9.927295044,10.12728549,9.583680817000001,7.355327598,8.491781693,7.4019547779999995,7.642278900000001,6.221074934,6.993091617,5.056726174,3.491929892,3.64188784,3.866599313,3.701370393
11.72299444,12.09339669,12.51737249,11.18954473,8.129359111,11.74376373,10.10280249,11.30166445,9.717597553,9.790124152,7.193475195,7.680147142,6.05131473,5.242336668,5.096251603
8.952398525,9.035586401,8.449113166,9.015373683,9.47636674,7.53488794,8.163019339,7.332369987000001,5.85922501,7.0221792810000006,8.068864648,5.941819644,7.276022062000001,4.917584229,3.1348046189999996
12.20058805,12.08481012,11.6232235,11.78875622,11.59706328,11.73920375,10.29392526,11.03863451,8.543934289,10.72985895,9.483225756,9.158933277000001,8.908809402000001,6.315038196000001,4.3631408480000005
12.73275428,12.68248795,12.77811284,13.33317711,12.13453812,11.55357099,11.03337235,10.13830429,10.80190255,10.02172134,8.417877145,6.851766874,7.19917519,6.02248057,8.190964763
16.5579292,14.65240316,14.34200403,13.01801734,13.97747009,14.94375586,15.95310325,12.90911581,9.507104254,13.32297637,11.34304297,9.39047274,7.953583354,6.414665734,3.512793109
9.725110645,10.0538211,10.70081682,10.07192664,10.24821267,8.372313559,8.925095577,7.469817921000001,8.979066375,6.858972627999999,6.611925608,4.914802946,5.172392799,5.136831568,5.151803762
14.75486457,14.95463976,14.36672515,13.7362793,12.71194225,14.01060391,14.18668514,12.5649111,10.11014242,11.85859426,9.279106916,7.874520642999999,7.277276369,6.174029085,5.885060585
12.74473546,14.14018482,13.03857511,13.67911813,9.993686425,10.49340941,9.11551574,10.17920113,10.46015922,10.03803173,6.700612115,6.421571211,7.257664567999999,7.647737365,10.47376816
11.87233274,12.10705504,11.75760076,11.97298317,12.22440137,10.75352197,10.82818828,9.801420959,9.072944327,8.747749067,7.39196585,6.25364422,6.053970385,5.621392136,5.499822689
13.48499964,14.15219998,15.33130709,14.86831219,15.21101496,13.80337223,14.87652888,10.71976422,11.109439,9.666003837,11.02748119,10.25985535,8.759974863,8.61975619,8.777696545
13.014751400000002,12.39634328,11.39857204,12.55771842,11.91271262,12.83300361,11.47872425,10.44393166,8.784709155,10.81652474,7.819144594,9.332582567000001,7.200455635,7.4197442670000004,10.04217116
10.85696424,10.713521499999999,9.657080553,9.866086476,8.426419078,9.551279166,9.019629065,8.868701754,6.005044206,8.780559636,5.933591237000001,5.976738275,5.136610677,5.420857151,3.820220903
10.90811744,12.00979379,10.83554196,11.19044941,8.635678964,9.5326263,8.764531117999999,8.870282417,6.34722622,8.782489849,6.462368371,4.244751896,5.88700446,6.276176826,4.162915135
11.47391118,11.95264589,12.75666742,12.36220975,11.25733784,9.73807225,9.927360423,8.624839426,9.934101153,7.376420776000001,6.966263192,7.216325027000001,5.962687441,5.458610646,8.105427902999999
13.57554912,13.30702388,13.2476155,13.09867352,12.80867531,12.91994193,13.43746161,11.17157096,12.46669785,10.49252571,9.796090407000001,10.54463974,8.270153599,7.820152523,5.861067451
13.77986138,12.12140414,11.66464763,11.26753456,13.14393807,13.50278973,15.35648735,11.505695,8.016106196,11.48985186,11.64348994,10.72383819,7.209335459,5.262787906000001,1.236755564
11.94332991,12.05883152,11.780007199999998,11.23758478,9.039007076,12.71608554,10.85472098,11.30447584,10.96105916,10.30380557,5.898680833999999,8.537668444,5.377470401,5.087073412,7.912674298
10.46551,10.18098022,10.33034754,9.758036123,9.666709206,7.94944995,10.28822182,7.353801675,5.839614835,7.271646335,8.602579007000001,4.898860255,6.447017924,5.703711996,2.694026605
10.60592686,10.04212379,9.275063202,9.975589207999999,11.34117481,10.41631421,10.24944223,8.403446036,8.072135725,8.447486593999999,5.943687784,7.27352101,4.183483063,2.692920198,5.004383427
10.14199033,10.53083085,12.23949138,11.97170778,11.72124894,10.23295845,9.888672698999999,7.822030291,9.130359889,6.948946717,5.817392172000001,5.513933089,4.9417612989999995,4.791203328,5.105700167
9.786659327999999,10.57162146,10.68044647,10.29467405,8.033628183,8.912629205,8.192397488,8.352386088,4.47007414,7.969646578,5.610574351,4.398359105,5.360616912,5.273353676,5.2805358280000005
9.678343285,9.725881742999999,10.16153545,9.622077154,8.837405215,9.165236819,9.707364542,7.615446409,6.632163231,7.332582877,7.262719875,6.232634785,4.7372786730000005,5.112496859,3.7237991760000004
11.525600099999998,11.38848303,10.79352597,11.49418196,9.729313695,11.54514268,10.32585222,10.60385173,10.16308281,10.61933097,8.226221143,10.09833326,7.042982445,6.963610572,7.536390848
10.51057552,10.52886892,10.58620729,10.21902536,9.060300932,9.938951261,10.02054674,9.364113423,8.918749161000001,8.796417226,7.51466221,8.502794516,6.817087261,8.469610699999999,3.10747254
13.77905269,13.05405147,14.20957259,13.49066641,14.15902851,13.01711501,14.40824945,9.790092279,10.54492736,9.699644357,10.81186373,9.091566605,8.672262077000001,7.302204047999999,3.867261205
9.948361594,11.17934981,9.95356036,10.92864819,7.615350022,9.791806337999999,7.390877582000001,8.417812251,7.721310062000001,8.987753803,4.571689763999999,6.261435929,4.19301291,4.061981879,6.82911983
12.704434,12.55330803,12.45536651,13.04048914,12.74022767,13.18180596,12.15135115,10.59826884,8.047084762,10.63545642,7.992975593,8.63010606,7.749730736,6.1745051129999995,5.382686274
13.20692992,12.74560665,12.24274227,12.51017015,12.820975099999998,12.03707746,12.730813000000001,10.21745859,9.275339047000001,10.81455215,9.357097971,10.25543497,8.507129614,8.421110617,3.7491932969999997
11.38290204,12.02869178,12.30455704,11.85722433,10.87103113,9.956940105,10.62095341,8.612789737,7.543975952,7.766417289,8.244502666,5.02222166,5.168672696000001,5.259471831,5.647962153
11.406952,10.99451327,10.82051608,10.65018459,9.438309307,12.66607979,11.43025907,10.59562867,8.744597961,10.1241091,8.135849767,8.619049948999999,6.172218282,3.8089786130000003,2.217412265
9.065192911,9.63459773,9.78212986,10.01306436,10.60575323,9.061121683,9.032971202,8.596178854,9.831000873999999,7.561457702,7.350793072999999,6.815847582999999,5.0280333630000005,2.521008338,6.027034106
11.15729412,11.21667227,11.09257244,11.09335694,11.25723955,10.17777278,9.795440854,10.06975429,10.1039686,9.391357671,6.792035533,8.281535362,7.162903864,6.047924417999999,7.015759892
11.54675908,10.76349424,11.03113273,10.84004202,12.37716824,9.833550824,12.19339781,9.066074683,7.401830887999999,8.472778222999999,9.877844143999999,6.408405232000001,6.583526486,6.6361715320000005,0.1447229168
9.908310621,9.451417996,9.418908412999999,9.965472842,9.926965204,9.237767096,9.93236809,7.832694097,9.434912418,7.512189104,7.912270799,7.500714492999999,7.260880507,6.2554143060000005,4.448738509
13.03880146,12.86035144,12.26983976,12.237988900000001,11.65203858,12.48276056,12.37655693,11.40417648,10.31171242,10.73148997,7.938579663,9.535459635,5.760856379,5.636302038999999,4.310079859
10.54845287,10.30742794,10.9334925,10.791669699999998,10.58061182,10.21931937,10.90620188,9.140851984,9.61825493,8.536998707,7.729510301,7.471397126,6.9954220760000005,6.232787912,3.570082251
12.35983551,12.56810362,11.45343978,12.85539487,11.81496277,10.78120887,10.23654691,9.770188674,10.00675881,10.06366691,7.296966749,8.246479969,6.979609172999999,7.200454354,10.47864388
12.11945998,12.27288977,11.29429161,11.12368402,10.88763173,11.1402392,10.00228229,11.21743908,8.597053258999999,10.91906082,8.109145402000001,7.592077173,6.730969435,7.03960018,2.987754259
13.08825554,13.31602834,13.05867136,13.42638192,11.86348898,13.00530597,11.81560549,12.01695035,13.01090563,11.32508358,6.519464407999999,10.51531458,6.774274439,5.9315793370000005,5.6469750439999995
13.14158057,12.62369557,12.49381275,11.91958443,12.22414703,11.38142379,12.94465505,10.34859102,9.696083851000001,9.721759284,8.404597163,6.382561443999999,4.979125227,2.957353733,7.457557657000001
12.30513052,11.68445865,12.11243646,10.80480704,11.23361934,10.62925311,11.24478484,10.73097866,11.4182959,9.460203225,7.539691922,7.127821042000001,4.162858264,3.836184613,1.579691353
9.145509367999999,9.412287482,9.860197184,9.886404716,8.633472422999999,9.005366986,7.868607956,7.46520437,7.486247282999999,6.904285597,5.18159056,6.994462456,5.507690987999999,5.418780137000001,4.631365535
13.05875311,12.36271013,11.47308602,11.76399018,12.02275432,10.50115013,10.84560783,10.68849801,8.748999149,10.92853233,7.564634109,6.914423857,6.257495324,5.044556216,4.447654459
9.713151642,10.4522337,10.65733012,10.82468619,9.027880834,9.877142482,8.483225397,8.577393192,7.955443187,8.388845943,5.8237055,5.884856906,5.808708644,5.67709837,6.41386525
12.17896739,12.63769271,12.36131301,12.73771781,11.31140964,11.67549509,10.59600547,9.682389472,8.351089432,9.455512062999999,6.78929626,6.633321042,6.156160245,5.937414753,9.038135405
