IC_01,IC_02,IC_03,IC_04,IC_05,IC_06,IC_07,IC_08,IC_09,IC_11,IC_12,IC_13,IC_15,IC_17,IC_18
0.134336517633193,0.13853349525521153,0.10702107175953968,0.08761436343675721,-0.09889353679806856,-0.15896844585339198,0.06642164666210726,0.21391046095971733,0.09547279832037359,-0.17998611411439924,0.020341037276805363,-0.05292358603409464,-0.20399526455434724,0.2175268249763298,0.24444200467101912
0.28915486089627884,0.24520666470257546,0.2689529597693989,0.25280957008244687,-0.251810673668337,-0.3357300168432724,0.16492900343786765,0.22643504161573347,0.25781123887840773,-0.3341912376776026,0.2460562311860841,-0.22934232729287363,-0.18890376828875444,0.2681527205116929,0.2402416080821263
0.01396656729335466,0.1687457592196504,0.318629470287362,-0.0028146124065824285,-0.3588129073453854,-0.09069168927114402,-0.05490911685653099,-0.09831816320900533,0.120174753922484,-0.02982243371297466,0.117082973015886,-0.3220458377224802,-0.13469014455732298,-0.4981937369811604,-0.33839866700851595
0.2081490803807995,0.2253613719797105,0.29131613022881475,0.1454868687544495,-0.22849919493440063,-0.39544799617897364,0.22457770848837777,0.20471615911822183,0.13541375945277556,-0.3811337465593103,0.11606478512834095,-0.0922384195877688,-0.19132328245866037,0.4865870881665132,0.4144684962780546
-0.07736984272331249,-0.11977192724965047,-0.16691667410540467,-0.07709005301728067,0.11636657716281151,-0.035398904081503924,-0.034347253667681876,0.011982168500944468,-0.08491383222847038,-0.05368551759384066,-0.19292882379962228,0.10922401970133433,0.27720287231553864,0.3231207693167333,0.40134703164888175
0.135960601281768,0.15084521402537932,0.13298723575681137,0.14698167800045536,-0.13656921887117757,-0.10178172877285108,0.19428391866266037,0.13236401372223594,0.17771742454386286,-0.1117021228696029,0.13369632055816894,-0.21750134802003496,-0.15464214466826998,-0.13272897183722754,-0.14608837983573658
0.08229636532251305,0.0996511821581223,0.002169851003093193,0.03811805360882192,-0.012315080291959601,-0.023501531922931695,0.07764041408130562,0.04291486290542412,0.12911452257665412,0.07217271682588566,-0.031639887750385176,0.1615669588160875,0.07550801172379029,0.1897715060046153,0.07655790544557378
-0.04012006519506395,-0.09862879526509083,-0.1328839961431849,-0.07754357152813562,0.19850890810831956,0.20351878433334725,-0.26017729870435913,0.06436248168876291,0.04205383655018413,0.21028043052951162,-0.017575120927481258,0.047137174996586095,0.5025731028209726,0.11739895636767272,-0.16285773791039895
0.23586048880823363,0.2435551906457325,0.30999091733305084,0.18456331342848742,-0.23466238769573566,-0.22039256206419333,0.12963400161369676,0.2631000720903025,0.2282751882918812,-0.23197629557463695,0.2947187235405,-0.36442391844182254,0.3786321461197202,0.1077506576698899,-0.1168943372381206
0.3261863678661705,0.4859335781242913,0.600836708672549,0.4366230351008602,-0.5661793521564731,-0.27032586833118843,0.19963705737163395,-0.19287139716750112,0.6333142416546629,-0.018775168155975575,0.9120096105334207,-0.4649449771582497,-0.4591993463169425,-0.8453581355483657,-0.9260622831407356
-0.17638731225643656,-0.16918092066952073,-0.179232643124831,-0.1584284696531133,0.15962796877425078,0.14443232050213317,-0.3326239528802657,-0.09113739843935864,-0.11952324369076273,0.1449369249952024,-0.08756743103586873,0.3037714271323899,0.33824983926965047,-0.0030128105405780037,0.2286620763856657
0.2776413940121032,0.21565379869221069,0.22355881156248447,0.23222027727874495,-0.18349196305436832,-0.24066591995185949,0.12342569791568692,0.298059077011126,0.37928325541750607,0.015320223857597126,0.33841389356131146,-0.038190889735536526,-0.015022576232403884,0.20679288088350112,-0.11741770329161914
-0.14606524826503864,-0.18484977845489747,-0.27425287995952585,-0.07284145127444508,0.24894868295405237,0.2743741404755071,-0.08335011633197742,-0.08336677969873563,-0.10400011116936425,0.4026570125225888,0.024139982296423224,0.18269094529464747,0.3621592151398426,-0.01819641137261957,-0.15995488661541646
0.09152721989643808,-0.025120252520383968,0.02553931785918717,0.020347437220574083,0.04955216643348681,-0.13664172440711142,0.07727755846874751,0.10748556686946098,-0.12265601425191397,-0.19555437743284232,-0.14215770403510186,0.1600563142937339,0.08393739661502675,0.5197467757418065,0.5238288763654442
-0.014098150509672447,0.07388005556815402,-0.012999663352019963,0.044151512242892155,0.01903955816567171,0.27192517569621644,-0.06569607391890142,-0.16302496969711977,0.16618439948235308,0.3482353543929628,0.3437640307160468,-0.30675774138537903,0.15002059009426594,-0.6581215678149874,-0.7939964211498298
0.22239299808323088,0.22851752237902478,0.17449624895314342,0.18475224758021191,-0.10982780746274234,-0.10588881976091735,0.13522255608389333,0.046062867063849655,0.27391185195275347,0.053254617642549684,0.3378421303743995,-0.26424146578667673,-0.23261362671130392,-0.36996976068453236,-0.41884644113653147
0.009922099282084762,-0.05146426158805473,0.010495298375333473,-0.0012182915985570197,-0.004499415565080822,-0.005327557449404496,-0.06314916121611791,-0.015913649506846594,0.03694387225318474,0.018117418812310104,0.027496730516334056,-0.05233135935056232,-0.10420325285640253,0.012295327512973242,-0.1405343879799521
-0.017448717805625735,0.02356759948147702,0.01339972911759113,-0.004408890905616136,0.021314650456399686,0.04356590891255063,0.12805307665602683,0.055802836543119794,-0.18470533464926664,-0.06076355750743678,-0.13534602238509374,0.08243456903513335,-0.2641359980003273,0.1497141362700336,0.1137749881458405
-0.10319186296365546,-0.09082963161858681,-0.1621383879688003,-0.1048353971091549,0.20147727745482125,0.23240689082467658,-0.09219952244821927,-0.09229745965353509,-0.06314054838578165,0.24070640490283335,0.011888766711238397,0.19035239349213362,0.0690568305861552,-0.1635442269833508,-0.18523054739016048
0.20644766404171988,0.306680810614955,0.27455736335853453,0.20599441623610493,-0.23749952726522294,-0.17165665414673215,0.25952472325068254,0.09322527079740794,0.2457083744689308,-0.20044143817667393,0.15660157515349504,-0.24672162845766432,-0.513817100106583,-0.3789316701185521,-0.27644449553643974
-0.0557863667716092,-0.07204626589714835,-0.08171543839044393,-0.10034872933360361,0.12880501467633154,0.05304691797426053,-0.07439066767397673,-0.1480480074264201,-0.10039096456890562,0.08002361874594932,-0.05005991378731234,0.10672678596717677,0.07354427126711682,0.1008834710756159,0.10815804811184093
0.0004411078329453755,-0.008716403803379125,0.01873167557260258,-0.04942646139638929,-0.018493933144462238,-0.08397965964257326,-0.040823007753187035,0.04906800693858426,-0.01431240029703873,-0.12058905975076417,-0.1071990693853444,0.14872801792789891,0.3674842239874041,0.28984230220895596,0.1889883254873907
0.11818589650002709,-0.01633644636185716,-0.0030977265377551966,0.10213529750198846,-0.09563117341777594,0.005435794593098731,0.037039844286633095,0.16189734086478302,0.22604199639336153,-0.03436690879221538,-0.03324281388222228,0.12120404402288032,0.002546055458858776,0.2024510383873852,0.2464894504648797
-0.13572929798476863,-0.12790054404670537,-0.03249460595158271,-0.1997299206553078,0.12610981436296864,0.11204814908330474,0.050639231064269596,0.03556823872573256,-0.09512835097379613,0.08092627905901839,-0.15201366201441724,0.23579236312069818,0.30525825571504983,-0.08066205003704063,0.07049736319343064
-0.11395574148741416,-0.17380791290742037,-0.12343869073202285,-0.18303634137279978,0.2037300861061393,0.17156485040518854,-0.18759709315805484,-0.005336167021748883,-0.19922747200800983,0.14900025382333082,-0.14800746272573928,0.005602289377911962,0.11455281414450824,-0.5182570301852312,0.012984994693825858
-0.050586302010039,-0.03936644555553048,-0.055758586819784295,-0.06509403813222603,0.070992763471186,0.16919951497128016,0.07089404933389254,-0.1271500927578204,-0.053438387884044536,0.10867803726636471,0.020971916448595085,0.15730521474836512,-0.10627177733434245,-0.21355578252677276,-0.3092361804178694
0.2898218321083743,0.510248781414451,0.4319878151529881,0.3650104528879805,-0.3878984537692698,-0.32215505219742324,0.17778962570342838,0.3652734531766737,0.3494137000904728,-0.3477422469877931,0.4681449413269305,-0.5432321501527597,-0.07127685678862114,-0.19658470739048878,-0.20701376779929295
0.007135318744470043,-0.07409507992078934,-0.04035393773691842,-0.005000504481756263,0.026416445591379567,0.018110538833649104,-0.13487352490680493,-0.020687529449338937,0.01724124873086108,0.11142992050729816,-0.0180436637699819,0.01666534813466991,-0.03329045912694517,0.03870190804370044,-0.01092649522994954
-0.057764485137018484,-0.06024477359399438,-0.09064566572712107,-0.033029669246711135,0.11665730856516321,0.1649748904623629,0.09105717430875471,0.010304340587542038,-0.14155737514485112,0.10728263565869733,-0.012297174022090074,0.17207576591666496,0.02995043747863435,-0.15620258638315965,-0.02014142770425606
-0.23419240003423014,-0.1737044033905648,-0.2352580436441276,-0.14399473130958995,0.18897686453796947,0.48581642488247034,-0.28999469796279853,-0.3058878072233002,-0.03196111242218036,0.453116990603849,0.057398404034454176,0.02673533134460393,0.20204595411278348,-0.7276655241099768,-0.6955108447036626
0.2535554214184741,0.288580895568042,0.22284057181516959,0.30159743122279603,-0.22041532330030944,-0.12495011785682375,0.2456591851096679,0.32735001000834774,0.22100283485149474,-0.14998117138349998,0.3192896051706493,-0.338740839465806,-0.384407141631276,0.16891852219102943,-0.1644064503703469
-0.04736845770135201,-0.14079748159300887,-0.13817326738157565,-0.06145021940200124,0.20146402586245227,0.23714767171798323,-0.2876055911211961,-0.2295296027676592,-0.030363956545991888,0.4921790424741235,0.22708122278275567,0.19568033936151874,0.5128393584568429,-0.5546113159079271,-0.5585212525394354
0.17933891940115965,0.17596959742836193,0.1284758866718878,0.16750639866997186,-0.1712876041214113,-0.16192631779154443,0.2307911164920773,0.17440562864113351,0.22954165208204413,-0.225578849054054,0.1522632955822123,-0.08575955180541106,0.02049226653113534,0.2561775398210875,0.21089359212118014
0.08645952321696249,0.1360602116220817,0.09428176938420796,0.06375107244988354,-0.13208993202778574,-0.019230458511189097,-0.008026509674602611,0.17592597895686657,0.011391314405784447,-0.148331504420125,0.21539113570014856,-0.2226176974032672,-0.2927148760422802,-0.0625852156545359,-0.09412540109072243
0.1291576059500752,0.10814640882062032,-0.015006743282040436,0.1666597041461213,-0.009708660193422647,0.007526754113496015,0.022686807506829165,0.10798558682663728,0.11496509033369762,0.168473725111562,0.24014155448498475,-0.1996220570613536,-0.44167467487233303,-0.22681715486351606,-0.48490811444705795
-0.05458755408664562,-0.09845559382844615,-0.033875604042576724,-0.14756569442973344,0.02187918251510168,0.15739005489502955,-0.32183681446463397,-0.054843433060552504,0.33312095181041546,0.4257891618271936,0.29578799900505937,0.2847705185290441,0.7346208517108422,-0.7606546966516793,-0.46831050490517134
0.23040816322549484,0.2209017677598044,0.197754362474855,0.21680938986648912,-0.20084746113121166,-0.21432652082140735,0.18122813375994573,0.1185184400580297,0.20685056668411872,-0.1817330605164904,0.23862392423276169,-0.2612256336775505,-0.06468700656512372,0.17387160769714605,-0.17346757605474722
0.12112095186138139,0.15720341957450512,0.17983877207257049,0.19900608477519133,-0.15639093625941158,-0.2253672429037541,0.28314982384824505,0.1648883653073867,-0.07689192953538293,-0.17224341072007254,0.13449066572758772,-0.047170229007178266,-0.48780339779161874,0.1552704431287435,0.19138972973496837
0.25735420610310045,0.1668481053210289,0.24054948424469913,0.18043859816432306,-0.24374538065191564,-0.35374240959944925,0.146175086924194,0.14239977328610487,0.188389846067756,-0.16535330870453802,0.19311670421101246,-0.03545219575882497,-0.04171529672923735,0.3136330174592812,-0.014259501550275083
0.10445194165482508,0.13024270149221873,0.07137282637740894,0.05544829417560826,-0.044218860468595134,0.0729560681744097,-0.004719412600388884,-0.15050726119229152,0.1748461743158538,0.2841441940626164,0.3349521973595255,0.040630955520205125,0.26590690715011367,-0.5052327042056588,-0.6198137479884958
0.03074201959437528,-0.0447811935592517,-0.001389350153886193,0.015691292531834877,0.013762624829902537,0.0470316529081225,0.08767782330158425,0.05288015432807813,0.11553173561530627,0.11487025418002239,0.1579002652157706,0.03308896712106968,0.14079340343021607,-0.2638810992621652,-0.4561029201237499
-0.022885684386523053,0.00932619622016273,-0.012211291319611073,-0.016680049771678362,0.059432814629528874,0.16190690543073272,-0.03635636865584435,-0.06163574651942061,0.09980172201402748,0.13168767946905868,0.0397882576071662,0.019247333631254415,-0.0555780489048221,-0.49739394259825775,-0.42812234278284467
0.3424480845732929,0.2767462421555409,0.27264058184438844,0.3065117626624476,-0.2700748732312046,-0.3292856297774174,0.3520222428772324,0.33260081725306545,0.3258558934350826,-0.3834774762397435,0.23835308978669323,-0.23757080046940504,-0.06674088578835957,0.3233454207525335,0.0740564370035891
0.0007799006306457024,-0.03448144918460638,-0.07064457968677429,-0.032611466965913216,0.048859802927548435,0.07675323436948811,0.055115257218540936,0.13978349409512192,-0.03174230581123938,0.04527675541770182,-0.1261608478850189,0.10882132784325527,0.08872408322553493,0.06696489614519174,0.1571611393866128
-0.03851633231620877,-0.1154681232155228,-0.014546448580208038,-0.1430511594690016,0.007185294676647969,0.004154058134060001,-0.130277852054959,0.07154895883772827,0.12274667136899042,0.08133853945366987,-0.03724762000122239,0.2204159925156075,0.47362871392794625,0.022739355846536635,0.12427813532349118
0.029803077268311995,0.06620987953616053,0.10216957921346648,0.0744820083169837,-0.1329686081515984,0.19543373729124025,0.003023377810941419,-0.0018755610155469782,0.22118740242291834,0.29034790529439936,0.24834652022317538,0.19067822177160587,0.26255188992129974,-0.664091603306693,-0.8688888553850292
0.4187191254402791,0.5716618520710284,0.47492163019122957,0.47142378658505635,-0.5001291353600548,-0.3070605991037718,0.4054902929596942,0.416053076881032,0.5287153424657192,-0.3127809028207156,0.48179082233091397,-0.38497507891912397,-0.6999937697946834,0.057268029984484436,-0.3528347863496278
0.39805367240799483,0.3607356592822759,0.36551414122967874,0.3038462239089821,-0.3162643972950663,-0.29316816797903167,0.3077217993708552,0.3488339492741699,0.43294691362719573,-0.29985586476540416,0.39911094747505604,-0.2843877689153047,-0.130729846008121,0.03170828536017989,-0.24140320456170705
0.3751289727482525,0.3825994106724224,0.3279666814873792,0.3666989383927064,-0.3127608048347055,-0.35175847291827966,0.37092120793728656,0.33205903325094566,0.33669839556293457,-0.38373741805904316,0.25859053653306874,-0.3274903857645355,-0.47964700633472923,0.4486324463799802,-0.045477739559950825
-0.16231227391171577,-0.040788971077454717,0.2068845979980405,-0.31597805662974965,0.09719913178415984,-0.3915381335920112,-0.22574718147734418,-0.4763528984959231,0.16045509981239325,0.09266998470795795,0.3703743364865062,-0.35188302217284684,0.6293423074523089,-0.7760371970070475,-0.7321564060047459
0.051298496973949836,0.07287930904905493,0.04766845694679067,0.09068889728067298,-0.06140007056027086,0.07120472831978808,0.03618700447407375,-0.11419009604274222,0.07171812505327013,0.15401942522699796,0.21681262656327172,-0.18100448835777372,0.05638996479319802,-0.42843223648516915,-0.5999539310804224
-0.14552724136811834,-0.152775769448388,-0.07905061242976785,-0.057987334395772416,0.06904603435613166,0.2207986277724019,-0.14922243517745937,-0.14184691305060926,-0.1692218720047023,0.19547990352720723,0.008819566325996453,0.01640071924932074,-0.1732037753990303,-0.32765911849739027,-0.28471665534632196
0.04392729923716998,0.07904482041993455,0.03895876421090683,0.06158833433095556,-0.04240581231440954,0.037162491727990465,-0.0800631988081224,-0.04526135976564061,0.09027851849066648,0.10383727702608803,0.29307063210889317,-0.15633143839114183,0.17759375148027656,-0.42568076605331384,-0.5357264926064736
0.2726931756163553,0.23697916257941198,0.19818299870752187,0.26005639988280604,-0.14869315596547739,-0.16219750866268767,0.2072083646043439,0.1742486228959732,0.44737776039579824,0.06672271570342492,0.3970024120799258,-0.14911199111297924,-0.09311946998713627,-0.4821536185427284,-0.47404348400894214
-0.25304391511942725,-0.2646084576133729,-0.3457700687057865,-0.26689183125572224,0.2974798548051494,0.25457137642432404,-0.26785325153387385,-0.22355386065141047,-0.24924056446162357,0.24431257937196982,-0.3105676232115486,0.3621151909763278,0.025177318911553837,0.0873161682856114,0.27521944170514734
-0.21343386992382563,-0.237182139678068,-0.2252246615707325,-0.24280143894305772,0.28557314453325033,0.23695396969425797,-0.10078713722229016,-0.23931011735201224,-0.10278372809673852,0.2565591501814932,-0.2944443433987931,0.3240896243953493,0.3554865348348666,0.06763963226474301,0.22731853939949864
0.03701163233158833,-0.03124766477927099,0.0034319769182826754,-0.011317521612252524,0.023183364492523895,0.0456314433522691,-0.04447019622691628,0.03309821752094089,-0.024890541404251065,0.10097979231947152,-0.07332980532047406,-0.04663199667083706,0.025814653832757495,-0.07184984730996846,-0.12815232278663852
0.15136280524783663,0.1301569381728076,0.09830043683347123,0.17331556245640467,-0.05897240190099029,-0.11800678301409562,0.1624726176453517,0.23545713682357694,0.17674547145516684,-0.020236332526605505,0.08310688377209163,-0.019612027185769598,-0.026555102684862275,0.10208711164082684,0.06366644082435616
0.32714372112867207,0.4492832788173593,0.32944863203141317,0.39426556025402326,-0.40440522310694393,-0.2724280318036021,0.32318126379209056,0.2726007797020831,0.37212281479067144,-0.17854238472316397,0.45692270668513024,-0.40573200185813785,-0.7531961180688062,-0.5635263134166671,-0.5705292951631759
0.030928697940259542,-0.0833081878154982,-0.03890223163639028,0.04725898383911953,0.10382496579013045,0.13694876481143126,0.04341611045930627,-0.05060974959496645,0.09461350187201367,0.24018861271053416,0.18932555238037463,0.03366419815459176,0.15697781274624922,-0.13479742116564242,-0.1711713932834818
-0.02460637766300966,-0.0013276840692570957,-0.024577774745799363,-0.025168022705271298,0.16960383221048603,0.09697340505400498,0.0518908360301813,-0.04457691923328411,-0.15205699221672342,0.09526613093410563,-0.01614215770094085,0.015431107704821034,-0.07624002860353962,0.2032303892609182,-0.11851722446710192
-0.014454479690364064,-0.1426885926814916,-0.17130844131089606,-0.08114971059517018,0.15468865973875245,0.04087904211166782,0.0013810465706936004,0.033889086953259095,-0.3290523168430679,-0.19406998395749975,-0.4115077024552871,0.21140680754778662,0.5367588824401677,0.5052431330166626,0.4106002803851797
0.29377380536960906,0.24417371755762018,0.27112454194662994,0.22224234156457356,-0.26612769686975213,-0.3091426514109126,0.15164799580651378,0.16101669104371852,0.26421256700590146,-0.2222964455779186,0.21774004109235734,-0.14965022028089203,-0.01862888171795385,0.20814036503582228,-0.03615520127840109
-0.04655235375444389,-0.07766899038388209,0.08026528958980728,-0.03747409160778492,-0.0737610264726174,0.09071210017108555,-0.2877542027738229,-0.24032233196676622,0.14561465094011683,0.32870736748817575,0.26063964389509464,-0.06849497692237416,0.06400978664211543,-0.3634282486950552,-0.495233199991528
0.01055720140400962,0.045689944150533846,-0.04077419022504403,0.021916570780100342,-0.004825699956624296,-0.01124255614581271,0.003908238353956595,-0.11221606445394339,0.06558758617803773,0.05607396141758225,0.043963042166642374,-0.013168561257292932,0.17604353942837858,-0.06634751675821005,-0.04482431222929199
0.08520870976953598,0.024462245692418616,0.03743518797802925,0.023716170937589265,0.06613173924994165,-0.1125976893408771,-0.029056592697781936,0.057604721330961395,-0.20600267622218427,-0.11059060282500188,-0.1546471568743948,0.03796707939453703,0.08076852714758664,0.14759773561527156,0.30018600398547
0.05804338665036268,-0.018380330236176468,-0.05810174363777176,0.01854665932538757,0.1233338335877665,0.06468093916359252,-0.011948507489248916,-0.17064297431304376,0.07868179815128395,0.15692554500277978,0.0051008399522363135,0.17045238773468485,-0.4846216243047974,0.03054544567816453,0.013276613795936809
0.007762680817241963,0.020649045844652658,0.044999034001322435,0.024313166162210242,-0.030669613298540233,0.00871923659328222,0.010588328668858393,0.12286286702835003,0.06303221761986189,-0.04820236177720516,-0.05852655461896217,0.004103516545866492,0.12793129896426425,0.04184918331417453,-0.05012721608652748
0.06026889204726338,0.17917639564493926,-0.027392944256427354,0.09037534876505426,0.011375184738176891,0.10832268803146072,0.10844450271927575,0.09776782406093076,0.11069465301501924,0.12420578956959805,0.05039317965432355,-0.08453236840759293,0.08002726727065945,-0.35216742747904334,-0.1685731527212395
0.06604945236021198,0.07915749597343402,0.04715230504001022,0.09732726420796234,-0.03280821595965944,0.13831328220916994,0.0011723287021971895,0.023498864905252992,0.11218107393081045,0.14227839152299437,0.23895507180551645,-0.11064543225411527,0.11591082710163247,-0.3615678259813697,-0.4581147595832272
0.1778854159136749,0.09557308130270781,0.23024706613734902,-0.048418368942587664,-0.09605649985150588,-0.09630322969728833,0.3854814957514685,0.26223447446725445,0.3191061179048347,-0.18826650999579564,0.1826063281327719,0.20103894116286947,0.1824759457812849,-0.03902603016494249,0.031766101906521266
0.08590816820797453,0.18636383541386792,0.06531072279777228,0.1232760871942673,-0.07123221404480495,0.15681484351625663,0.06589818456612972,-0.21817323480217565,0.20838895100882082,0.2527136130187382,0.3293111149915502,0.14288184133931048,-0.3222799361703934,-0.1925604197816707,-0.6078644146759474
0.12093604257404378,0.10859667261865047,0.12962138831473524,0.11865457799641188,-0.12605019003607776,-0.13217044395840505,0.10517667686268983,0.0787930345161647,0.10110999840373713,-0.07418328000052399,0.17995512121640256,-0.10367181899957711,0.06870062040842506,-0.024127790227022605,-0.05306436203350584
-0.0029051348594282267,-0.03174018050456873,-0.06980407935988442,0.021259041588172156,0.049372790611631245,-0.006669099054185779,0.011390814773821534,0.09990466570800716,-0.11846432884942337,-0.012278055446472536,-0.14072766540884718,-0.002984155431022817,-0.03668026445571204,-0.3393972210789847,0.2583061361267617
-0.07424003233765641,-0.033831103057210044,-0.1436341974126436,0.0086092526474002,0.1422168561433257,0.19189975801526638,-0.0018985600698013805,0.0234638410321375,-0.11882246561429932,0.202185830908868,0.0904006773871644,0.11140430879264462,-0.12575278329031092,-0.05576762790970902,-0.030386326056236812
-0.07972540436933317,-0.0915355267030924,-0.109680751116366,-0.007909656568581891,0.26753065905418727,0.1926771737020574,-0.16905047140630813,-0.09778234947775033,-0.11929225647473918,0.4742835925631298,0.14212587012815625,-0.267822126564943,-0.25040868990741716,-0.31860255765316664,-0.44071967830386627
-0.18124933464857462,-0.23479440543607555,-0.2123533088091092,-0.1872656962375725,0.2118457830306335,0.2829375877134368,-0.23982830990147863,-0.1850534449590926,-0.1177286103653612,0.314721296404028,-0.08875137149587564,0.22646673321100708,0.39101697001903735,-0.06550262889286762,-0.12259176761433668
0.1345162965648259,0.08660456679018491,0.13098209318475318,0.06647057034246218,-0.14834343941892092,-0.06974772295635012,0.12868763143881456,-0.019342430525396193,0.16318899343377447,-0.08056665616243297,0.1458580376014087,-0.04204796085274398,-0.052200611764115834,-0.09678077511421657,-0.10392187656238798
0.186260097355754,0.21424263356351814,0.043419298404486106,0.19509593188667296,-0.07710658986023122,-0.1962767331450983,-0.01480363359514758,-0.061399517962556605,0.1393977709587264,-0.07120751046274654,0.2387357596121561,-0.3418221268203141,-0.03155208850107727,0.1263713277726406,-0.034146697266905675
0.22221149748709768,0.14543152515466207,0.22334605922239503,0.16051525750623008,-0.24225756208409588,-0.2811427551946648,0.33732326385084255,0.26805080843575557,0.09562206811943819,-0.3439636484146462,0.008650759663560548,0.11805871643962362,-0.45851887218333043,0.37090180015213126,0.365107557601263
0.2761417353272402,0.15905511813272355,0.25190812659304385,0.20659522784564466,-0.21676629657223478,-0.3416194064447804,0.33570893453228035,0.33589165766076556,0.2074751352172921,-0.2179230835098438,0.21962356656239335,-0.03671706677752007,-0.3489009591802994,0.38769303050501414,0.6109043896849425
0.2895699391117148,0.2754906821027656,0.22081658056018472,0.2267515414618435,-0.31428878093363477,-0.12732332068965047,0.20743223564685098,0.29331161770291114,0.23182917239264356,-0.2616570997704768,0.20731998027933596,-0.03804054719341332,-0.5043823103521645,0.23781517998843682,-0.008541646447874918
0.4764117584281342,0.4513354291168117,0.35762091272023855,0.4207583202697358,-0.4120384967953974,-0.3750619899101806,0.5408449338481174,0.4111908474439432,0.41719331730105247,-0.36503547693966,0.3324308560501199,-0.1773444712314931,-0.1991488760342407,0.2799196539868567,0.15013508377908316
0.1450522072767768,-0.00332677834391637,0.1962254530781644,0.1715848285839785,-0.10515297125935219,-0.18150673414243212,0.13964087563034888,0.08187862302484472,0.03189427322098526,-0.2791127373620106,0.1255299845343103,-0.16694428772332826,0.44365747107488596,0.0176424291565227,0.03601404810891579
0.09447103861439965,0.11712775575272172,0.08495694700770096,0.10088514449623376,-0.09219018398859835,0.04806011446573688,-0.09114758822038693,-0.14991653268787442,0.3447222262478906,0.21600264751937193,0.38103212461677116,-0.04454254888896925,-0.14185550152472115,-0.5316024575420346,-0.6037424277214616
0.1700629903999198,0.18690178361529708,0.022377960101678918,0.24042314964845013,-0.1705397648843614,0.09743830386387065,0.18621066905942363,0.10065278552353396,0.32442073472892274,0.06693527723220916,0.20561570919599204,0.03460894133874226,-0.7113769264570782,0.08967726645973378,-0.2901661309585131
0.4885285962502577,0.24809045324964996,0.3050058226474064,0.5093692648503749,-0.28940714102883147,-0.37379054857905647,0.5791630255651717,0.7267620810200635,0.212288413350876,-0.45453290124888923,0.24695907366698644,0.04103019163893018,-0.536177349736193,0.5791185158786165,0.6343835891072238
-0.19734160084087904,-0.15771149834371467,-0.1883862163027723,-0.22319137613331197,0.24584139465844057,0.21222077811501183,-0.13427308907169389,-0.22357978413856627,-0.3227069289330804,0.14174234816668196,-0.14719326370340524,-0.006342166417125483,-0.007067649355426919,-0.3324292919205962,-0.05996144821138061
-0.15538229864274444,-0.16544837313108585,-0.215509819078479,-0.11752363599311821,0.21229684386189152,0.21578503331843657,-0.1197123770941031,-0.2901282574787194,-0.0639471159281948,0.2911321794414117,-0.016508968388198264,0.17539673151700486,0.16791112564414545,-0.11054953454229544,-0.07854629211618913
-0.2086140475001108,-0.32274145746010774,-0.05709885278558624,-0.14880516239550023,0.13601745387639586,0.35170732006180905,-0.2321940439943344,-0.34233609558260225,-0.07844057883805866,0.48769564374346586,0.256319060725132,-0.06479096641189641,0.2713254931866209,-0.8491521330924958,-0.8829056850750653
-0.005518614060385341,0.09700236307276366,-0.05302508551924401,0.11693486802619457,-0.0675478232015565,0.22185816935973746,-0.08402511138887458,-0.2720373133554803,0.15349952136199918,0.5142752876153911,0.43967780280765134,-0.31069817415369716,-0.21440772788657647,-0.6425615295496372,-0.6849625902567195
0.10494134799534716,0.0478584832788751,-0.005689125335286205,0.08935009884630962,0.008133429037020745,-0.14868878116487227,0.1663362136776536,0.12553118759996185,0.06875021075106469,-0.1389946231229202,-0.03878451020556195,0.002043199007168317,-0.22951498032500273,0.3407710168184679,0.39491479353484826
0.07466945198524932,0.09573096374704182,0.019547836982019007,0.09092491387126156,-0.0076377529207924955,-0.06069984410267182,0.08547780050708753,0.3171619076820338,0.1304240286063083,-0.06905802290470242,0.07020694076981071,-0.05052187456834312,0.32744217032267486,0.0858924833353687,0.05720285636143663
0.20739903962338957,0.14749255979199716,0.20375423606302379,0.11880801944744324,-0.17939887502225416,-0.20775627923965767,0.13852457939988816,0.16046221332251154,0.07603959908890112,-0.36274714155609944,0.1087884462966584,-0.1525518628583835,-0.1688016452273371,0.22445278260965829,0.1476988965403443
0.11429076991873988,0.13318871761104067,0.09735080674492469,0.09859189827241321,-0.06247759293791044,-0.13176594937789732,0.2649592591253431,0.34173391125871877,0.08098908108946934,-0.18726991414923844,-0.14740610732862525,0.23636736008890957,-0.4889787536180039,0.5468490684764948,0.4433903866623792
0.06093229643668141,0.11290457267958387,0.065276400929271,0.07525866615910348,0.03118402973956247,-0.04651514527628797,0.007048993534049197,-0.04482374157832081,0.07645299546648121,0.051001983370599246,0.15739443720396684,-0.10552865694782354,-0.12220819216750245,-0.21847266562651857,-0.16940903269583577
-0.24011041227913665,-0.20573217759359075,-0.045246431213340044,-0.28104238637670065,0.3274483155231527,0.006622966372467065,-0.2988992421526875,-0.39878189070613446,-0.18313466331311234,0.2308900385646364,-0.06126937633798013,-0.26328682012127747,0.3514637621925336,-0.5119672960618358,-0.46971266943766654
0.1766656129749844,0.04946049546024067,0.24647016081213424,0.09643864482740927,-0.19882548982705806,-0.25182162807716146,0.40200044257877177,-0.06714029889851303,0.09422121641489878,-0.30591035328703264,0.08779823048444513,-0.2227512826782212,-0.5402103171370647,-0.04887465208250527,0.04244320452960704
-0.0956145461805955,-0.05524248458396097,0.0238907791841263,-0.09926458439980479,0.08255680780522412,0.04449323608777678,-0.20864066409409276,-0.1258346849120615,-0.25117217508480016,-0.007059494110917441,-0.08250405054100995,-0.11204087002269891,0.0263768876559336,-0.36107325449481453,-0.28258304695123293
-0.17328214181674273,-0.13025607337601963,-0.2510862970146588,-0.18105592289881112,0.2453409939814033,0.27361200367950533,-0.1589021466159395,-0.28013347381638143,0.04272437522227235,0.33204949461757893,-0.025437448795553763,0.18577408555175,0.40238250898593386,-0.34759034942952877,-0.44487797975010906
0.08904311092966077,0.061008298280700535,-0.039345707287155474,0.1254075710066036,-0.04718333665941454,-0.0858819324797504,0.10578286579977925,0.16415437674507682,-0.015580582714091573,-0.08003249704719417,-0.003016775607709077,-0.10214454363167302,0.15528690696662473,0.33732160578088666,0.31070838997876626
0.15028672964812517,0.023821072297228074,0.026229497895026377,0.061823291122576896,-0.05900935267623719,-0.2912697404900837,0.2938684941004408,0.16133237738517137,-0.004045169995578801,-0.27642895294372627,-0.11299296043083107,0.07682396567954886,-0.21767809288267004,0.5671240698498573,0.510758220216565
0.006546436761073249,-0.0042697297286917735,0.0078069989045854715,0.04025364663893094,-0.0306460381897653,0.06123792433017461,-0.11925510478404955,0.05018772221057821,0.07999290858192709,0.13096890127429228,0.06979025308425846,-0.06870759705674612,-0.07464878821294385,-0.1249456220836791,-0.2796579959537704
0.38491202489268184,0.5155436101681437,0.26844580065341006,0.47623670156440423,-0.42695479148891025,-0.17132890504794607,0.3998541241278768,0.539378119985535,0.5895170978778084,-0.3005378887109027,0.4808392084880768,-0.6783718485027332,-0.4367490054650116,-0.36888324761421765,-0.7228966196945368
0.1792092550048079,0.18649173976257338,0.16606164768822818,0.20248178546239792,-0.13069158279610682,-0.1649284012781702,0.2626175879571644,0.12506740377252168,0.2035813067221841,-0.17540256266548204,0.148728040976718,0.004324783418814926,-0.18897631036431983,0.20465858665738323,-0.04232452968552969
-0.0427770773540006,0.04527995249792527,-0.0645035583027016,-0.07554498312202207,-0.004395431873107425,-0.06298807347731739,-0.1600681289298691,-0.1985214432514375,-0.12117129104581337,0.04127532002827361,-0.012691400071104919,-0.16794517456812286,-0.36376634610965164,-0.034891508584713904,-0.08994728125224534
0.18642425572504395,0.21930811332116273,0.23730014553152512,0.19412033901383818,-0.14047150491969562,-0.057456333870456344,0.1734449006510581,0.1321221964689263,0.28152910434831924,0.012458819635883911,0.4785223285662612,-0.286277778988816,0.12189361546501654,-0.5669262875685444,-0.6912868341730933
-0.04690719567646817,-0.08043804802068011,-0.040867994975325894,-0.031373146308340205,0.05279645297449842,0.0944345869341443,-0.09262404626246812,-0.03404684549133741,0.020505871787463548,0.14343715204065943,0.004763657317237602,0.11815718407183229,0.22543913085287381,-0.13573819352140948,-0.17919079473564578
0.19248758856582215,0.13794785813033528,0.07625279187573986,0.13156805620975853,-0.11109458660674165,-0.14126011603565036,0.0028206172794875695,0.10450061977008573,0.26631719647984675,0.01821718192560473,0.17058015500827772,-0.06250098707448659,0.01754819459397483,0.011706092549980285,-0.033572652509121115
0.08449414105729791,0.12238344173061533,0.10473048908628368,0.07361873601588775,-0.03986157012370839,0.0074526195025335085,0.13610337859285981,0.08026992805125666,0.21640393691572846,0.00900481522151031,0.21245298819858238,-0.08344070159038708,0.12572629861287754,-0.32487494406262707,-0.34197301777245753
0.0802681687417297,0.14218049061246818,0.0760870257940387,0.1750532087708443,-0.1480632836036857,0.008301269837126757,0.15833490054549215,0.010462762686952898,0.054097215205296534,-0.03477039328715237,0.1886631750384853,-0.13325311053890165,-0.2420118328363623,-0.2052849178583785,-0.31332549753776845
0.09379037382323085,0.14385703441184616,0.08870707449819482,0.17222993542680176,-0.14549826606708804,0.03586454230501168,-0.005589892606596036,0.05047658896612206,0.13674804857497946,0.039500258949560774,0.301902550445162,-0.14112868113959331,-0.06124469090644635,-0.4628088194884444,-0.3089401321901939
0.31132868985434237,0.3388953288457577,0.3231336744854316,0.32922719849047555,-0.29614580312084815,-0.19209598695993724,0.2603021804550929,0.13325568660415343,0.4833648265062296,-0.12448311686581137,0.5074517221471802,-0.461321613325006,-0.13766744594346392,-0.2976809618987146,-0.5424116499477939
0.06457775274212896,-0.03568853530092819,0.021885891795760504,0.018281496589412694,0.04293195794483906,0.18077273091422374,0.08101847963886089,0.25401852904461153,0.1531814159122853,0.09029385103525689,0.10353233706191789,-0.02493625196781757,0.17683151983000056,-0.26744040871929453,-0.3746886004129499
0.08033548281395775,0.08524583768149485,0.09380537290193192,0.03746892505889332,-0.021949294441700573,-0.024014908982159966,0.09059769258028805,0.11114336383839474,0.169318729654083,0.008961153799773358,0.05493792111194784,-0.049449854126718984,-0.09917292460662641,-0.1625737747841467,-0.18269853387228485
0.3404138886947474,0.3611393510882144,0.3014690372085116,0.22502840760873188,-0.24735340225796443,-0.4347932955734788,0.34356539345160586,0.3275652345785569,0.20722808784134283,-0.3939068309286595,0.1102767500354711,-0.22830687448674314,-0.34086322063531505,0.2139283906283881,0.34926654981711897
0.10542164380726349,0.05042444173636906,-0.033591239624737756,0.0977606249601819,-0.041495699561426624,-0.1099693360058771,0.036626093604327226,0.32008404435044535,0.14215103480749858,-0.11802390730056711,0.04552243224535801,-0.01723861384748049,0.42697810519754276,0.2622004857150599,0.2525584436423525
0.2519910978070685,0.24536251933535347,0.19239855912849513,0.23145193178419454,-0.1729249247516107,-0.11615271372890423,0.216710881416333,0.1868339711318252,0.4224531549950188,-0.05165194279772778,0.3082973870053489,-0.12213809777625695,-0.1693502976863117,-0.041679581359790774,-0.24848239920318432
0.12782002776632106,0.01836393201421993,0.16849605195662076,0.0008477786753844363,-0.13677587108451972,-0.24741017815374633,0.017136376601708303,0.14524364577733584,0.02991988237718113,-0.2622622935549619,0.12829302136496068,0.005861843664706878,0.39063023107447004,0.37740854702220317,0.25131381441817047
0.06442889141809327,0.1513670669852567,0.06312253637154575,0.07572502343241294,-0.10340960581974223,-0.007825300169180371,0.1437446475214721,0.07734527830341653,0.2130459055209366,-0.022677251682584387,0.12440285740950374,-0.05247159753119268,0.26245415822174056,-0.0875042820509192,-0.15943620032713413
-0.07261042139915852,-0.1248706375545845,-0.08422796774084862,-0.0906637211965804,0.12763146427343797,0.08395597986649173,-0.020894866267161527,0.019778290440861213,-0.09980548935169553,0.05617770579337478,-0.1037640579111141,0.13653493534962902,0.1509112625351512,-0.03847331716903457,0.15604894681491122
0.2327786693882481,0.20276306817668188,0.23665949224630012,0.12580994233747123,-0.14251413579393724,-0.24521392607823578,0.2856541496838114,0.4809716252940164,0.3043074183052872,-0.2270724220638085,0.053145192347222814,0.14089376849402657,-0.6699175985844622,0.3856402302559712,0.43057214231971797
0.11704569558332478,0.05795456629893447,0.1116827708283068,0.005441958511422262,-0.03144887040563171,-0.13667648048622683,-0.0028032094442893563,0.24986988304991842,0.1074484901721966,-0.1855512763620113,0.03626172884109313,0.026134789296557326,0.149689581954489,0.09921253220038351,0.19613378386628366
0.4072218161754593,0.42687367344087135,0.44971981804246597,0.38528763608912087,-0.3962179282895466,-0.3950366883516909,0.4385350211076193,0.18384799015601172,0.2646858807472763,-0.3203685584436524,0.4254480171247028,-0.6105010803459434,-0.47798643427554444,-0.13866921651871744,-0.5088858561464471
0.04801295694421759,0.08097655305401985,-0.05520910876342122,0.07359336254882876,0.03947291960543886,0.10820376874425741,0.25791605809665796,0.09660459134386268,0.03167795652090799,0.09966912283015739,0.06307877485781255,0.05643746377136405,-0.19760571097954172,0.0957619056416205,-0.041233824723391876
0.1381584199162984,0.10419930472969652,0.02316872966230643,0.18377949021340623,-0.030637665828936456,-0.06582856813755988,0.1851444684717729,0.12704051087554835,0.1221672885513927,-0.016830795897251116,0.10108909050638148,-0.08903877270916105,-0.19679486574180038,0.38351066362254826,0.09245361038372774
0.008652304325701632,0.028401338060826786,0.08811326965971844,0.04766185164779424,-0.08679444435424566,0.08923908403149694,-0.05191944834159412,0.125587290808302,0.04947554063584225,0.03671509923567973,0.060688413673325226,-0.022698604899453745,0.14959606239442635,-0.20395640977656151,-0.259985697413203
0.00885744894152718,0.07764634090979183,-0.002627401430189691,0.1069940248145913,-0.05103552736420047,0.12131468868107587,-0.06547656786825917,-0.013494548737893686,0.1121859559345888,0.12168119361515606,0.20142991846081837,-0.24105061352302792,-0.2178742645797429,-0.27170181067478993,-0.5847700138900693
0.12123667543941141,-0.04357463591498667,-0.07931798503671761,0.03265940726040828,0.10065170045718852,-0.025417820060053664,0.08774447793182327,0.005182275008138948,0.02489152878048495,-0.03188556418239896,-0.020093500113265828,0.14399512340699228,0.5894935740051575,0.32602728198789777,0.3753744038446606
-0.05247211550797726,-0.04347511222079192,0.08953300061933667,0.03862544933543166,-0.10184153522109018,0.2086265070490103,-0.0704643293703866,-0.22747421813307156,0.04567278644734252,0.22566035978617305,0.2931392589728292,-0.1676502314425239,-0.1365334197581214,-0.6703248874418843,-0.6138221771142934
0.25489743788510255,0.127005457946199,0.16286084728683003,0.07787283748613727,-0.24880782298116277,-0.32762411217367116,0.11884437616521404,0.3738670129487458,0.0697024701022555,-0.4518517232527235,0.00780533472055045,-0.37428226141464926,0.4770719445453424,0.5567992911849529,0.45169621897025436
0.17485400552774566,0.20355627849700197,0.1543594540026254,0.19364888813274783,-0.1572270911037421,-0.08532361224292662,0.13188950391179155,0.19925065880876258,0.17062259573569016,-0.019700937526929474,0.21470754045777274,-0.19045990241998045,-0.17979819471959857,-0.18302377765256772,-0.3051053425398771
-0.02060925858524376,-0.03407001896484774,-0.04157369333865768,-0.008906068675457401,-0.01332336612307583,0.05202099927717074,0.04284327710787039,-0.08053918196682441,-0.24655678537298797,-0.04691623245925047,-0.1579803938376505,-0.027485856180296864,-0.24509513754242684,0.18276595061288203,0.15555039395931602
-0.01691302839589559,-0.07919435045324241,-0.13948555408505614,0.03782110487654755,0.10405004557725084,0.17049768142820798,-0.04489658686632225,-0.08962663353653322,0.15980751624483602,0.3298619631363855,0.19412668332171368,0.004705449606289269,0.3509575107563523,-0.32454917492924895,-0.3098149447390657
0.18095955573443012,0.19847244167074418,0.1251018813615532,0.1332631438070817,-0.08938418100237433,-0.14737087114779102,0.05796104174926975,0.20516296965043446,0.11194370634106465,-0.0873450325700924,0.1498802134672963,-0.05369313546376775,-0.06095803653261589,0.05852039097395234,0.02924998729332262
0.2390414450286562,0.16363271521795442,0.15025490359417137,0.23674830793814272,-0.049776601661807085,-0.026202857856636896,0.05106838088137766,0.1961158113544006,0.48124800350848473,0.39530588797768296,0.5289991880383944,-0.1984139079965852,0.27026833930708904,-0.7085116552775443,-0.744907353147974
0.17608461397040576,0.17192097198937195,0.15787317119778477,0.13183908126701405,-0.13020323396947187,-0.21706534706833192,0.12642167137582327,0.171401217255021,0.2519351519424171,-0.23675731453033144,0.14610687914223863,0.023988083983269126,0.029335319130747828,0.29521847780741645,0.08015166311505725
0.19752539906584965,0.385625042039621,0.42241811828098075,0.13837545168897902,-0.2766080936518269,-0.05296603739431904,0.34611684293988065,0.22084897288968186,0.16595967546711976,-0.00931051508749925,0.4336409141712112,-0.1188291157349346,-0.19325798883070955,-0.39273962932855594,-0.6108345719222588
-0.1959543985120693,-0.14350878251663124,-0.21111637757375257,-0.05529328740057693,0.18525677612815228,0.5080619837026781,-0.2829818019998698,-0.09709969081754077,0.12552392178790406,0.5386660544197934,0.16053498387398824,-0.013423080816921562,0.3094016580993366,-0.6435575310406205,-0.6464963084224615
0.678466128742544,0.7055235264271241,0.7964877556669305,0.7563640464119458,-0.8016955327948372,-0.3768518027195804,0.5449921214931004,0.38290491741008625,0.6304530377038937,-0.16708773687522682,1.0409549000152203,-0.7000544892340113,-0.5396626714514547,-0.593472604522315,-0.9613923121496946
0.10313914151785109,0.0779210909477277,0.18855522068576014,0.1351966722509339,-0.03840589306013098,-0.1028686359060782,-0.003253172076826294,0.08133684992161383,0.05680461398595171,-0.020891429099511694,0.07467455929669553,-0.1262798640309446,-0.16794620042748343,-0.30804255214902504,-0.2951408937201473
0.16531282828452887,0.22441621481754637,0.09543529403901463,0.1651229856110179,-0.06784395355382355,-0.006514285800569564,0.14390164119925752,0.053611424101420724,0.2049954689416411,0.1528033454454385,0.16751125160718305,0.06205870840615968,0.10992922927187054,0.03831175216678834,-0.2173459332627108
0.38283635219957457,0.342476052320817,0.33382141403213916,0.349492636745681,-0.30851610255352835,-0.39793838089570155,0.46156821707863904,0.3899382312396953,0.33233678397986344,-0.41197700181099584,0.34393418439394363,-0.28642578635656557,-0.06386798688614581,0.30464390704096667,0.06457351973127745
0.08276033808423411,0.04926569563897498,0.08009264257741844,-0.029804183286174624,-0.015686790586529886,-0.18778140068201954,0.030913485443145206,0.14231869221251947,0.03031762518426029,-0.19266591250709353,-0.15107964084283632,0.07368206539979294,-0.07835480645936177,0.6309477672992827,0.47744147504515766
0.08312062946172727,0.09292561291295054,0.03511892442432818,0.10946207387349505,-0.03822571865384505,-0.0014718159168658485,0.062094587977063576,0.12073319064266275,0.11277599618853817,-0.024354607466914535,0.17866431844213704,-0.004139964965476084,0.11693293416873174,0.045097676025098066,-0.08006109986452153
0.1305840436104968,0.20350120037576924,0.11539172930280395,0.1528203162858608,-0.07703922240645666,0.03142935945422409,0.04467514608827661,-0.06388953753827775,0.32411405207786914,0.218014815969517,0.38392526634120605,-0.3488605551539541,0.005983251789278832,-0.41328262904984514,-0.64616668000221
0.2719391002164999,0.20592065900645484,0.17238918898840017,0.23716117141635773,-0.1974705929985554,-0.34013534150726277,0.1948601420319651,0.39382449626891813,0.26032883135594553,-0.29792976223019374,0.006739296966499442,-0.06227564693257648,-0.3357000611885448,0.6632868785410881,0.5756884722655892
-0.5851183029761933,-0.654785923004295,-0.7462425150610701,-0.5349756914218065,0.6556556141545242,0.6851190281751551,-0.5806756927199948,-0.5711811172105032,-0.563119922848244,0.7313635225684645,-0.5548762397631266,0.5812696549056531,0.6289673065399605,-0.2888679464072813,-0.16424696337604716
0.12062599044166133,0.11113678692727724,0.07698826419184113,0.11204188781666269,-0.06799656354534367,-0.1595496603105686,0.10129989691926822,0.10966852308042818,0.015004429068340652,-0.026408564720246552,0.18248555928612298,-0.1838336250739483,-0.11050802772289581,0.2099000599472347,-0.01110465613639693
0.12261571793441517,0.03934166738753131,0.07964275154400657,0.040722490877650674,0.00821631114967225,-0.08781725583469391,0.06407108531757455,0.0734454296080227,0.012712799704559519,-0.0953783219390325,0.06655155664068335,0.1388721353785718,-0.2927946224986149,0.18279903040443019,0.3053730655185545
-0.005420866020888093,0.026772157018772447,-0.04955700963378051,0.08516282551517107,0.090098510305753,0.10562208017415853,-0.041935475741386785,-0.10046894447638621,0.17013613669788508,0.2986540525203969,0.2265148535009902,-0.00824604143865848,0.19389078002067728,-0.20294000804622175,-0.5245361754643709
-0.012940836913905684,0.051670367218463076,0.047103181087954527,-0.005269202990331623,-0.06619868620257674,-0.023873880654082358,-0.09538084013753689,-0.0004782122099444841,0.09912991696414508,-0.011116071780364889,0.002276706659067651,0.049961915057638695,0.0435204810847567,0.0401962237839959,-0.08879709982395212
0.03833494356763123,-0.08041753271627372,-0.024366676666764286,-0.027785307270339565,0.051870546008485396,-0.03259416345517918,0.06687988501790221,-0.0546584659517273,0.13614121312394256,0.03673151572130773,-0.017558953316396897,0.2664114248836398,0.24877726940780298,0.29621600029489087,0.28862743794614454
-0.15591050004305185,-0.06201889487937495,-0.1764760855867511,-0.15432031520263179,0.1925684749204497,0.28199230461075286,-0.4073598483252894,-0.242893875718879,-0.17820328874282287,0.3391249347841572,0.03501943776207028,0.11690409099354393,0.08696048752869578,-0.38601462877182807,-0.41474908875040994
-0.07824269237628179,-0.08013073429181494,-0.032864310438656785,-0.09021924776079104,0.05881669089415631,0.08102100948169055,-0.0720271667386152,-0.0962268604618759,-0.2000967122320283,0.07909575357523413,-0.12053024486211661,0.0376291710519443,-0.5255705826647132,-0.10453931611310574,-0.081581929684578
0.009413801890532314,0.02619904082373803,-0.014309238055932427,-0.01658306903054574,0.006344493540545448,0.029051671206973717,-0.08178391366529714,-0.056534704003034175,0.052286579554175594,0.04734044249650027,0.07270504055907834,0.0035403809425891275,0.08325813205366916,-0.08423888026429133,-0.17457811274079282
0.1923502035169875,0.23412097841790702,0.16497215497897,0.10843185065909178,-0.15257622287217587,-0.183514046531716,0.26344647634617613,0.14163560972663602,0.2235543024258071,-0.182687769297448,0.1430293859320233,-0.03496713241001537,-0.06755810172337817,0.22622152775260185,0.19825018732269153
0.27188443562521036,0.26872626648906617,0.20988805931874488,0.22348260261019748,-0.2262056203716285,-0.3244758066736375,0.3501570428888361,0.2371055375049047,0.21844585640042746,-0.27854772372209435,0.16615538896437387,-0.23984243136157435,-0.15255137356943993,0.275882028031432,0.14689692269896495
-0.06031863239292079,-0.08721356003401248,-0.09654479850090847,-0.11366454019687589,0.14583027782569014,0.03954534758194961,-0.08069159919266555,-0.06858593487459164,-0.13003112057362243,0.1132479276948628,-0.13428724012050597,0.16070723080723304,-0.04922782265962067,0.11669421404259284,0.2067525920924335
0.21725794636148943,0.25244033500213914,0.1941733033548596,0.20272738836561954,-0.11654436932663992,-0.08168715172652963,0.1587061580119009,0.23012218631404435,0.22996196660003743,-0.04557063430692354,0.29425455576829296,-0.16336441672072244,0.033127190186850175,-0.06214351460749823,-0.4214743362690113
0.38153701327020517,0.4740911236170855,0.39835281380696497,0.3214756693704097,-0.2543996189521669,-0.3297200142598633,0.5425154059257582,0.2149264099098256,0.4952998293292019,-0.25210673397052896,0.4467962391800595,-0.31208299336587997,-0.5495959970077136,-0.29413934093074257,-0.31022987833516275
-0.0003143284542568292,-0.04401006677195851,0.028310243614959152,-0.05930128800147516,0.038318393613547164,0.027936095539610406,-0.10654885979987694,-0.06042928466846442,-0.019515296992992148,-0.005133999352357588,-0.0032447720716446415,0.10321129100592863,0.3115351079967672,-0.008963025893000742,-0.0799039625309681
-0.02432131173521279,-0.012414815343744001,-0.026670752395583586,0.01960127421079383,0.016155937263218734,0.09597233774699854,0.0005514230291343569,0.006589365233477196,-0.03220324243541661,0.08153250322298655,0.010413624506748986,-0.03244661749839972,-0.05287958039398655,-0.14059941874007875,-0.37477872118738575
0.1733168852754674,0.17540437974043588,0.22957648800967378,0.11464731332144007,-0.13809725669394846,-0.26314516229769325,0.14108606904372611,0.1855067891293143,0.0030432098684092246,-0.1512605318346516,0.12620649836450304,-0.11588779986261222,-0.5607233810172387,-0.08968764563718978,0.0607224199716373
0.25738681867034785,0.28444208583606656,0.18811842512368226,0.2736422217342145,-0.18180258250712011,-0.16692097509935766,0.3073150047461304,0.2582758308424742,0.199856564838508,-0.16786175419085292,0.23002304822929998,-0.0266649386717992,-0.19032681574501753,0.2671463749385409,0.11220659006306602
0.21199555850208052,0.1881797779678256,-0.0017065391324362356,0.3501717940085236,-0.09556955518735322,0.006562372696848229,0.2543526205551654,0.29324838134486186,0.32159886337119814,0.17943418961188895,0.299996320387083,-0.13358840280758,-0.11625501776454983,0.09230145921765044,-0.2188261846310034
0.14655605156158824,0.22817101445669374,0.2909670374708735,0.11538763860413326,-0.20214196512954374,-0.33947958922852717,0.17819287404109807,0.12122223617401362,0.02027716655460665,-0.3883973204261959,0.08629943435408771,-0.046568264401158244,-0.4159752396049703,0.04294114885869222,0.08416437520219278
0.028730183462483128,-0.02069713074739954,0.001096119352369973,0.0580097505719428,-0.010344430361182377,0.003044635330733847,0.16463404004565518,0.2231441013578579,0.043891871691768,-0.07932013008526595,-0.0875584858705456,0.07973577031111967,0.015289718931831286,0.22418333947705005,0.22327441296177364
-0.16817033087324096,-0.035341629710677225,0.05233283394362376,0.016691178102175686,-0.038822683467546026,0.3100778994414317,-0.24124764103855112,-0.05902932494366375,-0.32341824098901295,0.27412245563491533,0.3146941803941492,-0.242461382367531,0.05022165022479619,-0.4168926614729418,-0.5050879581217106
0.1650713773221133,0.03230610256241273,0.06712300104781166,0.05110447309358923,-0.005371679805622032,-0.08834797744847833,0.11799725504807923,0.34471487293570613,0.06372644676089378,-0.18594300546992493,-0.0018655065876984622,0.05731407755323836,0.4085773862325892,0.4172108159768414,0.35633818664421363
-0.03630118697083473,-0.04626237919196563,-0.20574821509910746,0.022970871912673108,0.11782313614656204,0.2319351476202156,-0.16342802275275714,-0.03468703867408052,0.14322119032873548,0.45902904589132376,0.15388154639463236,0.20050031104350174,0.23430247932826398,-0.05525212436050142,-0.3669588217282368
0.21250195371596048,0.2833296276607995,0.1919045584563388,0.17173601611929246,-0.12141806545424072,-0.17155932035891874,0.3136207167316043,0.1973163548194996,0.2772278840118705,-0.21208993941158916,0.07748977971483106,-0.0366035981512951,0.015482021790009348,0.16827909834313792,0.17881689390581543
-0.01742709160033762,0.008699443163630471,-0.037905679292840055,0.015087878033675617,0.04886322399160892,0.12313953309196823,-0.047261838171310355,-0.06779817697619239,0.0838394321100222,0.17039055583438234,0.10800491582720229,0.02798534831564581,0.0883198224173476,-0.23168062041229853,-0.40702795004295006
-0.16766700472355578,-0.0732684185613357,-0.13104025836585143,-0.11375283282371762,0.12624937093421718,0.1933371591335693,-0.1484269100009059,-0.10507083650736693,-0.028862342027093923,0.14914243150669937,0.00814749020693406,0.0029324067896954187,0.2447567856456878,-0.24768499594264326,-0.41376262572663935
-0.012056320893183203,-0.09050340087810382,0.1848101436574412,-0.06530280943062983,-0.06331256806753105,0.04330186606938735,-0.1733514709904731,-0.0777775784950605,0.06273269209483145,0.21912572715314171,0.06977185566826782,0.04567868860066526,-0.02579983846693845,-0.633661383850833,-0.2860251893880431
0.5053302574990939,0.46047734548397257,0.5658772795710894,0.4527444263967908,-0.4894009190696429,-0.43095133195802404,0.6182862743730246,0.7467269097375846,0.527458702801191,-0.5606099419789219,0.3870662788603749,-0.19910638441945472,-0.19724742661306105,0.31630109668191353,0.14710011662316386
0.43008671560444633,0.3141178357290375,0.4004126366401959,0.3155381191466984,-0.33943681391158953,-0.6371372397234407,0.6350532495673018,0.696047913925147,0.039751844327857944,-0.7603612852204991,0.013302523494823193,-0.10827743136646117,-0.45207961174521083,1.0208685254399992,0.7986604012771963
0.09903039528329027,-0.01887970204388756,-0.3594918491672012,-0.07214839896555403,0.21914092075264757,-0.2296232333131778,0.34283322033473174,0.24810728133532156,0.05762834001398787,-0.41569283702744464,-0.5131320476050549,0.4167356411028338,-0.0331722785783064,0.8108139590858607,0.7759543123340933
0.4491268108333162,0.36125872508762047,0.5334941549124981,0.3617839368464053,-0.3990218896968043,-0.40635340013023336,0.4512495500930016,0.7630021299686169,0.02835494566630148,-0.5715095947638653,0.2949530051946758,-0.20021525361861392,-0.5040112051513976,0.44623783012213764,0.27233369102701965
0.04897549835639281,0.17342636958716362,-0.01203764354952308,0.13387959485338552,0.01324217096468483,0.09900428919258064,-0.025334528981286963,-0.10172851456862086,0.02744657407214146,0.16069253101244874,0.22290510916248096,-0.13420468212857473,-0.04118473820659907,-0.44902629997650284,-0.5203836050915797
0.16126770032668558,0.10160962454470557,0.23512872126008078,0.09348097617391304,-0.20278630974869505,-0.20012877515829675,0.11433108536278813,0.21354737652813682,0.1104526585435337,-0.15733227398771388,0.03319032899578622,-0.12685416294188112,-0.36611135846695997,0.16082005625919177,0.028527656034206372
-0.14747128115175712,-0.03597818101466488,-0.09163453798374488,-0.13861577858600937,0.12292903987518322,0.13270676374049106,-0.2072586353899688,-0.20932801344098118,0.03871982930280171,0.2246221894952466,0.023958392116774085,0.13787156999886707,0.16620974592518323,-0.3852066985029029,-0.21388215041548808
-0.02538903106926571,0.012098980814282845,-0.0933231158765171,0.015599916859135865,0.047436223612112194,0.051227193839062934,0.22645129845067768,-0.024413560128230927,0.028092149062894478,-0.06538292251019384,0.08013998715844872,0.08271519850990638,0.33553742157881894,-0.23703963706501496,0.23135261099379534
0.002485224054760593,0.025768276946578128,-0.07920395205920672,0.03167832193149245,0.039204320416986294,0.04984322932798646,0.015388681630338574,-0.07673359300830018,0.07707080078863582,0.0800739151744787,0.03057525119926119,0.08815730372270858,0.15944684805723264,0.30942296927878865,-0.007838968903379095
-0.015845291965950636,0.017863580348887353,-0.012819774774876391,0.05154248746842738,-0.003922443207899695,0.1177180537220035,-0.013041539615840425,-0.07202651395633763,0.012158246941872619,0.15602998637862708,0.16970342677849182,-0.003228098301491622,0.20451677306848004,-0.22783210552067726,-0.2990069062373568
0.3101611519852292,0.2965807070512485,0.3325488581430096,0.41531230479890424,-0.29135103235252013,-0.2604371242366501,0.1028824301259137,0.27253779943713075,0.32712227673609107,-0.11636214333207007,0.4782560100320271,-0.5346969477574943,0.16080212888606948,-0.2113993293298011,-0.32019011021108634
0.36579675089954033,0.33555927568507493,0.3213952503586457,0.2983542836591697,-0.28528714010137124,-0.24983314951864344,0.14960996292111384,0.29833047785334443,0.3147194465746095,-0.165638489838144,0.2988899538285147,-0.2840938134101636,-0.13280405908864168,-0.09586132812531545,-0.11333165145675489
0.22701364988055284,0.14803019157353825,0.2349512300751937,0.1428486009966068,-0.1268544423708713,-0.2046626615027276,0.12846422083524467,0.18568084354462244,0.20799267514749675,-0.15918518447897956,0.07923574603232697,-0.11845101309501693,-0.37857242595530405,0.17855059005332452,0.1586433425251298
0.23344624495638988,0.18755749884054218,0.20920526715475507,0.2590162402234968,-0.19944395458969577,-0.3414965390357887,0.06363785896012164,0.23508194145132455,0.23269963052550646,-0.2274473507125272,0.24927734731700713,-0.4345347106877899,0.1922067957409832,0.04029852687938834,-0.02723280166624964
0.11200904505535325,0.0783680035423584,-0.026210453741395856,0.12885075601387785,-0.041410100495004265,-0.09877047396212846,0.018814671741484545,0.13993705567813564,0.19694581869193817,0.02242834876911881,0.04670793375202331,0.08022241442869582,-0.1677314509686738,0.2904004338883662,0.1620541757243219
-0.2194901581683555,-0.07917571664347411,-0.28549084995935803,-0.2874194334237514,0.18053209697303418,0.3715632234078252,-0.2984870416038299,-0.08383931091119723,-0.17884148260795074,0.4289897303266157,-0.1968955074378187,0.39947094349454915,0.38881621332961114,-0.3070593008498265,-0.1491997161184424
0.1215067090447004,0.09579865648141461,0.041078555270855244,0.11349740373048256,-0.02500031848788198,-0.03280349031485086,0.09178547588301789,-0.037996893159952805,0.0452439670516569,-0.028522327912070766,0.05219237533393262,-0.009977823921939244,-0.2004954712660194,0.04778167350532336,-0.0668084788699349
0.3042799252116757,0.2237615013941323,0.22098672738531766,0.23457388693750492,-0.22311411986602403,-0.30334271443334115,0.2395050103515668,0.24357150053119137,0.3973523141984865,-0.19793855555553908,0.316394636946808,-0.19663742628255965,-0.15459129321962406,0.16366942914586757,0.11344927473386346
-0.04525688012597051,-0.07975884786246557,-0.10199290288379848,-0.059255031938827196,0.04977664008315408,0.032980723534033585,-0.1742224275950608,-0.17360004907285798,-0.03186895915756094,0.12320712998486671,-0.034594119012257396,-0.07200868023426255,-0.005847264376793948,-0.0516775890703699,0.03417395081825575
0.03297449640042971,0.08938746069950021,0.011874071095665517,0.09737950363950709,-0.02014513259828532,0.06808124224075351,0.11687321416062435,0.04846929650227838,0.04728196509357141,-0.020143641383877142,0.06546855967220533,-0.015459517520611366,-0.18673374616284488,-0.012629441805143582,-0.2230222003530673
0.039077672006119224,0.062322606588008034,-0.061271322076830614,0.11229555526120105,-0.028461563804745182,0.13842747616309414,-0.03496634248414954,-0.035943572767986876,0.1738401475600746,0.2535289305448569,0.19928588888550736,-0.04986366918771212,0.04278610681813877,-0.1855954982946431,-0.33782719257593097
0.15741812785903164,0.17956934927713042,0.25422871157271265,0.11639292879947849,-0.21865695656479955,-0.16998585443568182,0.13550019346928854,0.09984999217512258,0.1895119043873268,-0.19126106661147135,0.1889307869567698,-0.368193789355608,-0.09248599118439182,-0.30634533629665706,-0.35795887187221764
0.00877023274324551,-0.017864036814225326,-0.058984245435800275,0.06281667444689187,0.053488059990852044,0.03805015725080585,0.1291221872403987,0.08985507083890476,0.05185497599609157,0.11223433463951893,0.0647610401279759,0.028671885020784327,-0.009213041489656959,-0.06838164112082892,0.05114149027714765
0.09678581620616344,0.09196131608908487,0.04973635695277201,0.1006542687729226,-0.05866795347115317,-0.021540470393025757,0.05671047084370717,0.04318131742130005,0.12925306238629264,0.050282036528597196,0.17373189092255892,-0.02402537727292664,0.06689619636382993,0.0013964986676260338,-0.19056374297333145
0.23490814317883513,0.17064862806482783,0.17266176751439377,0.18301200452883615,-0.13777484095376624,-0.22717975530232604,0.13316801797821998,0.14566011985583094,0.22644803720853468,-0.1264763379055962,0.19431234533389885,-0.14963136342933225,-0.0653376201083109,0.19812315686692478,0.09914105756363362
0.5216580927163406,0.44410803214484473,0.514372275912198,0.46028148897736254,-0.4279847349159538,-0.5231434222202178,0.4874151407698357,0.5093667029116988,0.3263905330468695,-0.5240058821675688,0.372488528283202,-0.3702869040693546,-0.4036919548172848,0.3242723709925873,0.18143425512291556
0.16853435854430088,0.12302696185928919,0.19193182642900952,0.07350422664367873,-0.11048825547501862,-0.26523445574299376,0.15649268246823533,0.0730323685138281,0.18586771151212833,-0.2079657990346968,0.09180798211145946,-0.04039541333909891,-0.13319601725842278,0.1609753158260756,0.16527514707136493
0.10566313385419912,0.05858395284305207,0.04161725295472718,0.13428627830254047,-0.009601489645128414,0.08274127829251654,-0.02135489406463531,-0.032483656543650596,0.17317318395847736,0.23223614583246377,0.3568018961662036,-0.06816442486128893,0.23866238370836346,-0.5841361950062536,-0.6828363860057791
-0.18939011654228777,-0.17958707183185307,-0.25971876693379903,-0.17162131403928016,0.20048266958607708,0.21636393776361995,-0.12605909985922126,-0.235007358013972,-0.07109557118987664,0.31704194843129163,-0.1454925182468645,0.24909098086889125,0.30116089189418394,0.031899966373382216,0.023159968376968265
0.05864337300006639,0.07911042988866224,0.014747600947358386,0.08453224532022974,-0.01982229768023469,-0.0638662541847661,0.15621074421775383,-0.021316238937504117,0.1262684603357731,-0.04446985833523298,0.0907909718450508,-0.16899201052601942,-0.11234712364771293,0.11622392529872405,-0.022658440162587057
-0.06174712537425853,-0.1046174147376342,-0.10087762551455604,-0.1389839658950005,0.11374717171064974,0.044832509016806465,-0.1631504948759177,-0.0792752607754812,-0.13441302697608926,0.04661356789654536,-0.1450815390730753,0.250209654821026,0.09750693704631286,0.17064226892472323,0.3195826652651441
0.13632197672267443,0.14171181604892946,0.08172166333333464,0.13680587627299845,-0.058367208883963295,-0.08506972844964489,0.161688985385396,0.13273691653330588,0.12888850222140302,-0.06661443669248679,0.11271224275418934,-0.13500116592266354,-0.1412604661196546,0.09022670549102929,-0.024327994924894625
0.1595565442550575,0.22504898205132906,0.13911098422746937,0.24404886513520796,-0.27280298726571783,-0.08804438866789632,0.2519303418805017,-0.09027268916276476,0.18600019943236346,-0.012517102015876969,0.45971000588598243,-0.11659285839199507,0.15939662047386138,-0.013477750969431268,-0.10071320225910207
0.4849933178715493,0.406768300077724,0.41792636449266296,0.48007834819434714,-0.40962373599921453,-0.41222076671456653,0.5462286197904036,0.4914731752018495,0.4286194976081379,-0.4481014831619583,0.3950304990089408,-0.3810760306626577,-0.4704591747833231,0.577107765103105,0.2631232492093461
-0.1418670895500378,-0.0785560914650576,-0.11017933601158858,-0.016805418941086003,0.07673899777584015,0.38106659355526884,-0.10970781282444109,-0.1422992904425826,-0.05629791583178889,0.3237401164958067,0.04527007523922966,-0.004082525860519048,-0.022046574389061435,-0.7358565179785475,-0.6105901103698292
-0.048485556507707805,0.02576369649954957,-0.07678685022827092,-0.02237462311308991,0.14849355091747962,0.12195212639750763,-0.03083282005900978,-0.29147992708990533,0.1861069444878023,0.3130600494429805,0.1481557932193518,0.030351193368968188,-0.5047599325196708,-0.5503375213296651,-0.4415873647063312
0.19171736628901526,0.17854864560767325,0.22505476472467123,0.17717855658419812,-0.22140172348141096,-0.15436150762890732,0.16380923132368763,0.2572333272821026,0.10236779500965376,-0.19804300655906237,0.15311337829686966,-0.15220845048508824,-0.2028928351773298,0.04794754968001291,-0.07638939099712533
0.27083186940935566,0.2511121119697395,0.21064337916598408,0.31414316048386026,-0.13831160717526725,-0.09311908417061598,0.15829377006738632,0.10212224086325206,0.2605641079785601,0.16283236710892224,0.4974485992196036,-0.2493736480732207,-0.15775653137076695,-0.4278154205063268,-0.6883030784189966
0.06575476825301041,0.11824589054433421,0.0684544644782521,0.09722308659729761,0.005618643912951304,-0.017838416589092798,0.03222307254996748,0.023259508485364178,0.07164479145356695,0.051584402801029494,0.13521592263277427,-0.0600993213476948,-0.06997901177565469,-0.2106765455438303,-0.19428789166608812
-0.02998356119318757,0.006228706254112204,-0.005885954271834359,-0.03328182447744221,0.01166600903243964,0.16947081265944708,-0.04011104893379103,-0.07363293749060995,8.395474336420072e-05,0.1175402853537797,0.18062604430058582,0.015158113639202941,0.33186645699299167,-0.5384465551892706,-0.6981030494310325
0.27549773586324533,0.2699001184019014,0.30721804176201073,0.3540993583500991,-0.26290935550695504,-0.11380225604749628,0.2455998973436171,0.22497998859990154,0.1947382806738045,-0.0954500785558372,0.29010385236258407,-0.3673946613167691,-0.365023766744236,-0.22869140428399048,-0.5132472010874727
-0.0038102743178380916,-0.07245398284920124,-0.030260033614101234,0.05535391872725537,-0.028890569704081992,-0.0448389719334743,0.13430312891382634,0.2959101648705129,0.19552305331035247,-0.08485438670067391,-0.08759095119371518,0.0878407786165123,0.18752113775297796,0.042137490684287626,0.23426620846355853
0.19816909344029487,0.1337432196233863,0.1692172136601604,0.09222898830545279,-0.11832522255004307,-0.28260760654165273,0.1330145731652972,0.16177299737748307,0.12245055749579636,-0.2772922858535274,0.023003747113394812,-0.04702290413282917,-0.2650255936215802,0.3837822713785337,0.4599206146911735
0.17019034098952734,0.16938745663236254,0.21890275763687872,0.1807321594650304,-0.20431584894655663,-0.07641053008708965,0.07022952130272397,0.1824270375035224,0.16708486107710407,-0.11293245311152278,0.18969349074284825,-0.16276293341072146,-0.25331549958708166,-0.1897768223637859,-0.18408323904180998
-0.010211096796556962,0.002873181769716071,-0.14130986956550284,0.010500601147774846,0.07520521776331845,0.057425663985530395,-0.061813233916244714,-0.03871048897438767,0.13557094249174417,0.2055299109690385,0.0857154162574787,-0.007621457903857598,0.19716436101716717,-0.25395100800611015,-0.0283963944817488
0.12848268255872597,0.027136233947293142,-0.012582843073019934,0.02238971388757971,0.011460881169029324,-0.2695934852761048,0.11914555820725647,0.12520452253320347,0.1727489916558047,-0.21248860281512139,-0.09798580578321836,0.07357009022711325,-0.1668659105613146,0.6617726985386239,0.5451701086877395
0.19201880911798375,0.19604614965322886,0.14764664263637006,0.22495927043579322,-0.10074203638299761,-0.15152165573781762,0.163234907450595,0.14931663205228252,0.19983179498031212,-0.08495130765569825,0.24775737579202506,-0.2952410556095655,-0.05979409650834122,0.04360651445025332,-0.14860069954995014
-0.033368569549357296,-0.13092715386244658,-0.013711527067849616,-0.10500301727557004,0.14839526365887235,-0.07522759908883936,-0.08238205905428653,-0.08448372850432317,-0.1402525645019821,-0.008711542341644618,-0.1910752742470152,0.0524304677882268,-0.24770525635763718,0.3010317416472819,0.4159424531138425
0.3795708089357457,0.43285537745406844,0.36986501964779306,0.41147932917605856,-0.3738508439102004,-0.21045941735846307,0.20698444702423813,0.4366336873071395,0.45808930318848073,-0.13796795577300758,0.471898227119556,-0.21781022946509143,-0.32996084706410045,0.19378911577914382,-0.2624688508057782
0.44797662641402014,0.20942739701197888,0.07993249761064458,0.33707680822319097,-0.13772280141089288,-0.4227711453568832,0.4236380757808038,0.4755880561580099,0.4316326959219532,-0.13827773577253888,0.2561619277147589,-0.13849075873733296,0.6981992448723408,0.5307266254777591,0.7410581463983887
0.23982687059410202,0.1665310679492371,0.1919747621575214,0.04369705467170748,-0.0875199444306638,-0.2512340140207874,0.22353421000846563,0.233949874132936,-0.0060854671570991226,-0.2882560435828423,-0.25110685688723544,-0.297386721233148,-0.38484138539400115,0.520844045703075,0.2723376982686137
0.35472469511211635,0.3476170940209826,0.43920257894241566,0.40332742460012705,-0.40218739422157057,-0.2762129637515396,0.4912139753897218,0.27739141317299953,0.3019014176533239,-0.22303097904205815,0.4209952685399354,-0.26355610942997587,-0.2654247071319493,-0.007800716473776059,-0.30563238840545714
0.20235041810161336,0.24136737060674118,0.3871510651893395,0.13872923123479275,-0.4099424989297784,-0.20162541029531944,0.2301925881890421,0.08775791625506002,0.21737311351787691,-0.28108113948221325,0.22544721498038656,-0.25237294273007316,0.031001810182116896,-0.16867231334401683,-0.2709425372703872
0.04505514222745699,0.10958855497216002,0.05537910029881221,0.00931521474735919,-0.03600201757935695,0.15685866996747033,-0.174636263838162,-0.08206484863291452,0.20840595164713838,0.3166289931260029,0.27833360187702816,0.05451121985778262,0.28651293050684234,-0.7138979437694188,-0.857442482197263
0.040290398308264086,0.08547285690048478,-0.00281380375262108,0.10441112152344245,-0.07600268239420038,0.06884240599057745,-0.02462039086823764,-0.05463781435089343,0.11652343573798607,0.0814394473346447,0.15889023972493788,-0.10643721310365906,0.187277208037546,-0.3326655671126582,-0.4229520758143086
0.058768577632203556,0.09662850734852269,0.30939143039859807,-0.08891805223818183,-0.11494781929258724,-0.2733260270935043,0.004092220508802313,-0.2316807744006555,0.1720878571040394,-0.20982480361545064,0.07878257462567428,-0.33857336161595075,0.4356031595868072,-0.330945977340816,-0.3161623759937211
0.2778279063148408,0.17532813328954733,0.35023059257148237,0.25958258737299844,-0.2962443776143251,-0.27764351044676117,0.17817278580343898,0.1723835801945437,0.40640086843985657,-0.17231147994222962,0.3362160998538162,-0.3868100026346335,-0.26715724717490463,-0.2089632852597061,-0.3893266596186637
0.40514619890489945,0.2841250981223462,0.35531875575206096,0.2846427235692528,-0.3090438231771464,-0.49157593412626865,0.45634173038108106,0.338911419260703,0.317928215508396,-0.5455249912696116,0.2912097195974912,-0.3230967754938927,-0.18131631946930082,0.5291082644622094,0.4836087064766918
0.11433085558378453,0.029083478301852095,0.09332084282218767,0.035255709601973884,-0.05472499732581948,-0.08363055612928938,-0.1670484762255362,0.03302071653298322,0.21838362860817662,0.042307343420671106,0.196482472818849,-0.02550275136312896,0.16210247020535085,-0.46975005415850984,-0.18302147706193916
0.11059372061704043,0.14067251688528826,0.13038980932708255,0.15126387235031724,-0.13672799897956334,-0.054793279341410095,0.10693564973916425,0.04938434057013352,0.25467121551663974,-0.012639026347841531,0.1590392133026337,-0.16232403874143686,0.014278056394420924,-0.06409876909886786,-0.3646545879929203
-0.1748953400441733,-0.35225592468034406,-0.27409955835148536,-0.23874552268348959,0.3161079954742134,0.2167777320196873,-0.19860744239266448,-0.22763596023610977,-0.25600433349016494,0.19332375311982553,-0.21001993413870113,0.3201483459983092,0.09348821950075092,-0.11005240618312717,0.04475771286305774
0.2528956680099248,0.2869974662006478,0.19425402797959634,0.2839970491498587,-0.23193476995821727,-0.3079467338584778,0.34257275721446834,0.2775710787678376,0.2858723672640484,-0.39719066559718397,0.16055868049082989,-0.12306310943972099,-0.37436447582746046,0.6956892331971785,0.5272017582665834
0.22342726009893554,0.261933090368335,0.24742500043799787,0.19074178884053294,-0.19597189660550995,-0.08724337989432085,0.17599727705864954,0.17505797168825432,0.3221579511417916,-0.0653441199574678,0.33310344344395637,-0.2610153766693297,0.14333634113934823,-0.51411697388943,-0.6326246987796248
-0.0248618120890296,-0.06637363042456146,-0.09096203274433723,-0.10030829640462535,0.25531334601703803,0.05465997582119009,-0.07341653647359037,0.03535418091588838,-0.1052270235736974,0.13376317567509344,-0.16149688693159847,0.2724820527617162,0.27442326148056373,0.2299378490105497,0.15680290450077283
0.17648517541810094,0.18312271020174253,0.2371381230806071,0.2019129661711314,-0.2324079505258001,-0.09931063702459375,0.10093065731978612,0.16575713780425216,0.2957688072710689,-0.060467616255323264,0.31568364364631485,-0.28523508454485724,0.12169091345771843,-0.5234789022007312,-0.4608160350380425
-0.0004021359760837395,0.07012116428023818,-0.01423877516928318,0.02615329686987322,-0.030221965185333044,0.031132272223619806,0.05705170720604302,-0.19730361441320787,0.1543954903603848,0.11010004438700438,0.12841869811641105,-0.13790464932533197,-0.17481285138805602,-0.19272596742934733,-0.3955423056691907
0.030926886017009103,0.023400022176527813,0.09930323450811795,-0.0077538397124723435,-0.023040206399870256,0.014864781457980314,0.04685581804198358,-0.028718358953116585,0.05948235663732793,0.0026672066657531524,0.12480459559689527,-0.0523975629286908,-0.229032145732591,-0.19781729367631273,-0.3618849657395934
0.09140863473323657,0.07521145461010104,0.09906909835368194,0.047099190922415435,-0.10584625595795094,-0.21204537893956266,0.2136626438216056,0.1207460978019872,0.0513299089087933,-0.2183325444356612,-0.15864328156482155,0.05249704121891807,-0.14075519328103958,0.5709519510249264,0.5857173449974445
0.026139401089486647,0.020288888350212364,-0.013195795849161973,0.010931056368313818,-0.004632858105859894,0.056064410059080805,0.031496311421306045,0.08106834908460292,0.05743998581721521,0.0969750815457775,0.10187081419953903,-0.055166230462423194,0.13736891836210852,-0.14261410770576766,-0.27215554936403685
0.18084357160418052,0.21195669538817907,0.2798866168249272,0.18630097863870887,-0.26085045172996346,-0.16879523999755386,0.21338449984149288,0.09810779275832004,0.2616974293249641,-0.1520177810706269,0.3288453728703906,-0.2640308852257536,-0.20063934742729428,-0.19906001990992928,-0.33379183573170734
0.03940786604687574,-0.0177089116377529,-0.0483426621061227,-0.0024506117219227352,0.08519111909330324,0.16455909225599474,0.07026065561530603,-0.078602271628474,0.13511714117273543,0.32836270534167267,0.19314257193683426,0.061618639329720004,0.008154064801977112,-0.274693515075038,-0.3694331202038189
0.08618927685109412,0.040867953978506844,-0.009342054127472244,0.1421652740330719,0.02670405344168514,-0.03408675744253076,-0.004681280106075603,0.24377792001738463,0.1230837236051332,0.060526961934060264,0.030576442143130267,0.17208356267225433,0.06536597566439295,0.15775700063606207,0.20383228995379254
0.3534342408615434,0.30319511263265664,0.315444788768672,0.38404622864419213,-0.26917056796330585,-0.28527051844500373,0.18326662171063135,0.28569954111382057,0.5143635963245508,-0.05993297884699178,0.5259658668826663,-0.363656045301302,0.14412819886907735,-0.3149360955511852,-0.36878441358729075
0.14523928709547484,0.1416528072008545,0.22454963645301595,0.040792496011476054,-0.153788354935122,-0.1939067134612562,-0.08956484879452886,0.1988758485642248,0.1566233230752332,-0.07970160831335416,0.1856281058864162,-0.1048767148288714,-0.10596645220097844,-0.22416848550325474,-0.13085490783913134
-0.012309667343257225,0.06793482903428316,0.12378435607470917,-0.15251393155598936,0.00987070513893551,0.06290660286532868,0.07174254351601594,-0.09959820078696469,0.04104789344082027,0.012430374341827255,0.06323521892023276,0.28394148949820086,0.21791228535436025,-0.13316093090321413,-0.08543851252633261
0.09647961764103474,0.028090776468448153,0.07437300400850488,0.05563239682380172,0.025932326007177764,-0.09092907675274975,-0.055101217565856286,-0.10715675911108868,-0.03979597081465314,0.09080940249984648,0.172150930717047,-0.19049535198791623,0.001152272676017585,-0.18792820104881328,-0.05375657527035316
0.20637028835117643,0.06420167970652235,0.12034801427716046,0.14779878149994352,-0.06138763871019859,-0.19166357255563704,0.1856989798982791,0.10253717790744843,0.0431205563118775,-0.15885038580037247,-0.025409199274121885,0.031145870643563223,-0.3372466605602824,0.47333811304366824,0.3058616193865755
-0.2250446018701988,-0.2938674866804285,-0.2969937182736495,-0.16122119235705923,0.23868653265668227,0.46523330941481733,-0.08860485230604676,0.28774881478872416,-0.027948650272224596,0.35872540834500977,-0.14651022369050803,0.08963356719128512,0.35603700724667453,0.04250181056336225,-0.0680764297336176
0.31872335456574397,0.35396774435485456,0.31674050128303666,0.35761684048133513,-0.2992645792343045,-0.2840466574171896,0.30650691423193677,0.22931531052482068,0.4442582010846532,-0.2484779464902762,0.37136001089388904,-0.4423129882783583,-0.47653024514539244,-0.19609128133003306,-0.09799655741238517
0.0024329520584511766,0.04259869045780529,-0.01476185939254937,-0.0008934970968679234,0.000270328444439194,-0.06090369189162326,0.11870224223847892,0.20776409746457025,-0.04107904144405716,-0.18475815684059116,-0.30744862159807584,0.2930412344382822,-0.3940170469359803,0.6776519525559181,0.5676885920629873
-0.052711784885075996,-0.06327884695857589,-0.0819395356853605,-0.10261794345540087,0.1234305534216884,0.02509391062704447,-0.17119911674796717,-0.15695233090957816,-0.10256926280443812,0.0667418046360524,-0.08540331859878747,0.11342451449735846,0.10013180606842531,0.12682493245205506,0.08880924311708849
0.04153680618523681,0.0933207440161612,0.013230808012191897,0.037998210474692984,0.0836003742828022,0.0916629060065608,0.004149080032104235,-0.10576017769200585,0.07402701892638341,0.24146766655664575,0.1508573853085995,-0.09837076058203809,-0.11104399167233492,-0.40184046495163683,-0.39013328108084455
0.24573298145926592,0.2305831340985145,0.21214922301241934,0.21595167621951306,-0.16422206475024925,-0.3254171192638782,0.3144295487821478,0.3324461857502714,0.19726487276988403,-0.5332083278479551,-0.024623922774019702,-0.12608306384904022,0.18315518498632066,0.5700539864168369,0.5125590452348758
0.2996917230883467,0.28786087478207767,0.13342313532664396,0.3319164473289862,-0.17032853326501707,-0.10360011017768311,0.21274639534687334,0.13793791785939624,0.3468374711072537,-0.08226187794492934,0.6416429944704269,-0.36348480754680845,0.16158243472257228,-0.2018392287753007,-0.2105236334835986
0.10877310697075071,0.16766105361721362,0.10280788681123965,0.16506122874624385,-0.2112313602381557,-0.05565220053693243,0.21983418335506166,0.1690952683014948,0.06814395448381538,-0.07423657528318173,0.2148883949700211,-0.22770302631470285,0.2791836471000797,0.07954514436494986,-0.2889386885836063
-0.03917761256501473,-0.04414284590369055,-0.13705018740334363,-0.018886583108684185,0.10246621277158807,0.1943686381388383,-0.08858024486853533,-0.10593577829711753,-0.023599158654727503,0.20248332022764126,0.12998749317970204,-0.09600388901110679,0.3436977415319713,-0.4909201569268161,0.43818190382401695
0.3166335417299122,0.20199368646328253,0.23469999052162538,0.17806281038008764,-0.3313514584688324,-0.47481409261788676,0.18244420345352186,0.44427372103602814,0.0956366185539359,-0.49094172300996464,-0.08608122577462729,-0.033742440963243414,0.06597378312654767,0.9209882542305976,0.7411193705523988
0.26177930448405795,0.12373518798068894,0.16689083529699356,0.27119299897339344,-0.19087817529406315,-0.21056752759800523,0.132535982893212,0.22233182725408773,0.33630126967104146,-0.061780044001721324,0.358991310692115,-0.22246701396608093,-0.10239034658281132,0.11082978367985574,-0.03853942626133515
-0.012479161190728005,-0.031291041646393625,-0.04574848448627522,0.0060531323200969656,0.10376018542633503,-0.004390678225584477,-0.07711316882143837,-0.08137219098818083,0.10717277151662197,0.1837275878360134,0.004287286614829577,0.07543996718793111,-0.08775585043071188,0.07412055483497848,0.07446294181082647
0.06544277782574914,-0.026979749564694844,0.05278168819089313,0.0010976387745302851,-0.04454430158899392,-0.106553915287662,0.1954520872181782,0.2620372836364262,0.04327655514405637,-0.1593654938657021,-0.04476726878230952,0.03836551777662578,0.08151157990882174,0.36097034920401516,0.3681178406052754
0.1682578309684355,0.04317364078991437,-0.010431190822462355,0.17409191809360558,0.016178831495407886,-0.17568897884818657,-0.11162154185363016,0.013989562194598015,0.233115750562213,0.0934801878729512,0.33613321748348834,-0.09116827592326104,0.23521992974971262,0.07185778389680841,0.16675916113023442
-0.05347754762783974,-0.09990883731502476,-0.12216299609979986,-0.051372341612717864,0.13235103920801117,0.17410849171841813,-0.061763420860091234,-0.05473840267015162,0.03428891572213999,0.19178050454652906,0.1093929753238867,0.10116480902962222,0.18342823633176408,-0.6020907070900157,-0.1928062599529039
0.49069390117876277,0.40988119091900566,0.5268939292536832,0.3839968806367948,-0.4411841811661803,-0.5292829463751771,0.30177040138475997,0.2382813229093279,0.5214970259304441,-0.393901565706126,0.5357593555780056,-0.28386581663804145,-0.09259134010518744,0.1896066767490291,-0.021723538057969005
0.014472977340507232,0.0723832130171056,0.023402741636243007,0.03938439932566329,0.045256366911589296,-0.018215429915197312,0.03684916659791271,0.0046372965850332015,0.030321638865169698,-0.03065825928939203,0.09834958681859018,-0.21233774694546925,0.045485238855029086,-0.06548418740330653,-0.1412795553993857
0.48494887503607065,0.4469868546105804,0.4492634965390092,0.48133634285050353,-0.4665024562355722,-0.4824609056066429,0.5487567887872611,0.32749292902710003,0.5019215726733248,-0.3979375892275372,0.43457306259201167,-0.49721910507511646,-0.37909307836284345,0.2236516957260485,0.08899007290935651
0.04553144109613072,0.0576771565873444,0.017280575261125364,0.10303835095246305,-0.03455362482853963,0.07841157148995292,-0.03532908604656204,0.01623308705778559,0.08402618982264465,0.20283911810344857,0.20853781056916088,-0.10094269171490677,-0.04198022880504393,-0.276580580231762,-0.4183588590229964
0.010468191158013118,-0.007278895542611075,-0.12178608855585815,-0.019696746609472626,0.09593453667176544,0.05884934077062076,-0.16545327272855204,0.0168808258155011,-0.05061459489774167,0.09542982659490251,0.2196389657017197,-0.046624092780020776,0.3108697440327889,-0.2570390108641273,0.051591203870637536
-0.3289540540287528,-0.49390648401967674,-0.3178435449214956,-0.4251650367595885,0.4678009192870667,0.16056276164919892,-0.1689688799046638,-0.3730920877068986,-0.5433467363861736,0.2703324002141423,-0.4926801390341651,0.29034764601672625,-0.09055212633439336,0.16791588605963814,0.27745472013645794
0.039185293897323614,0.08009446811568477,0.20510935315520618,0.024971146744824146,-0.12172394616691995,0.030431476455879736,0.10194508023736404,0.0853627161460333,0.028871420655059987,0.010686130435064944,0.1631255179977058,-0.04980558151786796,0.1010883633423365,-0.4370247474621043,-0.5833736919937745
0.1995175477070179,0.2790958562668311,0.2713698395072124,0.31335718669793966,-0.27922078251542026,-0.14583156921624463,0.11568988190085494,0.05845335222214754,0.126585880473447,-0.11321071455645071,0.31054837379373157,-0.31339319982603575,-0.5745439983330595,-0.18155488845509604,-0.48497038575110235
0.027114500882371217,-0.038733462115219774,-0.08684888276278357,0.06436381555107906,0.025143320634294808,-0.003996366974674315,0.18526495484673067,-0.38969065605596187,0.3046504663030063,0.23679313112343747,0.1857951231301913,0.018376054179040313,0.2330972736726833,-0.33804271779619066,-0.040588275808804974
0.13870510108587286,0.16776394662470095,0.2550639518941391,0.13750010639380972,-0.2775360871801158,-0.07628272727090879,0.07793769211292734,0.04499356899918028,0.1266684565446221,-0.1232050001117615,0.2457294999580526,-0.1480304341924663,-0.13996780383699736,-0.21996367501113823,-0.374833758584165
-0.1549895392624956,-0.22475303620668519,-0.20834808806881067,-0.26900315603577285,0.26167068689000295,0.18003357013415333,-0.1635793934433023,-0.3541987388411938,-0.21100830816839555,0.08016803099008274,-0.16901099356418325,0.27039929573442456,0.34293626501398244,0.12346114196992797,0.1270365366391108
0.1819283499048865,0.19380829503343988,0.19737302744827012,0.15538843042422612,-0.14982890834903118,-0.18694260183941136,0.03531523931737679,0.22884074691554046,0.2183232399047117,-0.019926220138743567,0.30010815685321934,-0.09201377455123905,0.25954402192019455,-0.020593998062595542,0.027113776143881163
