-0.03520271858400936,0.22083888339700875,0.43252729916093013,0.061525199275203724,0.4001405290329272,-0.3063372193331342,0.17193624868289126,0.2936531777603859,0.2964079501358641,0.294912754065376,-0.14016139741897848,-0.3981370696085057,0.15650395727983124,-0.026690244895329784,0.32997913973284326,0.21626347830457038
-0.1509159061364056,0.11065756616395239,0.21191348901428197,-0.1065183742882514,0.0793213168235456,-0.23659450935797732,0.23238100699118958,0.15345405945136958,0.24861521517993834,0.12962579713486666,-0.17939536142261736,-0.18577604859296148,-0.1073420810012446,-0.09926569565647725,0.29823698639395496,0.06091069072768218
0.06048542825308023,-0.1640868704176821,-0.039478440753910826,0.3001883122994613,-0.365102577443138,-0.6530550723439337,-0.38028782857632404,-0.20219738874305193,-0.8509605928449246,-0.383078787706444,-0.9144833939401695,-0.5660161007298825,-0.7987003052105914,-0.5515707998718922,-0.21681238445275763,-0.09603881411767012
0.09159901772878487,0.3369858997808606,0.5292495744272736,0.19312407325666836,0.5384955409681349,-0.30857432800211204,-0.1318859838009776,0.36464365672435406,0.24996476441546878,-0.009073522007855939,-0.028441240658217515,-0.09671845147936131,0.23881876091068704,0.08716185309141344,0.6603092975779395,0.46700649350022877
0.10972966918686211,0.5227606982596884,0.8322451323836353,0.33220621526940963,0.7965706792462139,-0.7937701718818029,-0.08649960629711684,0.5629758473181163,0.4001684877885079,0.12355446430209371,-0.11145743395787361,-0.3276739556797085,0.2815048263353921,0.18549807589258793,0.3979896408501015,0.2594086334927331
-0.035410117248807715,0.2440613519525363,0.3318571176837595,-0.0717118124212408,0.43174236475922934,-0.0024943812081634764,0.16532315973306622,0.36633414245357643,0.7267325208957036,0.5523917553026869,0.21473288775750632,-0.05502617783711927,0.4505641830292624,0.1560343670152592,0.6378546208410882,0.3265025609386192
-0.18628275739923672,0.06270325061182525,0.20472673629850813,-0.018218598397237606,0.19633491576591933,-0.3868971420235978,0.6087395059727168,-0.04188723220585455,0.4575179988496829,0.6451056883301673,-0.3396190376810235,-0.5999586272415167,-0.2852528575961888,-0.38892928849486447,-0.016468465039049862,-0.3383755252879834
0.05509182946950664,0.17306629132197804,0.45452193001776675,0.15617373166497117,0.42200466301061645,-0.3800196950414132,0.1396320882358313,0.21704986198234777,0.2940434427009577,0.4169613376951824,-0.2693079942845441,-0.5687816232829017,-0.018724419485333654,-0.34362246796405116,0.4856110815193126,0.11258664441281946
-0.005951852058358131,0.2502443023588774,0.5049096919422342,0.11905913903751397,0.46265990898849974,-0.38528725466540714,0.10824017679633613,0.33412571496950627,0.24316827201481517,0.15026055313947295,-0.19410545105402432,-0.3329664805066146,0.16893525647552113,-0.03595294069279967,0.49154628312291915,0.2458912448898667
0.05104336972727541,0.3528819882445329,0.5479894875856777,0.1723049807210053,0.47224458766368427,-0.41540472073862356,0.15279595635548682,0.3488882300912557,0.2598463610426982,0.04292088013899509,-0.23131660857151704,-0.3740539877751609,0.13848838082741288,-0.0994912146652922,0.5014185782733603,0.19837784248639057
0.03897789702085075,0.4490176971183728,0.7705331372555435,0.15063352670336427,0.6449462801454002,-0.5668888328952046,0.24935991513610078,0.6167514406487487,0.5202265904749066,0.3313367941326004,-0.12944440282910374,-0.529884939027321,0.33111580285114117,-0.02999319266321021,0.6952883449378633,0.4676759968105646
-0.04466726095061513,0.29736934677994586,0.697370112202049,0.19176906350293454,0.5934602437009213,-0.779329088936126,0.4839925942058947,0.3652276132367984,0.309221324458969,0.4034828217661022,-0.47283129482718944,-0.8343692615852434,-0.12536926496874568,-0.26064752363963695,0.10649576317895953,-0.22935707718534182
-0.03271112361090189,0.288426293421582,0.48085588697217707,4.128116128931936e-06,0.5806189081240243,-0.1939248240978586,0.3116664654107131,0.43444721587251967,0.4222407713723315,0.6533543410735314,-0.07686035974828664,-0.45620108188600017,0.24065565620845508,0.12220220470813595,0.3010575737305996,-0.09930205072891485
-0.23735760317015298,-0.141775680114816,0.18673362273244853,-0.09760814532742912,0.0594693853150885,0.019558589093225276,0.5112191388236553,-0.09141609126014805,0.6104981410805254,0.6992614181809695,-0.12076111663322919,-0.22392076812245243,-0.1405954541502723,-0.33081628774617594,0.5178652136875594,0.34652239587659606
-0.16892770155198278,0.17615795581962845,0.3763056909051494,-0.041752943771446116,0.328053605593458,-0.3090815852019704,0.4808483106119934,0.2933244594965301,0.7459553602633414,0.5627907505909229,-0.0963207456245857,-0.48372507055607195,0.04831239213366123,-0.039575250365313286,0.45620204730197156,0.14367898420439862
0.12516657502550443,0.3853099559610318,0.3983152322522514,0.16475249898138178,0.4588016551073273,-0.41595252377421943,-0.09782913856126818,0.4390455317014701,-0.004021330602395734,0.002238662180819695,-0.20962450888405382,-0.3431854026181864,0.11827667572026263,0.08993286545084589,-0.07994003605410038,-0.21515553568939905
-0.07860061456739542,0.1257584383374344,0.1713077554938196,-0.04766140263201124,0.25652569454966234,0.09258810850370813,-0.16425125982951339,0.12246231382976336,0.2604806598817526,0.06121905890871959,0.4657050741606879,0.45845771639712113,0.45210040030922105,0.26213006766239455,0.8181066441647749,0.6372621757856558
0.16609929500415488,0.34461757889654376,0.41147647187172454,0.2640838681393154,0.6752638668039588,-0.11739849628809784,-0.1593969745738777,0.44435017821586853,0.3186909770175492,0.1778284117661022,0.07347163464463624,-0.02553899408877025,0.28274610374195197,0.15936720226029222,0.3267145340174342,0.19971892021075255
0.07067087565403618,0.3170171194646261,0.6069132987889363,0.22719069953637194,0.5164277093421685,-0.44938648312823126,0.011982367812679362,0.35205416108524235,0.2974831721617852,0.13133238735091246,-0.18544347176634268,-0.3810327744279276,0.1885883672915103,-0.21692685022822245,0.7113546680915974,0.4617410954136507
-0.2433901704490573,-0.029380934307542628,0.2700010423600916,-0.16218524336179452,0.19890244535229762,0.07332217191923496,0.44801654777011835,0.04054124887563826,0.6366879046054326,0.41758387241489814,0.16910806037441461,-0.132070257404572,0.20455879801490817,-0.3226528743171021,0.5995077900293884,0.13484972131493397
0.022099622222329307,0.4214312939697631,0.6034092561371929,0.12341203699803116,0.5330755280525783,-0.6172257532507506,0.052597235776913775,0.4774527046120045,0.3001648788307655,0.48176060882363103,-0.08488033874670942,-0.45954167870334217,0.2375336275192773,-0.04506251989678603,0.8737158035357784,0.2547348928551405
-0.007189133700089112,0.3016680194296748,0.4848572022211477,-0.07938681116297985,0.47200027330706695,-0.13559515981435855,0.3664061868587589,0.4318298781344616,0.9372663457866595,0.6897053437172844,0.3689499709917323,0.04910493141267053,0.5198623908063269,0.21114475200439586,0.726677134901404,0.5411097983951542
-0.11434898930963833,0.14651916872191362,0.23348342910824282,-0.06656014962228651,0.251229717464279,-0.20758828833788523,0.19144258876284104,0.1912138707041846,0.24175331552728063,0.2778976311991763,-0.08969183601006325,-0.34242439888860887,0.03823963370994932,-0.10065063176644407,0.2689398431247815,-0.11994863930637156
0.13572043541895318,0.3290585943119353,0.5461804127616707,0.1769013435687552,0.34301789925270776,-0.3602769655108189,0.1326660808875555,0.3223331126358804,0.3782687299636942,0.04268784947724291,-0.07659976452823791,-0.14867322985434406,0.29552842851036654,-0.331579917368534,0.6503049808829992,0.515920038849454
0.10256827890223064,0.2998438587771588,0.4470258853832745,0.1703195262999988,0.4526764243133574,-0.4608979073589816,0.0020217155653725616,0.3733320544773089,0.176897843349771,0.22906970710286267,-0.28866293442954927,-0.42015830439982293,0.1844836875968675,0.21083274621492765,0.39520146060577976,0.2704320098934404
-0.26074898210414776,-0.06039027244807005,0.1524121254423323,-0.18158497405368923,0.07874165576821324,-0.011392684885527693,0.4573564696042509,-0.006420425913985728,0.7002759954942135,0.38598227791487916,0.07454963227268652,-0.291817542116814,0.10059206911814478,-0.36452613780249354,0.2932147317240042,0.029599932554786212
0.34262277473282365,0.3494882014454441,0.37145266777393404,0.4962844502024437,0.041141312981520795,-0.4962791385049439,-0.13232710813007387,0.2797916164064498,-0.011028560834185352,-0.013052756143919986,-0.44100462257127027,-0.4450205445394655,-0.2931980676340285,-0.5155118493904063,0.4088091185444396,-0.4983532818579324
0.22157304159743085,0.6493793611228731,0.9279367023569174,0.2953869092318073,0.9063155582258142,-0.5964989295917766,-0.04184737087483015,0.7252636104158319,0.2490448072883651,-0.13735980746957077,0.013187599636319547,-0.20759746875117624,0.4085192999665612,0.19686980003911042,0.6282083561485674,0.5990782294161828
0.2450905808641266,0.5357941330359921,0.785201565353165,0.37563782556818426,0.7498517232094615,-0.6285992114871797,-0.24941680333685112,0.5051561753208609,-0.017784068192929325,-0.2122926870362778,-0.2787990986597042,-0.35650844503812096,0.13207011068812713,8.85526395064673e-05,0.4463593617681494,0.0014808261841612463
-0.29846655492204643,0.029887424806437135,0.47334312836620573,-0.10290104986381454,0.3640477457916249,-0.48423445993803815,0.6623072581505944,0.1430387717676811,0.6338492016940789,0.681251706183784,-0.2834288370354514,-0.7187300292943113,-0.1080527438932799,-0.38861405004152083,0.4653556161539486,-0.006020212804758139
0.32210411146330586,0.49687904210210565,0.650705804927086,0.3927288408869014,0.4512966943684522,-0.5500906726860277,-0.023441543132197706,0.43274561095986463,0.1098208017971376,-0.3414502448183212,-0.39693739398180095,-0.5020169490266356,-0.0735040063954267,-0.29741354413704435,0.3424695185276268,0.061938760539249224
-0.09892933973518514,0.3901105563118077,0.6912522234329055,-0.036071959016226396,0.6309904201454226,-0.3186414912074682,0.5953326512678316,0.5225160714425128,0.7414488240678248,0.8634911238172596,0.007699014942525784,-0.6322275882750465,0.3404452236837325,-0.06473780651083627,0.6628025561305229,0.056979201343852426
-0.05514157966734912,-0.034516452781076845,0.15428889193370598,0.02934740310018147,0.08786338593604603,-0.1216405160374705,0.23898095932073127,0.04054787937089932,0.09239485842247608,0.2938109069006456,-0.3662635798508993,-0.5755557735817723,-0.2828003373426706,-0.32262311044477043,-0.05741614964241154,-0.08669974748209217
0.11946015182968828,0.5132855091689299,0.658310594280713,0.2919366318771539,0.6542900918057337,-0.7067994048563639,-0.17496229745593372,0.45373115423543986,0.18971195717666922,-0.20392055381157426,-0.16287325613050874,-0.1642604770268944,0.2469529737738158,0.03169533726826576,0.39727386716822877,0.24912988803000102
-0.058417675341862374,0.24343453497234369,0.5078319672427236,-0.010170920769818403,0.4601326599390365,-0.22662289838076655,0.35253297272815076,0.36394735215906215,0.39203436332514374,0.41034095451522257,-0.03916607171675479,-0.3546286043998721,0.32773378382656837,0.0010138831617007016,0.5757058076687503,0.4111338479584601
0.1061759198096488,0.4869542706484047,0.6507476745495069,0.12441559667722801,0.6196031184290751,-0.5891073850203266,0.1750101929236081,0.5258187352616144,0.29254195906222313,0.09410885286852544,0.012617869573983476,-0.16583872509978903,0.4017647580212736,0.1300773829197644,0.6084840597757036,0.5046190715954512
0.07821261522750467,0.35671538830257976,0.43867966648035184,0.08743867844378284,0.43206527322172805,-0.2133006277946825,-0.02996950315642044,0.38405394455198993,0.20302988347354667,0.18864987863404026,-0.00655086311094355,-0.23991691395338077,0.24604615196854795,0.08381841123321898,0.3577182552458829,0.14560984793331194
-0.12889227115510105,0.0287888165627328,0.4902137110880902,0.037179690947421795,0.33341374908788746,-0.2312306689423156,0.4113819149851796,0.14378465732296686,0.6433208549081486,0.46063332638116905,-0.15675778175745647,-0.41145892976354925,0.04648984027062453,-0.3926843363044985,0.9065856632697311,0.6404169782387914
0.7143351124621546,0.6042465818011922,0.6920256304539432,1.0215607067911003,0.4031463226246774,-1.1273794915207087,-0.756012147603093,0.48969207040129903,-0.8606241845224244,-0.4466094736652042,-0.9134735792201636,-1.0506276241699875,-0.2960405913052131,-0.3104042568227594,-0.34187141888348355,-0.15624665453746636
-0.09512343731829054,0.018831347902011242,0.4419744535857848,0.064870506151536,0.45740516410315846,-0.15983807715115383,0.28010808332736237,0.12154795366125937,0.22194462159056605,0.32538798422086934,-0.35125534424507543,-0.5050810036674095,-0.13437845894075634,-0.2740322565640622,0.29534096486000794,-0.03355208903644846
-0.007856949339663633,0.25702726495821593,0.48924743178026375,0.10588929021838256,0.41761894757978313,-0.3302123873031868,0.05569469276049688,0.3201686164971107,0.5517041942832354,0.3924361209933105,-0.11090790609361334,-0.36264380520296896,0.19943508719718328,-0.03483719399488383,0.7701456696238299,0.4535345518142271
0.20005261308084576,0.35179111171212885,0.7033467562377942,0.35142426993594644,0.5197987255566408,-0.6363748209133504,0.010954276560598553,0.39575480309587974,0.2573536028205099,0.24562249541645254,-0.3760560523749408,-0.6347989306226901,0.022701254502908386,-0.18111504844838144,0.5544882974097088,0.28864312545596915
-0.04979328030168695,-0.053934281884270074,0.004143419902516543,-0.016790923078488174,-0.09704365302372886,-0.09842591229583397,0.11233075316278818,-0.0075452368110091594,-0.028347403276162364,-0.02569901725550716,-0.27546574745325336,-0.30088175824468233,-0.22657697530773335,-0.12824107553188555,-0.23371613802565272,-0.1800846069656467
0.5282068223366945,0.6843388116921458,0.9746372733347239,0.6983854174101194,0.8583722511152978,-0.9922908915278441,-0.2282205571383089,0.6782214989161137,-0.3277577508791747,-0.22623564767486815,-0.7923050952320575,-1.0827966075111388,-0.10987165028302714,-0.22172003652771166,-0.1690602138045601,-0.3952794140657939
0.014668255984739531,0.14173024247814148,0.4344196811695227,0.11892159805125568,0.4142411857285184,-0.22394222852516044,0.3163906501059348,0.19285224467733175,0.48675323388901903,0.6022698561753903,-0.22587907102297877,-0.5074283909357195,-0.012143072210625105,-0.1792034615773953,0.21784643513784213,0.10595509018661224
0.09191911297854705,0.6583642041473607,0.8988364651480376,0.09297732249689994,0.8462884110379626,-0.5808764177214398,0.2218444197153948,0.7557043180098948,0.3572593369653736,0.12423447087880501,-0.021043780930259937,-0.45152542775688354,0.6075603783562917,0.3312831215782026,0.8399307401765777,0.5265645925960197
0.028591607569816935,0.4484413974265433,0.537911748971873,0.010955037309837712,0.6681600770309173,-0.1362747967750002,0.008226646369407842,0.568456436308092,0.6506276775623383,0.2807455104032741,0.2959450815242166,0.09654420633780281,0.7401574640795242,0.27976878979798875,0.7632375781215571,0.6444863149947795
0.07901387184705189,0.11561711643633998,0.42486274562723314,0.2683961212557995,0.29307778839692733,-0.4412316018077307,0.21312810921960335,0.09813681780307038,-0.02921626579839831,0.2883831701104156,-0.671001592125763,-0.6532747188321725,-0.526129538078087,-0.47424889451565144,0.21359142592246583,0.12751344739538373
-0.05731221854907198,0.19496896370679972,0.283615451159122,0.011020227623948387,0.36265093740323007,-0.21559216697986727,-0.018581989514871777,0.21643785049488629,0.32185595267317635,0.2390834702889717,0.015194355158905104,-0.08804270817471471,0.11458514667597552,0.19143221145058414,0.4012343470738634,0.10622668757075104
0.18309664103240064,0.42331707710505384,0.5833151801450891,0.2331656525725303,0.5419205624709971,-0.5562231147748873,-0.06240488506355324,0.4391907219943496,0.3632296350071569,0.09570619178964912,-0.19751914918902913,-0.32250786288797006,0.2000598660827989,-0.04475912282729089,0.6642626385413993,0.22798043333434914
-0.05709740715330791,0.16161228399380057,0.4639098418775669,0.0484014073660477,0.3498922864707745,-0.23174434089526863,0.3205211921886264,0.1575333770146996,0.5791605847010133,0.3337607619720808,-0.12574522368988317,-0.46949942077889895,0.07350277468756028,-0.24969676641045147,0.6930849144604248,0.09317744213725743
-0.2557607390878116,0.07222734108230644,0.31652851327301,-0.1691329424199448,0.2615233966986785,-0.15944753494495578,0.5779069484523989,0.19716216120500718,0.607317115180915,0.45504286052400267,-0.05547127571066257,-0.37759043491544586,0.19239178461073958,-0.11609700752096502,0.4687284495358842,0.25455136634712083
-0.022546496775927016,0.1707778625707319,0.4569101212914246,0.10694933406444873,0.3845425793403334,-0.3492502048104753,0.16561527506149054,0.22873151353167898,0.6402585280493128,0.38371448211872505,-0.1903295921237227,-0.4108240686379047,0.040625026362840044,-0.23367513790487338,0.4659332035314202,0.18259467946341523
-0.026932810974372723,0.27387123568514515,0.4813131033257805,-0.0826896401820667,0.516480339426864,-0.19941866834811695,0.08952860825395081,0.35239162920966205,0.42454776703368746,0.4713833179321554,0.28394021935125724,0.010940005766728933,0.5058921697516383,0.18524328815187407,0.6538069144689318,0.34179171168130557
-0.025881588794906207,0.12248420963692164,0.35592797798492604,0.08029737363791156,0.3107915680073816,-0.27132320095045426,0.08614355409821473,0.19301020875228136,0.2730830905386037,0.5269312780434208,-0.22660016134792293,-0.6702326943790735,0.005891917574502692,-0.1748366358983684,0.15603023708924085,-0.24628806862755503
0.09499947629020333,0.35661197721207927,0.08251707763115834,0.03060845297044512,0.10271112137382243,-0.478118969086081,-0.3135912924046964,0.44785054134966074,-0.12979005289927592,0.30457154212276094,0.2322213254751868,0.06409438684095425,0.28103397898004645,0.5811006321213185,0.12708763368715614,0.1700031679984067
-0.05101542309295759,0.28857209586070875,0.5293583880546961,0.06140015793066134,0.40516205957007223,-0.4059665423263714,0.2525584879896776,0.26791992204240866,0.25665216770064436,0.1409754447860767,-0.2652772257528706,-0.3392280533057417,0.025840242510783762,-0.07544308122011956,0.5069573019433006,0.3235163984759906
0.07347933186375277,0.22924725110958044,0.5343547781113955,0.18531085405303682,0.4848256284740735,-0.34783918347831166,0.3102590727585688,0.3219927778758136,0.4986828173500155,0.48292231448551237,-0.2861472258132718,-0.5274985435970723,0.023572957254301863,-0.14934101614810474,0.42297689672097577,0.12753098725291512
0.005148617133555522,-0.011282553428900721,0.24147793306418075,0.1234751651153827,0.13508720929090057,-0.21204211340049306,0.3496704646917286,-0.16888016648005455,0.20021640088850678,-0.038434780279111624,-0.3923515686614736,-0.49536705482848775,-0.4818631666527798,-0.5817385846037558,0.08339518626751447,-0.29982882343542105
-0.05635200303383092,0.12622604629038614,0.2190390890876046,0.01494471815574605,0.1540701255214869,-0.2080106312991037,0.26371346554205743,0.17090870080210507,0.30343836215732534,0.206557791846528,-0.14661443520836637,-0.3033067984649903,0.008584402350666931,-0.11832246076379549,0.1738184373475572,0.049517334825125325
-0.034688016881142536,0.3537128945197001,0.6500707493336593,0.09964498651931741,0.5225142859192604,-0.3542540953804558,0.4305144395475009,0.3368966105191098,0.9194781720821393,0.7391597920679195,-0.0545361155359847,-0.35049120014785806,0.18211613239943705,-0.28183349207236663,1.001364949311532,0.16787006335866433
-0.1081849574326359,0.24489301651190387,0.5743419705535009,-0.059174486940970716,0.5176187026153343,-0.3595621945006118,0.44477690711757223,0.46963602564532936,0.8507428193294984,0.9892682962813937,-0.11955996058079776,-0.40208542981437456,0.21694483143777277,0.13756357368274133,0.7501613454688286,0.39198627007602793
0.06228177235354804,0.26492723633006654,0.5327931697568706,0.1900531250934181,0.4345089873508454,-0.5136756124708415,0.1872739160693655,0.2988406097199885,0.08510768607114505,0.10558493856363405,-0.35627781409215964,-0.5208451194726365,0.0625362741273483,-0.1060318379916183,0.3312429675331893,0.24955962486641103
-0.017027509099627247,0.2682914040294593,0.4183843167260186,0.02495842920297875,0.4232309484980976,-0.22227642695147343,0.11389570776674396,0.39377204990136483,0.3751149578246721,0.6653895939222634,-0.03903739609963508,-0.24888029664707945,0.29668200982630155,0.12283188400088774,0.33154399802423085,0.35546853952164426
0.28634242726572245,0.6067617726818972,0.7583430332028922,0.2934017723176816,0.7430262685698037,-0.5142164350360809,-0.07550822519806477,0.6689832491662275,0.11648820393337855,-0.21315707798850037,-0.11285393529609145,-0.4118796116294232,0.4021714976643263,0.13955521193349452,0.4923033038407506,0.1470850034777861
0.06410454202800486,0.07953572686379506,0.07671612483724011,0.16388958661148445,0.04871309924135914,-0.2370278550857623,-0.13822789378457756,0.07136841356644852,-0.19503555047722498,0.024598023565444826,-0.3074044076473461,-0.2784624932055344,-0.2230274499186585,0.03566510775177778,-0.28874661436727656,-0.25931507088390837
0.19514637963582837,0.5113368080010254,0.7983652616037749,0.3362455804618518,0.8098165590542976,-0.6735083217524362,-0.05528453864806715,0.546938560212116,0.18461416824983345,-0.13813416019123315,-0.3703591473678055,-0.5918019913234496,0.24478651944809127,-0.16083680359707497,0.5068106785163626,0.14764831245813875
0.05615054805622677,0.38019443218502325,0.6641264447794388,0.19073140033883274,0.7379918100770122,-0.44013041450702306,0.05415770402763154,0.5156931241120728,0.47199132189547166,0.43599538963852025,-0.25320200409439253,-0.41254165412105714,0.22018510520168566,0.225195067019513,1.002973733915146,0.656073404499796
-0.27242651480515034,-0.02120291533148433,0.26016850392059854,-0.27356544301221963,0.20851557875838722,-0.03983183644149291,0.3354501209331411,0.140155435904598,0.6549755516935016,0.6523519880628614,0.2332915111994318,-0.1336565527610687,0.4591720682722448,-0.05066288398166874,1.0224858375846753,0.847869372830232
0.26627237565620154,0.5586384916672953,0.9064397005342395,0.45140809455918984,0.7839405334705203,-0.8426679060767279,-0.11352444621374769,0.5502347047862206,0.16602661894197102,-0.13181753922378125,-0.4604549561237029,-0.46112680549357976,-0.07450455682068702,-0.15053572998418796,0.6773534197871429,0.45458288581373696
0.15705182028983278,0.4034469256235105,0.5669356779597086,0.18996955145722572,0.5943874363328545,-0.4754245257960048,-0.079438033733912,0.48006728120284503,0.10379084406430161,0.29592173793349086,-0.24727292958067393,-0.5512952071370913,0.31439977329057167,0.032900971163156933,0.3318004700825843,-0.0672585947722063
0.6224678432796875,0.7849601055194979,0.9262198790342098,0.643010742695346,0.9504835484180439,-0.8439869885346329,-0.7645951215991136,0.9313222044238519,-0.5105583718047082,-0.9529927781276943,-0.5823308290906042,-0.4613429614496245,0.20188974051867442,0.2327247768766998,0.5376915926664259,0.44737404838386113
-0.21214118979539398,0.19626298294232902,0.4049145886662495,-0.15333931079127328,0.3786230974134315,-0.23380192047996706,0.27435321207626306,0.33818546324864585,0.7952355180211464,0.7500003259851858,0.11630552403123695,-0.23306221286679485,0.4063505843949371,0.11416763667413155,0.6034541515033156,0.34390174094631965
0.5984077764481652,0.8963802869889976,1.0802637208320747,0.6817069956303599,0.9822344796640083,-0.9534120575288372,-0.20930391252224223,0.8110663051851013,0.10306656505224265,-0.038515953563929894,-0.545801020963017,-0.7894667501860275,0.46921527471268687,-0.3260289764955166,0.7334145540868371,0.14540203868550872
0.2036331752839564,0.20408192078351428,0.16834279061517643,0.24468283213630238,0.05708066787555088,-0.2892866318178444,-0.044079913420601136,0.1303235017755624,-0.30612762182207054,-0.17398695522776741,-0.308192459941509,-0.4489387198826871,-0.3189582375140635,-0.3029240236098426,-0.4665415086119578,-0.36421197535536004
-0.06810945222488618,-0.017573241254183358,0.24328492107323774,0.049650281441456334,0.053609934050440566,-0.2887736121604556,0.5409310828524727,0.0902291937170292,0.2546103152942447,0.30670029353644,-0.28912335128000577,-0.4614585318162363,-0.3233784605250214,-0.2886818887184375,-0.12754188123379795,-0.2247318183573886
0.15475915347089475,0.4424471069159832,0.6240937647062463,0.20447571928404584,0.5627431383532138,-0.586154629197817,-0.042388162759385395,0.5095633891177203,0.2158786141925897,0.16105179843148787,-0.11766639804469636,-0.4511331693090357,0.3902454406715061,0.11319151752398449,0.7732822018368286,0.5687208671335071
-0.21362693644266306,0.027150164245113295,0.19563088288538566,-0.20423418376437286,0.24888135560404523,0.03935512475216729,0.39463989576699254,0.3468034481072986,0.4537156700605758,0.7422512279481326,0.01649796708988205,-0.5036526212223968,0.29829417948876663,0.14304571999342752,0.3481283376818782,0.23785127907208442
0.36097574928974807,0.6893456811716043,0.8307045355581177,0.3684322116610377,0.8914335190436916,-0.5821751137711768,-0.24147402694673548,0.8259507453674364,0.10985461260064078,-0.09854038179631885,-0.04642257213014034,-0.32094217352326826,0.7721905746992126,0.45907109517494726,0.2810507836167352,0.35510022822415443
-0.0552540947506972,0.3306098002222617,0.6466845803179253,0.05462640503879235,0.5515242794826636,-0.42914531755025465,0.29652937076297126,0.4473039742501874,0.277007985963424,0.48967343177257483,-0.29198674421247417,-0.7363478454757693,0.15604409424397386,-0.09490077218149529,0.6171001722175061,0.11155410171517788
0.31856001509557696,0.920211169500118,0.9707612240519787,0.34266359113861067,1.0097124117199763,-0.8278690770547339,-0.3028476028602416,0.9275586200270765,0.28440462802155375,0.09318573744211966,-0.15108024591244806,-0.43534015048884345,0.6517737590010865,0.33065477689536166,1.1015663742974287,0.6547688507591706
-0.0006702086321741518,0.2891610831475324,0.5557975327448144,0.11280620203415492,0.4983143786883215,-0.2730045248907036,0.15434865614925442,0.3571909443212873,0.3031907000724545,0.35136594535750687,-0.19527789927520112,-0.47029049994159267,0.20650101351438188,-0.21003709741622173,0.5353696826479599,0.19668974758437213
0.16920104231042377,0.4198039561598448,0.6095879083375759,0.34603133655592666,0.6314263069243193,-0.6723606495327641,-0.1954571119669415,0.4384323761414277,0.04743102340726302,-0.06014312800601784,-0.3043432607305454,-0.38458110995418715,0.07855585918857333,0.05533386890063664,0.5176547332185433,0.24193169323122482
0.042310208214863865,0.4840431013096105,0.7630247349287078,0.17342647229338182,0.7489221150533083,-0.5901127221631843,0.24916461601509332,0.6664366948089209,0.2762926513455457,0.40112898066800073,-0.2509093862841919,-0.6505098994838141,0.24878504817960118,0.04171296206363881,0.45727157033338145,-0.024112840441399858
0.22373027084332642,0.387959890794648,0.692833551121226,0.3380778646462981,0.5760125018541176,-0.5017367961157613,-0.03929103231975506,0.43340945279219345,0.1718790117471194,-0.009448367391250212,-0.25651714484904586,-0.3673463317880423,0.1531435493574103,-0.15327477183791283,0.46212418047259707,0.45383368972815963
0.44689487626306157,0.4215694464507025,0.4311044500439736,0.5446705398702083,0.43171306707537727,-0.6361629741834784,-0.08871710160345514,0.4159943567666816,-0.7158691052094307,-0.1752481114317691,-0.41184855233200585,-0.662890046733613,0.01371713099362204,0.11090894593819109,-0.48527179327967795,-0.2608551261397643
0.5461740479602517,0.6183344632665069,0.7277361103690292,0.4756486293178248,0.7519885855853246,-0.8354794741830037,-0.5949463455148847,0.6376422305877039,-0.6276970331964086,-0.2717748745820747,-0.5613974595820083,-0.43944645569201546,0.16163606330999702,0.48602446500084184,0.05177667090381077,-0.16871000160817717
-0.03245159179771595,0.06542840121731963,0.37183544417996384,0.01345587899150491,0.233206853201122,-0.23327980813894778,0.35175074464510936,0.21310345762081062,0.14481162871384656,0.4424735910585442,-0.327387951121902,-0.6394508165756178,-0.13810502201598196,-0.21172494872998593,0.14911273493958022,0.002939936801072879
0.018457031497886023,0.09988048950400685,0.11949589602974298,-0.00668486900278642,0.06769910415146407,-0.10926756257530856,0.05319152756744505,0.04965835831076415,0.26362715624773436,0.4653037749506968,0.016416715061302267,-9.309327903628262e-05,0.01769212001162712,-0.06260480525418599,0.18499025396130486,0.02225176927586242
0.10935653606476348,0.4367669857296017,0.6930495936682948,0.2718070975015512,0.6143154268772948,-0.6756978390958532,0.027209418870422386,0.3801010560217677,0.40098226889653876,0.2984611230566643,-0.3379146299228588,-0.48125582884002416,-0.020391875338596765,-0.24552944820053846,0.900868202337756,0.32008756365103763
0.07562008240102003,0.2726796974957051,0.4249363166256075,0.19264637558651265,0.28886485625032987,-0.5570415508594444,0.601736216436566,0.15515609540940156,0.11509180066748614,0.14717673534289277,-0.3525163550761412,-0.5509381849615549,-0.34321922702824736,-0.3414201869527542,-0.3790590786134316,-0.47750899079595577
0.1386831630121541,0.4677527578808056,0.5430916383287427,0.23832657595831952,0.588422527747062,-0.7262608908414583,-0.12189610792731687,0.5183873014048332,0.08628087941890272,0.2072566710281023,-0.3192634072013505,-0.3858015656809769,0.0461921597728856,0.3145475616553606,0.14623653846244888,-0.2284740601585311
0.1679367757453083,0.32148681960792214,0.40103034639392354,0.22106771063031916,0.34140998171639503,-0.5716941342233393,-0.273902840911046,0.38479507073624886,-0.3187212955590124,0.035647756237467076,-0.31423383022340123,-0.43893940058862335,-0.24244096464253326,-0.17040567459565226,0.1451766832181448,-0.005603154827769519
-0.13973543695830015,0.10818862924450134,0.29889034850866825,-0.09811058940145134,0.2589461871969765,-0.12435648041903424,0.19800273880135832,0.15569281092160314,0.5362489427730089,0.3521512208186033,0.20439161563185748,-0.021644365801138044,0.2828132438275706,-0.0317956196475353,0.5578995656252821,0.38018594310496295
-0.06315968065785471,0.09510551465460493,0.19936570333494896,-0.05373572992633102,0.195432305392099,-0.04485324668347057,0.22792134460508784,0.20838161515491116,0.09587912904887519,0.14800097208298002,-0.03105096659868334,-0.349885370483757,0.20218316644169726,0.058760154338806936,0.013924507636055239,0.2057570908419597
0.26637225552929644,0.5676968945570864,0.826529178997272,0.4029724424903782,0.6753490164813176,-0.6517459489002206,0.09195783073384067,0.5265428207467142,0.5713028612527535,0.2156048975943612,-0.5556633506968107,-0.7907467895923994,0.08132460736814817,-0.35589571302711953,0.5751841965300081,0.22796171253430575
0.5099306229221292,0.6722608716002221,0.8277095606516347,0.4194605748478919,0.7964857091075163,-0.2798066246234341,-0.42584911275574633,0.6823461116531436,0.01159636862623481,-0.6217889424915822,0.1819524564854913,0.0791499768115721,0.8278527915139049,0.30543153144207225,0.5292183632838626,0.456807888189799
0.15098685997637196,0.202297034627255,0.531565472214159,0.21898700681905647,0.5136758478290926,-0.3420619961577087,-0.29853478466819716,0.36626610281733996,-0.046765902034126006,0.16563709781713642,-0.18907109498062624,-0.36221223182242035,0.20730685206033667,0.08351572452887024,0.22251954322377698,0.06921492771245652
0.025018306826682934,0.2139342760089562,0.45367079156034995,0.19557277769569215,0.30092020682658505,-0.33715757918996503,0.1379487172485021,0.15828712859006355,0.4113923693951045,0.5026907633547992,-0.37827020303101455,-0.6154662714282403,-0.18657603519483712,-0.47081853734413026,0.4065173688515677,-0.023629175248741086
0.028292281976548317,0.3324836250710057,0.5578648606386796,0.14572997913389396,0.5332869640597975,-0.5562382271562887,0.19244781669877886,0.3099059038550398,0.6048074256156108,0.570054143520969,-0.28978386449144145,-0.4801734144390941,0.009106466243991584,-0.23067214542877187,0.984077167038496,0.11518004651243374
0.2401167830042228,0.547948420206245,0.8149983052258087,0.3757976579764797,0.7330927755079648,-0.7251270588650849,-0.16349414752031866,0.5549415449618993,0.32444309235852264,0.11619951466596001,-0.2664838833964719,-0.47641819760776727,0.2897716122860741,-0.06630590591123853,0.6628159233200361,0.34619947713221544
-0.052589863155145355,0.20796451829224694,0.3794570282479963,0.0728675816566764,0.4610767152572588,-0.4231871570341943,0.14278033134493318,0.22942364343903532,0.2785734858619531,-0.1162293106663348,-0.1573505828591787,-0.295271932993868,-0.09904911259909366,0.08564708334378093,0.010005549410312148,-0.1058548861582202
-0.050693821735216194,0.020788242835302118,0.3367851454108173,0.10885165298254607,0.11677619545013607,-0.32311995216049083,0.14215744262783092,-0.021137618684913484,-0.06940124102665335,-0.014839397016681133,-0.42523442513917964,-0.5650411615554605,-0.4694546228688267,-0.46993688132773714,0.027557101204260803,-0.3321050360755925
0.1266984033801961,0.3433741331930247,0.521255102341345,0.3544213749804481,0.4061386692412583,-0.8964216502688731,-0.14794313599680842,0.28465783633317976,-0.5097340988500496,-0.0547828984407539,-0.839412067434637,-0.9387215694392089,-0.5302623981974919,-0.2581652456437626,-0.40097151711892576,-0.7053061320027397
0.275686486864936,0.2318950846966903,0.40043009254324624,0.37841031456243135,0.118896474459806,-0.4972068922903017,0.07464167147575318,0.10103162812250166,-0.1085851542498868,-0.15341902445697864,-0.5601496692785553,-0.6231474904714656,-0.4880090112725199,-0.5906467320324754,-0.2895484132016622,-0.4113385678253736
0.26358302579706283,0.3420777701026432,0.7426394675006951,0.4892802244507177,0.4825374314984594,-0.5738923981417756,0.3083737453022415,0.25891655070240227,0.08044550366462788,-0.07906291953673583,-0.6569554286948437,-0.8599459687519462,-0.3169281534860072,-0.6479279032501173,0.005965825006689074,-0.11223088106293483
-0.2845796414093602,0.09440775332126039,0.23583829421445968,-0.12351896280568653,0.3426102167603602,-0.16846167302102022,0.33460900535753235,0.14523039512963498,0.6014742642760431,0.5392232767806335,0.09328149120263651,0.004562948521209975,0.031629083185892505,0.23281027935232906,0.3076741720154269,-0.15239492429915558
0.06466235775140694,0.24641249887218142,0.4503393213562443,0.1466231416753887,0.3398182092498967,-0.24532934784953042,0.1415484881734126,0.26905090888484273,0.22691125508108811,0.1032068872433074,-0.25282582319512037,-0.46123547342854054,0.056895422907342647,-0.28267203754392134,0.23386941383887638,0.06371754086806569
-0.22828255837303013,0.3808806556080968,0.5232804197786833,-0.12432164441119053,0.6316723344663286,-0.3248153718619813,0.29762157992527105,0.5375454714445753,0.7073688740367203,0.823094207176414,0.07622001957980784,-0.1886446320604792,0.38649445476892275,0.2323599312325746,0.8279263270313088,0.3847489063587662
-0.20408239266066097,0.13945457387720905,0.478291507659502,-0.044201955763271794,0.5502490525106694,-0.1958644948231547,0.4226330179089677,0.3118142783220683,0.6937867723775926,0.6229864718458413,-0.10263194845756196,-0.1800788320127127,0.1449867305271723,0.26335695237505596,0.6324790717371056,0.43358655933042345
0.10104139747696061,0.30574935277550597,0.5161046624610042,0.22960820441369645,0.5218427190306152,-0.567961299449566,-0.16505448075699825,0.35398116630554033,0.10372273032148516,0.02844596601770899,-0.3966594447868811,-0.47896147143675283,0.10752824480832845,0.17118555887263298,0.3406087070754232,0.30526344294851016
0.08803404266068715,0.19669495124758973,0.5069947943292419,0.35986384003704774,0.2942409884380144,-0.5283216383463052,0.38766977917059875,0.04689400963411616,0.3462034703747021,-0.07400871045651547,-0.6681073783278594,-0.8355657813189709,-0.4437683095193349,-0.5712679083373244,-0.1686963844731404,-0.34151651216467405
0.010556925888483448,0.21229391941239983,0.5652715721282415,0.1430542353215014,0.45934601052404833,-0.33470963925069075,0.2957187572859068,0.32375707322398295,0.1073351697531173,0.012874283013153187,-0.24796927452176643,-0.4734081315766483,-0.001983078701180474,-0.18672700207848067,0.27432574279164446,0.18828204002770926
-0.06626501502241933,0.2059075329529405,0.4800402338667764,-0.00013414275970879963,0.3904146675351259,-0.22133285360557076,0.33964065929705933,0.3971309107725136,0.3448750199857038,0.3298357396965681,-0.15862087687028814,-0.541171306663483,0.09652803717760333,0.027177044117172144,0.2563708712799524,0.2119774830519245
0.6138463278153825,0.7974261515733267,1.116066802260885,0.7815923406286307,0.9190865883588704,-0.9164034856764189,-0.5199723361400601,0.770556280205249,-0.2971971641867781,-0.5075573789499306,-0.6069895911786088,-0.8568644184657181,0.28528104072673066,0.04463084785728433,0.3214107783692643,0.0976870480403853
0.01158701473099355,0.40993252571289207,0.6714996546952272,0.008561207987031194,0.7123264842173416,-0.21762707900854172,0.1107507975571389,0.5087370267871105,0.5056092422757341,0.21748244111503556,0.35283298021331744,0.024103451180609525,0.8415869202514781,0.25131631242122343,1.2115659927117544,0.8218093224812745
0.08474904197673028,0.1624936325439561,0.49842695346074795,0.3403704300310779,0.45875493216893104,-0.5243334554986658,0.04259199740465225,0.3090221936910511,0.07081651640656372,0.49682677482505366,-0.5329924276729843,-0.7159026448849277,-0.3402814381967452,-0.2697345673395539,0.0124400423452493,-0.040765274498392214
-0.0730042213509483,0.01920493339531615,0.22139430503613822,0.024774214658895177,0.20648360056125403,-0.16122799466004567,0.22164204993079095,0.06722523111407686,0.2978965960814708,0.6056850677712325,-0.01394813148913121,-0.36463398585515416,0.04366033047323645,-0.16128618003217454,0.09704914471204212,-0.13874182487782885
-0.14440583678885655,0.027713548095609664,0.25400497823210433,-0.05105718366092038,0.14565783268130605,-0.11730927962923943,0.3159992985488398,0.0920852320720793,0.3500212781724965,0.667843965579342,-0.19605618790597634,-0.4349386312439181,-0.12263696334927765,-0.24547767624549827,0.16317468859964418,-0.14224855054041485
-0.08376268134482867,0.28525527615356494,0.4052648267202432,-0.032256772823191504,0.49805052793336957,-0.11870950219994558,-0.003295914857601945,0.41312164573370636,0.7670993081748692,0.5665606898709041,0.09109859094473993,0.12036083773611428,0.4989300241360142,0.3938248905563514,1.0859697896831382,0.8346861856530775
-0.035825995968366,0.3802080436384707,0.5803387110548923,0.022893134733324105,0.6550756017273189,-0.337199639068235,0.017778756630033588,0.5496549805208144,0.38778998752638505,0.6065561798715273,-0.13615658484253457,-0.6045543310480175,0.3080982679236589,0.18905045007691784,0.538789881058314,-0.31402856868929385
-0.1407189298495808,0.08561277477753437,0.35315571828119063,0.013293009527699295,0.3729307505089019,-0.31779888064108697,0.5859453757481752,0.16641683633544524,0.64628419826672,0.7731874890391779,-0.28344473573929185,-0.6385976673885757,-0.24184266787976738,-0.44589041396890844,0.34608366627534637,-0.2842475793717055
0.054605772916245465,0.29190928255557047,0.5039888394101015,0.184513477096528,0.4939943967514342,-0.49289224243659624,0.2483108760584929,0.3369187238431708,0.10610275206526576,0.31621235079349397,-0.43216463406875993,-0.5965903997101081,-0.12029100944829749,-0.1834615806758348,0.15070827728956449,-0.015437189237612253
-0.1585311865415795,0.01885127822439725,0.12771491415881697,-0.11519679695361318,0.1279750989006767,0.021581321305381485,0.37568238507079843,0.11941585402459398,0.3405389763579103,0.3090803665382096,-0.03321968906009509,-0.27430541584024637,0.02710623417600802,-0.1257100875270522,0.22633492979963843,0.11990863247038819
0.5038376810377401,0.9675748656196292,0.9617744350161288,0.4689756838663264,1.2227997524240337,-0.5190540373893007,-0.6812552921045023,0.9737929365206405,0.4268907698286355,-0.0311869771906641,0.24096619782242223,0.09631219251859202,0.7726872595007096,0.5879400711465477,0.6954937623219578,0.08727356405040254
0.14031756511819693,0.38633126905512993,0.5693215586436962,0.19731075840764367,0.5756081156238968,-0.414923570607578,-0.03129402968941397,0.4304446525587611,0.28726878790683585,0.3903662305245259,-0.17999787528904676,-0.36123661288639886,0.17909726061605297,0.14324902715705878,0.5509001750305406,0.28466966434495666
0.23256803370433565,0.33056137375706096,0.6247464793805035,0.3539154396578532,0.5548498916642428,-0.40165013135656036,0.14643684494173637,0.3244817168213312,-0.03416786287342033,-0.0869465338149582,-0.4094686150317818,-0.6668858955465153,-0.07558222729113244,-0.2522180051095936,-0.19337771216660482,-0.27026615143055027
-0.0435850021355253,0.11175576072632243,0.4132229503225151,0.06780054012909398,0.3418908575640265,-0.15547806233773098,0.11721959715803765,0.15156929874251435,0.3819194406507951,0.19656146505965277,-0.06144339743103833,-0.23929521399358933,0.2284365860038644,-0.21249732627275253,0.8525721939169406,0.6603054038750695
0.46817107681056225,0.5264425985464425,0.641367304500839,0.508322927267028,0.2351533173215241,-0.41662580493656853,0.22397102441178918,0.4638224074428494,-0.27913199594789084,-0.9295021370678722,-0.24728817498043276,-0.830887192992908,0.3921441038564736,-0.6298639204184628,-0.5782888117986539,-0.2724214262911057
0.28715142108326797,0.2822550753079476,0.33948763468771603,0.371101977119342,0.39108958395153937,-0.24192655897277215,-0.24325858888600438,0.3667662532716338,-0.08393508399546334,0.09024080990659655,-0.2618602628687352,-0.5264050460344165,0.09444737942248826,-0.3654845944402344,0.10746726569206577,-0.22636083714536864
0.1883609317159296,0.4856456574664878,0.5768697003249925,0.2357671894661575,0.5567849743998594,-0.5239606123356317,-0.1526121844670303,0.46106606422255525,0.3088879633525512,0.3336588436861778,-0.060550551163986444,-0.39133851242857054,0.41501077496180705,0.16808561617184603,0.6756977442797352,0.1535166620735744
0.19692775570287657,0.3503168180541243,0.5906697037607511,0.26214422484098243,0.47936450730369295,-0.39592070099387877,-0.026728743152486523,0.33885701501349397,0.22043491282110916,0.4573413997625526,-0.330060142125664,-0.6670670782889476,0.16291426817418375,-0.12687956061546335,0.5695822980214209,0.033738924334689224
-0.0681746629944191,0.04913171327411203,0.27844055869880524,0.09137657723988846,0.10662325264980677,-0.3664229541349737,0.3475579316438151,0.03221219151074961,0.46741862708330595,0.5648927797113779,-0.297802519557292,-0.27494107315594085,-0.2650573153715625,-0.30715808360269203,0.3178717924576654,0.12253901655776164
-0.2678509520803456,-0.12414756382709857,0.09551700481518943,-0.19403294347187394,0.004356072135851985,0.029466484405377136,0.5527741044578165,-0.11910206462677042,0.6236601902138252,0.4767119691296502,0.1731281839963581,0.10024027289688253,0.014261649444345603,-0.18777047565683402,0.4877143682345815,0.42845516986599796
-0.03529523179010319,0.048930030379345624,0.32418529742497526,0.1445000610477687,0.17356398608214452,-0.1927456905097511,0.46038317917832017,0.06469148216042542,0.4843936513357108,0.31932225480959,-0.39772205888903667,-0.585334919032747,-0.30052123452955537,-0.5036828406862177,0.1321275595221058,0.03406468745582991
0.0720422187177312,0.20946352786479938,0.5176727132790144,0.11269909828230329,0.5051095147714812,-0.2102697300529075,0.193720062339525,0.3670858164459858,0.2694976340203534,0.43838090313226963,-0.12754574671341723,-0.540215362257415,0.21239564432944147,-0.07919691750242441,0.2687962914076798,-0.056129976287876845
0.5500010006636957,0.41656487326022607,0.660339683890506,0.4214591383882462,0.46359209583515915,-0.504797214539064,-0.21969691878648723,0.32610238163207983,-0.3135719664400731,-0.3429138196892574,-0.41197423513339393,-0.5424557160768926,-0.0556234734525331,-0.43480604162937136,0.08373247943073114,-0.09069567464889944
-0.18796170966899783,-0.157774056047284,0.33420641833656184,-0.016345836438976358,-0.02111608340353599,-0.2553181273655112,0.46047812442173774,-0.003133054509498967,0.1849919926826018,0.4813477571464835,-0.5624579679137958,-0.911530468008821,-0.5065389097301921,-0.5779448094435129,0.003317735003035338,-0.1564460053322796
0.17647580361571436,0.31870956052457866,0.38188428788698503,0.273598183700116,0.47141723881815123,-0.5057646699460274,0.20069267699581483,0.31822333368704614,0.19950480823119798,0.4441741651430431,-0.3238265753933288,-0.48053279350616807,-0.20517792599494108,0.05468659591481373,-0.5889557042169632,-0.6102030777277043
0.2545271078763309,0.32154434825992806,0.6012602831420621,0.43829958621528675,0.5444101339424925,-0.7699560249066317,-0.10576743611620643,0.2571167660471507,-0.23557103178038985,-0.1977262330185059,-0.8399904724465089,-0.7833749956695527,-0.5710886781856406,-0.3227880375661607,0.21833493255636105,0.06461192695851037
0.14496074888336685,0.1177696238769228,0.2899962774821374,0.2619449642031795,0.1767864615060697,-0.1316085047631952,0.2008635528713747,0.06874516021536103,0.13506645269123174,-0.2796474677074765,-0.2118817821541772,-0.2689450344525053,-0.09926627464366788,-0.408660051868618,-0.24639229221121747,-0.07004557940650928
0.08398491446142131,0.18736281240450503,0.38949654885487206,0.2313075817850323,0.3213755160297458,-0.3569604500543202,0.09992023660093508,0.22605859991957833,0.19113153311219677,0.3370963794400472,-0.4180808812740555,-0.6406803619538678,-0.2431214199387708,-0.2308208900296026,-0.07488929372915189,-0.1680464738650183
-0.11543204557500819,0.030355688555432137,0.135770524703003,-0.06783168821434349,0.2032490850585027,-0.14660447473651295,0.06685813372004623,0.12170955003888828,0.2553434293146404,0.11027231028725426,-0.008154535131136731,-0.00932490165022326,0.12245660939881786,0.40239657851517474,0.42774112157982425,0.7142856792154785
0.5375752412784696,0.4235433846102514,0.5677639230190688,0.6651751030337478,0.4262618864275347,-0.6969516099814486,-0.08649265444322962,0.2091191886162187,-0.44643610782518994,-0.1802609330892051,-0.8531881741751934,-0.9798006862390076,-0.8984482409226799,-0.7994033409562709,-0.9261762774239731,-0.9770529095420967
0.22689550814004167,0.48993007740208006,0.7437498917696279,0.26596327825127886,0.6335286424559534,-0.4720685686763062,-0.05468929055266636,0.5240433254175205,0.2816506188955419,0.2021787443489056,-0.14320126691172086,-0.4484165527835552,0.2866200774849457,-0.19834780550413422,0.6517792750596183,0.2925748862331241
0.07708524400920092,0.23592562561649166,0.48613317310621107,0.2472392163778545,0.4021147246450687,-0.40588221484741505,0.43491900355536517,0.21908547491539276,-0.019836722328807177,0.20504336664808398,-0.5266099879374461,-0.7116949411482516,-0.3905322769793496,-0.43622192827585926,-0.4612609876749232,-0.7678951248956173
0.16219503756129527,0.3868816846046115,0.7095764614059077,0.24674880334263882,0.67586618322878,-0.586343593061553,0.1337930825251208,0.48738500566120013,0.41612427280279785,0.47262817598964446,-0.34134567546148786,-0.7145773468408336,0.1692757233819407,-0.11187908634919469,0.7242750563544756,0.4057889471057652
0.45616329226090024,0.45995229747977495,0.6641959193951856,0.5687538174026221,0.5894287652338197,-0.625434929124304,-0.14306921052931365,0.358237588911154,-0.09243072700770338,0.07421103803473339,-0.5777075335859054,-0.6501077012830581,-0.14260954254480396,-0.28266425053775646,0.06069613554665357,-0.23836303776623574
0.1725980186530145,0.3117292497794526,0.6356368066332037,0.26151082282025095,0.38903750715878593,-0.5863790006313425,0.10326426354754803,0.39379627390297145,0.24194725171771658,0.23689355808610157,-0.3501264991123274,-0.42856209128894784,0.07092674084876044,-0.24412422742509887,0.46405901016430123,0.33242122241951094
0.013210282913818094,0.33109914751364333,0.6955405015878982,0.10989046979660566,0.6864483175320426,-0.33525940709388746,0.49157099314384034,0.4646301143188305,0.560381595588447,0.465336496543274,-0.25763033287809667,-0.6731713642245154,0.14886763745521936,-0.2024249880856596,0.382750936641507,-0.23954940333950903
0.008821739336323242,0.27248404691162365,0.4088327861495873,0.04301953999955743,0.3853517564800555,-0.2517449900464295,-0.02302926389976956,0.292683737836513,0.27208496268120963,0.28165657948427003,0.2438642175378536,-0.20143449969150162,0.40257792547360616,0.03151048224534114,0.5122439148789006,0.2639926173215509
0.145006066681304,0.2895148523855149,0.9244339258974714,0.48958418342033005,0.5838156098367806,-0.8677312666712247,0.23360326328478132,0.28125320873188353,0.02490190401844594,-0.15585730561413436,-0.800747129456852,-1.114011497633927,-0.32761505755442377,-0.5007288726584453,0.2552410142219736,0.06280411965419444
-0.04663711684358973,0.058884908046316964,0.24591173454279014,0.08548040489067832,0.2210630114038281,-0.2837498800865961,0.16768735384303812,0.09014416377577916,0.45602762518588436,0.451148051272662,-0.21033901834186342,-0.34407817730977963,-0.08839060203341403,-0.2854147973158396,0.1384381785791946,-0.08164200410969513
0.03197921752229216,0.305862803937359,0.5400710430063356,0.16045666165050765,0.5464070535505507,-0.40633159318991696,0.09609844587731042,0.376753122288493,0.4730970216385695,0.4106214906997143,-0.12278151763293954,-0.3733161496538734,0.2514027947522137,-0.01870871252822148,0.6755048945571671,0.33031314685533253
0.05623094620347935,0.3650239584401238,0.5140771082332016,0.0569632599050125,0.43392421710394347,-0.29400564200946944,0.03344003306190291,0.4198676550602356,0.025059731128479923,-0.210261465809074,0.1301396948689295,-0.16398414338173573,0.4944985401989081,0.11716748315269959,0.34417479201487106,0.26347736815053696
0.37053921216811925,0.5222551095587298,0.8060631367175299,0.5008855597039394,0.6515090410992193,-0.7535900599325427,0.011146405867457965,0.45305263328604406,0.26516898662677435,0.2235704354836896,-0.5660164556470215,-0.6540723643810225,-0.03953410384798128,-0.35379871782947026,0.6303214791683406,0.2325473870041076
-0.057614808356362346,0.16511648000705925,0.3491037196796858,0.023388683008551236,0.23194476094845995,-0.3180025806900546,0.3643672634551376,0.1751632594064345,0.23435408378702394,0.4478705259401947,-0.3729545293460511,-0.6251661715361261,-0.1771915928507456,-0.3475186531118015,0.17068499943215515,-0.08508817526826096
0.25438096314669756,0.4996555781878156,0.7827918692182163,0.4012813644314539,0.7277844744810511,-0.6852099161461023,0.03280972151880879,0.4931820479548963,0.3009842234392106,0.0125815579998112,-0.36610301799051514,-0.4923227961619471,0.034873802410078314,-0.09145280481320117,0.372868079276247,0.19265939633692158
-0.4025744715042727,-0.2918782967855498,-0.051318648862482386,-0.20147361092539207,-0.10406205288637005,-0.04866354314424992,0.6196456941481436,-0.31581510897094756,0.47832637154392876,0.6351410431220545,-0.17972189466734068,-0.2396668535020079,-0.3958898640257297,-0.29031855711743537,0.1307009578565161,-0.1673605691224147
-0.054588297273648,0.13811663704720623,0.38212942907896275,0.055283118561060496,0.22089006016511847,-0.33461683417750954,0.3508877922369371,0.15217259050192777,0.29134005149378384,0.32371023434155677,-0.2671387524591182,-0.5814200613642126,-0.07805103742670383,-0.3565193256513568,0.1258357346876819,-0.20430855058400316
0.4024760895643469,0.4767233000123443,0.8226656497738694,0.5220561821109748,0.5758990595149791,-0.7892757076018343,-0.15482338831769438,0.4895933890419992,-0.187789595294922,-0.14607411664495973,-0.5645334770451403,-0.8447630422985999,-0.11015419268555282,-0.4894595676604867,0.19972973203041788,0.033949479639776625
-0.0033162971756504067,0.06317006983156781,0.22536692755324483,0.1155903708707211,0.15863426865097274,-0.24761419404349527,0.035674392423980406,0.08535459097670373,-0.08123401682399178,0.2622588978687648,-0.3576961014622293,-0.4503660324807245,-0.1845984899292047,-0.25878519851304593,0.023888763384928235,-0.11395394302097414
-0.17480599664506302,0.05566744808547108,0.24895150725910264,-0.1155052569441497,0.235959147221648,-0.17313833367953402,0.33973764519925753,0.12896695801214952,0.5373407852922087,0.5121429480501423,0.02232052959415487,-0.2581760967638258,0.13954387003058644,-0.04159845080644309,0.5030972501395157,0.1445705237012262
-0.08592091944997748,0.3205408280510653,0.46863410288716323,-0.057746064515220796,0.5650262114511373,-0.27684135928859055,0.11921148563916906,0.44083793963676743,0.370627281730066,0.3157127935958328,0.07418312750004219,-0.015324653206742811,0.3671171824664774,0.5199324921235482,0.40602839823546055,0.181102221903523
0.293463088995904,0.7166098326125689,1.0462034144176682,0.4209942685816861,0.9739220167368701,-0.7689191720737101,-0.21218033913681,0.8212342008394136,0.24511901850983153,-0.1309914532889962,-0.16239235569610488,-0.4018078179219745,0.5192032647903175,0.3633019656438539,0.6470390110406228,0.49513490322964204
0.22437053960098785,0.25265066922059454,0.47475948708653437,0.3572180588529992,0.40812687291265215,-0.556045631386225,0.008223056843903898,0.1874883033898156,-0.1774526663325875,-0.14796652834018276,-0.40491859855080636,-0.5426714667988621,-0.2327072195984652,-0.42797537837285293,-0.21392512917614226,-0.4404859830844391
0.26810001099738345,0.41204459943692107,0.7521685539745304,0.32632199425843367,0.5143014936765491,-0.42678929560933954,0.14210669802987153,0.42952631763558413,0.4645900988020806,0.01664325921717369,-0.04157498397562415,-0.4672094880470166,0.4000805014426161,-0.25799628415497167,0.8121165581468595,0.51034544081679
-0.05486291834653545,0.215254337503896,0.406900685446153,0.03182545851372032,0.3547758715354292,-0.29812012278237243,0.42282978902298773,0.2565403920480236,0.7643659620275427,0.4777726197611727,-0.018245390202076717,-0.26681558073190975,0.1686101197291967,-0.09030038535920087,0.5044486265233331,0.17371497774514716
0.18854656407125026,0.302394825293266,0.36988670563457404,0.35965065189478174,0.18309176113739045,-0.6153599764864575,0.010815789600865156,0.2011463215824305,-0.0017755135691495116,0.3906525834299428,-0.434206074653569,-0.5093702874162063,-0.3803994436617564,-0.29862027167339456,-0.26359942134994174,-0.51833630401975
0.2605158474704432,0.3592508376211663,0.5168608882308605,0.295892159840494,0.47262142621141257,-0.39413137657881236,-0.03148846206332956,0.3499654591263106,0.20409860779790012,0.004624850829251015,-0.10656552807165331,-0.1722003685348119,0.22175027656526186,0.02956530732667212,0.5009276314277042,0.25888676430682706
0.06680436121462208,0.27846925788442856,0.41953007915596485,0.20809432669089944,0.3339440743705837,-0.511317829329041,0.18600324193821827,0.1689322362799981,0.28664383138439553,0.12309877839000927,-0.3411929028337277,-0.4050214518028359,-0.17811022967285184,-0.3854253531203933,0.4341533078839865,0.057474334283620324
0.12449587912225102,0.39035694666408904,0.6083672974637744,0.21810080990701852,0.5640859768972855,-0.3516880516587859,0.027460582867786743,0.3494869137557015,0.25834039899619476,0.13835456674471192,-0.16811472100560299,-0.3041814261574345,0.12121388223208329,-0.17455192122567298,0.5072445096759493,0.16340806767409743
0.03167913781357301,0.20703180927124265,0.7548955354116378,0.23441649491464545,0.5223030403831717,-0.5037422926297255,0.311439250049075,0.3326518075142497,0.04125110871736015,0.07433493967763871,-0.3796923932109067,-0.7894244186369264,0.043354727650567026,-0.20857720614171682,0.22416174455889637,0.08737967408972563
-0.051385695862219194,0.2334294139147539,0.4726049946701627,0.16314275404271616,0.43288864797913496,-0.423577602648713,0.14884471999267457,0.32683833885926594,0.17594235561648675,-0.002171055596274396,-0.29055231477089183,-0.31273717439544024,-0.0063431006444908955,0.06874369011138493,0.3675234936705425,0.44609426330298907
0.09443005479633348,0.22193200056263773,0.7850873232530915,0.3597283795123729,0.5211982062230927,-0.744832230386778,0.4986631088748772,0.19856470992559805,0.27236186644809024,0.016607151572269885,-0.7558115655203359,-1.0849088986545128,-0.46593812792383443,-0.8380934725902236,0.347759457008315,-0.04156807225584486
-0.09224826469508329,0.14601714883197792,0.40256633293451327,0.04591776108766288,0.3345410214864042,-0.31374278958601876,0.3021266807803731,0.20149852228893694,0.34941584443583396,0.42249145872929694,-0.16450494646787384,-0.33514727043787285,-0.02473623205338918,-0.2043305862508638,0.2676190147547946,0.01211232820386865
0.22164573670969068,0.5349927253985707,0.7389242842061079,0.36532769851164515,0.7608271712578509,-0.6986775600523185,-0.024724303670226266,0.41358333317486595,0.09998774930956111,-0.1771310966021864,-0.37322607243437833,-0.44298324426846003,0.08302624367296188,-0.22318271293719982,0.6809333848689315,-0.05633525897842562
0.03903246833650842,0.3692249959249825,0.5546943410683529,0.16546944303649314,0.529608009090597,-0.185598987830343,0.1777009591727976,0.35717598964746866,0.42336847578121795,0.7404584309385608,-0.21529360636376738,-0.5249120321174048,-0.04610817135743306,-0.3834278972612767,0.1573929561674654,-0.24080327225047993
0.016734798166260223,0.17856775767423239,0.5702491844308564,0.18348376151019496,0.43770342720731503,-0.5788814919040903,0.31329505428274773,0.15820468113427255,0.2823121309590504,0.30588442855620435,-0.35444928671488996,-0.5026000307624798,-0.2670323032631021,-0.36959152611093804,0.7939981634924684,0.20706818481141825
-0.1721468144493168,0.04417313715975246,0.08571767394556917,-0.11541767777208478,0.04772078145044656,-0.13040202838101322,0.17607949361361674,0.13954230874548612,0.17570518063799145,0.13892196269531376,-0.001280935579419662,-0.20204250382905276,0.1145786095863914,-0.011326586497314106,0.20938470665924724,0.19795802792968398
0.23791147409748725,0.3251486334495457,0.7039323821633832,0.3994722889217619,0.522853625243606,-0.6006258334968406,0.011972060960512065,0.27093164371247247,-0.06355730006643423,-0.2446685045970205,-0.3572847600746658,-0.5331492508771183,0.010783567660631599,-0.4602637323582741,0.3787924592718763,-0.007969381598421643
0.05469147518507489,0.3233032059683416,0.6116432762315533,0.106917022298326,0.49799176237993614,-0.4605865331167325,-0.006742477829071891,0.4211933954379874,-0.016729982301357138,0.023568905123880546,-0.08597895953095636,-0.47915547229516586,0.28960923440841657,0.02905474861088242,0.5383664722348972,0.3824314538419885
0.39854689168960045,0.6165169931735569,0.7799290986139016,0.6674472629403276,0.8514172173907377,-0.8159441065246318,-0.13355535325553602,0.589977679528978,-0.11608014066450945,0.12025618088796164,-0.8391803760729843,-0.7823517379654038,-0.5409491161187904,-0.05299120685311287,-0.007165805030140637,-0.5328148666393678
0.17944034991843494,0.453956470693595,0.7947367444638371,0.33739248723601944,0.7117311816620935,-0.7289234019019443,0.09807471554373381,0.41836663488296577,0.25459585155531284,0.2908116367764728,-0.43634092275329917,-0.6024408973603558,-0.037143489014885844,-0.2375366772896526,0.2606942401268277,-0.02529837265808471
0.23046936381942995,0.48226755979029123,0.6885947639439398,0.3482890741833433,0.6951890307737632,-0.7085427438534624,0.01691070846678011,0.4694437619906162,0.07302052364390565,0.284862170315356,-0.4252508044675214,-0.7453179543115814,0.14001250887759698,-0.024979072948772996,0.13219010405090392,-0.21630745197867102
-0.002350605202506406,0.233603640981076,0.5340957305798937,0.1041613380836175,0.44639619586947354,-0.4450766109110893,0.32897305472564753,0.3701191987590384,0.13865833017073514,0.09806657537848329,-0.2701622234968357,-0.5669258254472354,0.017060209046904,-0.10618142515955184,0.004664799870658459,-0.09477101419434386
0.13010108205891968,0.3688500409682147,0.42790526807518114,0.10510457046677235,0.3900068463073687,-0.31507196663472037,-0.08703400917979431,0.4421185478675469,0.1954942473375918,0.3056444608929645,-0.22081931969010915,-0.3604219625625016,0.20686784145305515,0.16634586653144312,0.40441198918793353,0.29114717217624375
0.13898159620592998,0.28778877396365,0.5796235796480564,0.3030272258663389,0.48318293522058386,-0.42811599127472033,-0.09176155448236378,0.3248044446987437,0.09626104154083337,0.07176936882509755,-0.29907285501028424,-0.3781520261729794,0.03672982661747226,-0.09224871018785086,0.43555744952757797,0.22171179040371247
0.18593979968886343,0.490529084443722,0.8854587121055038,0.32919939290046685,0.7687419119203973,-0.6305692816420241,-0.16710023816882225,0.5545090545128779,0.17484945043840883,-0.10372746118031428,-0.04789805442081907,-0.14309355866881734,0.4598525693623656,0.2814706962261653,0.8536504220489469,0.7383446851245615
0.029070768209456643,0.008437248017366006,0.17904658909782634,0.15131004037047302,0.10955843830734757,-0.09310342240473579,0.21709387876747077,-0.05683311377366196,0.29585518901083296,0.19587337402016747,-0.15319757741421958,-0.2066857855995281,-0.20630749028436154,-0.47782469102898323,0.04780778193242702,-0.08985154355588704
0.40187787469159364,0.4933267602514222,0.5218739467680391,0.3368538566571677,0.43651073343691693,0.0992061172382741,-0.31389783498102464,0.6082973618546976,0.07343442343732365,-0.1522350203272811,-0.023991323059848968,-0.23831693937058696,0.4694681379842739,0.1927822635192773,0.33656447618751406,0.5039028416148394
-0.07093809416197416,0.17100050793848243,0.4110478563664097,0.17955573629702837,0.24447201071332247,-0.562064605828521,0.2712224867076134,0.10901561163135232,0.41686790399363005,0.2586741591657673,-0.4583691942318254,-0.49159717244325163,-0.3415640036226047,-0.43692354533695443,0.3404699587753821,0.20313112434684982
0.04012026068214758,0.3550383145793272,0.4739338088976668,0.050745685309592226,0.4817550813066689,-0.2506667995842662,0.0005715852233190155,0.449154465987752,0.20394449787659008,0.546731391432181,-0.14861994214955299,-0.4638148335912492,0.31184766013816334,0.11480458961296053,0.40858756761937454,0.2255783251401572
-0.28223985235175153,-0.0904727145165658,0.02394551957624924,-0.16703808928884234,-0.0876982973730025,0.0333102766514215,0.524653593981486,-0.07586238286247005,0.19713295961388244,0.3004867569949754,-0.2852411202487677,-0.4530079035195329,-0.26843166563572685,-0.40233094113687135,-0.08856254577042266,-0.10372348832507616
0.17561770372160268,0.5727230476923348,0.7279327463458953,0.32721679294848505,0.6473525492379679,-0.6137129272915292,-0.23472874640009378,0.484497296529796,0.30083495599669874,-0.15048728908383668,-0.0646845593739418,-0.13626997130113405,0.27969597402683566,-0.01119944355196334,0.6177777147913562,0.21544362313593465
-0.09179128117995683,0.15448789674410857,0.3430276591448751,-0.005077847761211451,0.2904137247437548,-0.2644260203483926,0.18734670614042015,0.22391293079810914,0.38809887307987534,0.33634351637402005,-0.2055893833676956,-0.48524714094444676,0.09153767409963065,-0.043167891811608294,0.1517238462240567,0.067704370329676
0.511112621799261,0.61301217380652,0.9881855472944199,0.6647719072457874,0.8269189224344706,-0.7725046233459756,-0.37922537318855887,0.5980195312171248,-0.15305379671758113,-0.4087373755706758,-0.4794014904308409,-0.6343916756645374,0.17290318162401397,-0.21886364063040098,0.39395300945877976,0.2137031103300639
0.46433885700919086,0.774185868079694,0.9114791295157674,0.5745271092027411,0.8842967194318176,-0.9050921923626436,-0.33245368773883843,0.693432916508351,0.10106228563744146,-0.17084026286293164,-0.3585687920359819,-0.38811607234724366,0.3263590189855514,0.16639723093639217,0.41373420503993225,0.16608671603743694
-0.11373866027670454,0.10458145463231827,0.16222375386399612,-0.10265971823806619,0.19956689658250015,-0.053255958801450065,0.053865873746822945,0.21500913405974975,0.248728024968504,0.2045081133497757,0.17437925166231372,0.03861418932036215,0.30049683235626323,0.18492603072097646,0.3046108343423091,0.22805909975910657
0.11329931563537832,0.4908189234374112,0.6824240115145264,0.13952023086990928,0.7014918211010671,-0.3546655901075877,-0.008079813197436225,0.6094007985913166,0.2725352442455018,0.17445916278113827,0.02861516553778265,-0.33862814277967357,0.45327070279459175,0.33382054968417046,0.34531008598117974,0.15582913852733177
-0.018238862703879866,0.14811482724030145,0.14876616299323953,-0.02761647837496195,0.16988620825925294,-0.12192255389047668,-0.020645543171317948,0.20145524335293752,0.15786267711462765,0.20313763021296571,-0.0001059631921946913,-0.05204106475425174,0.16183899661393097,0.13307267527303496,0.3866098700113425,0.12007159661845046
0.15081693441313404,0.331642651826638,0.7549105237703171,0.22416855967089244,0.6359744057939203,-0.5288594375541542,0.37258435336233964,0.4328283592231046,0.7369180140460789,0.2460560850796265,-0.02498661418308812,-0.44394659616137166,0.4047291656822294,-0.36999926706597996,0.8688402342355845,0.6018968616109138
-0.16763934928462954,0.3300534867670435,0.5276752660329196,-0.05091357542341757,0.39262278228767866,-0.5278266421317421,0.14854261164110838,0.43933360348651185,0.40244322986428527,0.23826127270092567,-0.1195071424169134,-0.411502441010233,0.22189915536359262,-0.01058462888993661,0.7133672752354048,0.40994018383466146
-0.09518965384659328,-0.14431398723038225,-0.10813844514065907,-0.07168823587090545,-0.1748972982744783,0.001100508645826892,0.2121275062790362,-0.1107080863222123,-0.08180523308012,0.03830287163568191,-0.17260465849241335,-0.22569870944063386,-0.25515895486509454,-0.17582566793069898,-0.29988014152610853,-0.19118681036003776
0.2886177890859114,0.5977173511057485,0.7956092447176164,0.3751318838908295,0.7753604357860691,-0.5574973247618207,-0.2531431881223156,0.6175308485776818,0.2029344768392447,0.24385632749303965,-0.3751662510287035,-0.5496496842150693,0.17618826500142282,-0.027362786514303628,0.4540916316648157,0.07598787898514547
0.28481055002834266,0.30878190395870164,0.490602121150979,0.3595156684024199,0.4259122454112314,-0.3946401841196905,-0.12458377624409067,0.31991539586960016,0.0008751180342396747,-0.12226294226652468,-0.2969030586076433,-0.4048095071380493,0.053545913129702916,-0.0737913651761748,0.1958848219311219,0.10017172162515582
0.1322657281791355,0.19548873542219947,0.4243021343920652,0.2661005833849479,0.30356436545885135,-0.4042951632955094,-0.04279955739286723,0.1675243252326788,-0.1299851080808505,-0.29856138185560677,-0.34941096975790253,-0.4615131762721547,-0.06221477236872297,-0.2662459237634406,-0.017152799668302965,-0.12015200252160972
0.09758274067336714,0.0986292804518889,0.38395183893037754,0.22605576276231676,0.2145814588942525,-0.2850302011116186,0.13148024650476975,0.029409530519230787,0.1376201920325928,-0.09592309721447201,-0.1447157346338105,-0.18243670615404106,-0.03321940959078318,-0.3173081317539279,0.2729821330703556,0.1730832822027405
0.2212832905525577,0.4557181224598623,0.6165734510769434,0.2943614403956969,0.6600292536355254,-0.48523706515705767,-0.07267013415593682,0.48890471350044806,0.26350136413441505,-0.07567372701992015,-0.15542987566441835,-0.2867167023323337,0.1485048530068419,-0.00998943525537397,0.5825924954751616,0.131685238786575
0.16425328432902364,0.4525196367355633,0.5541442154284664,0.14651605785872923,0.5442751464076889,-0.4626025078638092,-0.10138070366052365,0.5463818782363787,0.18270668931706902,0.10612562826009597,-0.03788665120748014,-0.316936004968275,0.440501692649816,0.3200675490815915,0.3971317079659798,0.18127185087640835
0.10757802309820996,0.19582610880411777,0.46831073475681984,0.28035863275023853,0.19135194760740237,-0.6481887076096282,0.3276887626854661,0.08505278428077845,0.14816905423940185,0.10438252717995189,-0.4889070296087126,-0.5426121309867645,-0.4435312083740881,-0.5573581951591238,0.10208834764275537,-0.25790635400474554
0.002389110919691184,0.2953506960371164,0.8098219780631903,0.13065850377347554,0.5912900133011636,-0.31929045085221763,0.33745228851676523,0.4293753793926218,0.4106695346115251,0.4968665441353781,-0.20250797908255536,-0.6213830438151591,0.23089591634726614,-0.26460460498179283,0.6144098713747413,0.3292335885321528
0.13049791277180955,0.37175108513561383,0.4161706706963815,0.16377177989477,0.5034154045269144,-0.5610296808472581,-0.006758142032897041,0.41745407081998787,-0.1066796114342543,0.09113244762653183,-0.42776460641992675,-0.6004393642933638,-0.027349292474028397,0.14606768139630094,-0.26996690672580564,-0.47275010139157636
0.36213294527279793,0.24995904210076203,0.5215340419396661,0.500535995060958,0.3695410070786107,-0.627467998724184,-0.03583903676963729,0.24995651165521626,-0.37867535355714765,-0.011611904963376274,-0.8607588610177379,-0.9876272644208849,-0.5480439283428573,-0.49102421489870546,-0.39116259371021733,-0.36063679103010704
0.22278449130026567,0.3386098922629792,0.7404850119976851,0.3817819618419973,0.6429921429253289,-0.6945048313182436,0.025659015829162524,0.31614882937797883,0.0345892370388976,0.0034952398453966804,-0.46867788296528357,-0.6096329016040674,-0.11990493329427532,-0.2151243719047874,0.22867051483032735,-0.0626706958473433
-0.10848380333280083,0.10377862009438599,0.15732974892978602,-0.12047139286729291,0.18654600788741238,-0.056778680947121574,0.03449050421344513,0.14946198223529938,0.3282410483908085,0.20220942249138418,0.17477978476547795,0.04140460681341862,0.3293344897608863,0.15290505748448943,0.4754703706685349,0.24927103755804464
0.011975624410102359,0.08233660966010858,0.29093273658765506,0.15205368045146694,0.2705178700362574,-0.31170586124851063,0.2397686643468182,0.09893811574469824,-0.01928412654531586,0.46387269073432935,-0.5637404899690777,-0.8231819580434625,-0.45166594104290336,-0.3905660137564098,-0.38763146014212674,-0.755270434867709
0.01910402223847507,0.28235403679611903,0.6350739709050957,0.15490305536170346,0.5946893056839753,-0.4151771441948635,0.30022831656784543,0.3289356765615965,0.5025344157300287,0.455997783894343,-0.31023521481685945,-0.6235981700577315,0.02023965567609423,-0.39689473929860886,0.642235480186174,-0.052144359453047545
-0.15196813314547675,0.10134083043056274,0.4343219200678692,0.02406741610434282,0.3822309498793879,-0.33834739965874583,0.4025205002873511,0.148873034581394,0.422100139701004,0.4929526700285023,-0.287607975996657,-0.4370278113452942,-0.19044753498807965,-0.250631378836922,0.3234468479619176,-0.039501854238870746
-0.02294636261601002,0.1438364343190155,0.45679481700612046,0.14730702073091995,0.3500870642695444,-0.5409521129027444,0.02499278655969528,0.20136569695099538,0.11633969327067617,0.33966567178989493,-0.48806449371400906,-0.5606739356141852,-0.1928377234290865,-0.2022488081090893,0.15977539801609997,-0.1254911425742603
0.09568836117182089,0.1940835762156461,0.05886485343243586,0.05001076401668536,-0.024088684239799596,-0.06784720160643065,0.029606176562479325,0.12992464746383137,-0.15528946596626714,-0.28057576488198466,-0.12670989206736127,-0.32612325085278093,-0.02928143594553559,-0.14378777058520137,-0.3922661900429175,-0.530559360741245
0.1431169464723432,0.24865348365305984,0.5490741889904858,0.2529906847117882,0.4312261001787341,-0.4933227098457984,0.06250502913158584,0.33133130965984825,0.17205861373637243,0.04992142319565973,-0.34999914122532993,-0.5712436336968978,0.12803270655463161,-0.2764645536341118,0.5681450218233413,0.18418018417901696
0.174840235741196,0.48764102077398674,0.7461521541218967,0.2705947088578915,0.5835900671666796,-0.6773836216885731,0.029022279366868853,0.4105029814830241,0.17974031602716334,-0.10619765318976793,-0.23944264049924335,-0.4783538427110896,0.018405629333491103,-0.2620927030362129,0.13668574394084898,-0.21593276802605182
0.14385593067151548,0.28560310771457376,0.33105419891471355,0.2083838444625934,0.3083500167122857,-0.32025611324180003,-0.12626406155591186,0.26160954432195194,0.12320212480251369,-0.0929466486853272,-0.2184070612369131,-0.15427495257494117,0.015284566780417674,-0.00644774231858454,0.40280623540009003,0.2746700081760841
0.22641172491725525,0.393165311252454,0.6724105613660407,0.34629000534475063,0.5795556871260263,-0.5131098784358967,0.020388251583635553,0.40336494741313667,0.10409568377768208,0.09668910606246373,-0.5608310548897167,-0.7936296028100666,-0.13641016512694776,-0.2624663995815511,0.11708933757980794,-0.06681868805329612
0.15349794837244435,0.6551309308636692,0.8290783565858506,0.25257645892890035,0.9050919631103658,-0.5922926954535888,-0.1774555566993612,0.7481342012217242,0.20894171722292576,-0.0697630682917425,-0.14821794373465935,-0.2503595822190232,0.44252601844678,0.21568556390347637,0.8420108590597779,0.6065965837905043
0.12192347212357246,0.2935006487516256,0.5752642689380836,0.24859640882319045,0.38516424499408863,-0.5054450608566166,0.09903035958515494,0.35517254581786895,0.24841989856568403,0.4213499967590043,-0.3285775412502284,-0.6327462478231087,0.05344042502802915,-0.0274159569185628,0.34369385650956624,-0.03311536404726494
0.37929667700455494,0.4180765603451857,0.6854832805272628,0.5471541624306469,0.4463422481523114,-0.7508956815999666,0.31269041456993096,0.3249726781666431,-0.042063377162920856,0.18312456104048724,-0.6888767408198357,-0.9193047499733408,-0.2578100238464478,-0.46774900333264247,-0.08277715085939058,-0.414739272845532
0.6458521478282973,0.5799321823145434,0.8843520709766415,0.794814757750461,0.4442071205670841,-0.8612718363044977,-0.26592208127760286,0.4132876867149451,-0.3630655928736146,-0.7954997566603459,-0.7305543784931501,-0.741157675068915,-0.260624830741785,-0.6632125848466637,0.2691730379307005,0.29049912672895994
0.4301482099513845,0.6683614365013246,0.9715052777048445,0.5441828929218893,0.8646359171734583,-1.0085089183048779,-0.1068172818744324,0.7435082700636342,-0.11349774498769016,-0.18553133845402692,-0.37778721585615593,-0.7060003490916542,0.07302238000571745,-0.02025001353078351,0.36631903607762023,0.22928830273599893
0.2061484404008498,0.15976918325718614,0.2764463854314536,0.3907805613541284,0.15461184399706496,-0.4959670596303767,-0.0805729684143206,0.045208904515640747,-0.09204176329164548,-0.08881307354578016,-0.483534220042543,-0.4754747752205304,-0.39992061385238264,-0.48776676611713476,-0.014854444202732409,-0.20946767536026648
0.010027086687091957,0.3654365614917634,0.7006084941192448,0.12045160258614152,0.5956606879537936,-0.472518471900812,0.5769539566937354,0.46771616743772726,0.6972547425657638,0.5114823886632991,-0.27134152304409254,-0.6144296267870405,0.1479419383153126,-0.3624003685498669,0.8265171712068673,0.2512545591316839
-0.11607299596707699,0.06508570253233836,0.4402214992647866,0.0008362213168249255,0.40770414671886424,-0.2166134395607917,0.44432643757091683,0.286899018893354,0.30068758659472294,0.41995564116132855,-0.4194795456533351,-0.7491515823116435,-0.008518593970871735,-0.09873233447755081,0.22010447111829934,0.07682179656773647
-0.05205746610413997,0.2739984773830235,0.39376500888222155,-0.08213221364231327,0.4248680324021863,-0.03997417901811162,0.10871590113783958,0.4674291904616903,0.437214795748174,0.6724607201545945,0.06650797702110989,-0.2610008914108026,0.5393767647658176,0.20445483447814172,0.6692447476411421,0.46578745666306454
0.003062846949097864,0.19624560924207723,0.31859833020074513,0.08644231147779324,0.2768082061106405,-0.15116936363648392,0.10654997905649766,0.1484439519420928,0.2126145146917371,0.05478193421400013,-0.08407209248448533,-0.25406676496578073,0.005477996793635809,-0.14225330927612034,0.08209084617733045,-0.07315640701055859
0.3991339398348921,0.802527059583388,1.0403444112293632,0.4509124709568635,0.9456485435173706,-0.6712517667793862,0.022724337778046833,0.8753032517789334,0.40598380349255137,0.3625034492548638,-0.35654295793043367,-0.7654536503769698,0.5062775063416529,0.028543741739808004,0.8348619200936513,0.7050706951863099
0.21723502786412885,0.5207079076623506,0.8770777740066549,0.4128928251870594,0.6499978071569859,-0.8556396994228913,0.28183092976331303,0.5277593712786501,0.20361560425447478,0.03228332433410519,-0.6506067645439464,-0.9512639369597929,-0.003560591761970655,-0.3463307152386139,0.31913043594229074,0.09788378192005764
-0.09496104101947789,0.2487328022166735,0.555453864279355,-0.03781512449747604,0.6414480096682325,-0.24576716644893493,0.23958007497592826,0.4822200676045514,0.47071894523424707,0.33789455613214026,0.15537751037512382,-0.17781661735968513,0.47943395153455776,0.26038433897573526,0.679720886028978,0.4114881621680575
-0.17481947662522046,0.2793538952102832,0.4813005213756658,-0.032366119004096694,0.5267056041845861,-0.5286300834441131,0.37290002453294524,0.3649881086664537,0.5719566475922007,0.7806804923894053,-0.386107311386209,-0.8571116371766851,-0.004150859355722236,-0.1433184917164182,0.36560706374163754,-0.1969712944631159
-0.019795355191640107,0.25600948635002374,0.43795765164090183,-0.02448067917183483,0.4835931825315416,-0.16040131933776913,-0.17460743461166972,0.4415883131165881,0.15152086864945136,-0.1021500993772908,0.1093511408040353,0.09144041192387209,0.44419808511936515,0.34312172270163954,0.6656566410352117,0.6778178577860221
-0.2702040326532935,0.11980172675415601,0.29358414709265124,-0.20801930567017668,0.28600803675244113,-0.05749258486076769,0.37829681422464745,0.22318075537309712,0.5076789164566788,0.40012990126516823,-0.09402024737995562,-0.2837186231115081,0.20387295719084686,0.11851906168441328,0.36087642424247435,0.1291612441900215
0.10604814943454244,0.3336159010468256,0.9100013620950229,0.254516679789746,0.5963111783152475,-0.5480136585343862,0.37593530352746196,0.4396991691228753,0.37614481683555234,0.453652782426349,-0.45911816585537446,-0.8478335344376341,-0.08739178902936695,-0.6422590236283704,0.4897960154721437,0.15522675119117735
-0.019871820922180428,0.1376809554046643,0.5902864897542768,0.262299746306941,0.3447198781227159,-0.530438804059183,0.6496419776928042,0.13339953592727083,0.2116038735559469,0.24739627989723179,-0.6437760035995392,-0.9129842620777465,-0.5368201511822132,-0.8827825791985795,0.18130083772291639,-0.2451062755527002
-0.03990774103578554,0.2185601764826004,0.4249746034325632,0.04990399470532059,0.4387599792332597,-0.3481549277224403,0.16154061924553043,0.33998213303602776,0.19302905355825706,0.13021912773533728,-0.16404724391625325,-0.3556141537454427,0.12672789134028506,0.033792875527408034,0.2895531707591328,0.12095719651881476
-0.07566749933841121,0.06847821927834596,0.17946069352251492,0.017280000119335392,0.1669829532146474,0.029184592387565766,0.22136732352727106,0.13247337622604638,0.3937648416872963,0.08621165036262335,-0.05278369491119761,-0.1574431467010925,0.0584199080592005,-0.020228305293951587,0.17846479237123952,0.25585839808608946
0.25133382136789484,0.355611175394015,0.39024373836201165,0.1447382991140278,0.2855373952015048,-0.5196323054975729,0.0635450999100915,0.3375559235607666,-0.34037754727716485,-0.2882467467792835,-0.4725816703513712,-0.6313346725932633,-0.05117800261828567,-0.16485844659389176,-0.35691849659328245,-0.4216541406453865
0.0013908147391186176,0.17159252412634807,0.36297903864842573,0.11805726566779562,0.28718638652401074,-0.46459791620093505,0.19181214583790607,0.20994289187399784,0.05616446898636629,0.2815241386833074,-0.29750386824997843,-0.39966422038261995,-0.1758637332363845,-0.074043278236933,0.026569159567060963,-0.1585542125605338
-0.16083999433578478,0.056296170050252003,0.373920403959362,-0.035526106323005235,0.28063564878493374,-0.35133043110758533,0.5588284185014154,0.10692697123176464,0.34783080712272674,0.6115831572935673,-0.4520191456704372,-0.7068869365831121,-0.3989734173497764,-0.4002220641211414,0.10035984727045516,-0.22074492569055404
0.03949016322911425,0.4359161997040246,0.6592895894281519,0.13483430407896746,0.6849755832925046,-0.5610411064280534,0.1122115411650968,0.6461210117677023,0.05216381630345768,0.5777982890916251,-0.4469234066045902,-0.8033676906803843,0.20632545147737624,0.15653541369113402,0.0876592620507653,-0.11095576290576081
0.6242369161171608,0.7267799138373225,0.9033712238803331,0.737999854816189,0.8076721157272955,-1.0028535078792329,-0.40121906476929725,0.6757504710980711,-0.17442835012966773,-0.10415053953541498,-0.6912549453883371,-0.7740123072173,0.05989574540622522,-0.16613892791259605,0.5718238560826396,0.33794468192947846
-0.16300402623952137,0.04957645130453714,0.3097723150984266,0.01139389996798279,0.21451406906203663,-0.3564389162362114,0.22832144429123957,-0.016876598858164282,0.49297767078911514,0.40755837310354726,-0.33494430415149135,-0.21703335769481036,-0.19257034953043328,-0.3274056523482006,0.43821027337157314,0.18978202282266085
-0.41542357214587144,-0.23373243176327674,-0.2286493627627515,-0.48748731790022326,-0.0006158015661021921,0.007062089621844292,0.2511492609535193,-0.05822305708591524,-0.13186660837455855,0.46029659776481946,0.1221915897372221,0.12750834495035823,-0.0104050505364148,0.31679877796211026,0.02758841439553078,-0.2769648258996008
0.5853378816162165,0.6523878162917662,0.8410419738709413,0.66994975632934,0.5914527794334097,-0.795879578875545,-0.44036954172341725,0.6478618651866457,-0.2288384885704301,-0.17747721905665192,-0.610090504574784,-0.6720758835001099,0.20523347446135776,-0.12388131799449875,0.22731765313168698,0.12243310585445394
0.021334512535219563,0.2740159348397819,0.32912665226603366,0.034819386920649675,0.42230627011807087,-0.34182028503518946,0.0521384899460311,0.37693679142866765,0.10521870981448078,0.20919080812668867,-0.20520648982368617,-0.3085790211526356,0.07923366072303734,0.018016604954438575,0.24665303230652874,-0.03095223263464142
0.4158489137964554,0.9910273776055514,1.049876448454115,0.4235638415849592,1.1434831324444121,-0.8043034945248606,-0.6530971944641655,1.0271066135369864,0.11120952265723627,0.8122104683021301,-0.1927737526708304,-0.5723574196318618,0.6937698997622826,0.6151275630738982,0.7328458081141616,0.2607175245972718
0.1234305582030657,0.298080203927918,0.3962214405651139,0.20472711683020806,0.3306915272380633,-0.505009705143658,-0.025182180020779432,0.3199529341818046,-0.14100828373165908,0.04710794976980015,-0.3035653950639092,-0.46263452362647817,-0.07476049606646012,-0.1219537852501045,0.006357302997556241,-0.10039530327203275
0.2202817132713215,0.5662056889532323,0.9065557803459394,0.32208999938907623,0.7388107640598764,-0.7360867809372946,-0.013410032672383165,0.6471459093254031,0.11838857626928734,0.14928157723009172,-0.42378093048583987,-0.8344322597243148,0.20234656801200546,-0.045921954782805585,0.4782853026415911,0.37600533493872734
0.17093704843814184,0.3642858118709136,0.7740582942616059,0.33428699251259,0.606047879213462,-0.6670764860391754,0.13608280008986262,0.3937172646401317,0.25128036054112335,0.4342671924062156,-0.44341476076978026,-0.6911253665615877,-0.05629661534814295,-0.3750513978747681,0.18848364902032785,-0.09361210375004012
-0.08460155735494812,0.31493230473153355,0.4090918160642547,-0.020595186167065904,0.5451367007157732,-0.32507777560356055,0.1038265347005407,0.4299783711024716,0.7789851227758708,0.5428830755996059,0.08677340460042027,0.013001390025390691,0.3167392007367368,0.3955875073991545,0.7563032167969728,0.4030944072753589
-0.14456533019232842,-0.049228116477815886,0.07184437142861122,-0.047159553469315885,-0.009692309206270844,0.049659333106084835,0.19256757573754202,0.00012311163900302624,0.08214631119262861,0.1338429914950292,-0.18760850313848254,-0.4394697277819569,-0.11653374340508382,-0.19502456439624294,-0.28500126122327596,-0.20945922378853465
-0.06272068363631456,0.19429099405991335,0.5421963275006059,0.12905917909693776,0.4211457263029357,-0.32557651129354115,0.41982609688814887,0.24395056646264623,0.5944648991911636,0.5939584043995714,-0.2890665081002428,-0.4629068444005212,-0.11928762154835626,-0.32382605353257565,0.44519323743702016,0.03289439840493428
-0.19215792360860817,0.16476125599093683,0.3256625296283464,-0.09552425926943253,0.324053150076689,-0.20433314767313426,0.30131184020385704,0.20658235299560612,0.4397675825298758,0.4026740923985175,-0.06480824766228122,-0.30056372590376357,0.17996462045181172,0.05897289463429445,0.31592049799662564,0.07884896123220042
-0.4541973773820642,-0.2114646261313462,-0.048962073845248755,-0.39462576663727056,-0.03104360388214511,0.11044280521967242,0.6836024925506832,-0.02628751518100736,0.7071260211500868,0.7805576810296273,0.0588758223106608,-0.13143933573344468,-0.05188904630950564,-0.016210831095142583,0.2559133682660205,0.051031437788469775
0.06704020617305106,0.18361675901639507,0.39067404542888773,0.07619815684604325,0.26768897918695944,-0.16734610751957435,0.2567377826317181,0.23973969236575776,0.25691423516694756,0.0717299709241479,-0.2660526325898378,-0.47262435302024236,0.12678527626186065,-0.21516814606624646,0.34391705213917445,0.25818385680814143
0.11460122114317706,0.3399809360256154,0.6231151447921826,0.2595693271933843,0.46604762942546984,-0.6087907133361772,0.40325805566983264,0.30255965040147736,0.032846542761622466,0.2549192963066611,-0.8547308982135277,-1.0167301486627187,-0.298758817853948,-0.5400066131733485,0.14783869408641004,-0.2353834408699832
0.058392607167093935,0.33761395463859634,0.7313103993600367,0.15483309482558827,0.6081094136453493,-0.25205378950849133,0.10328413261515967,0.48849671581319987,0.561114141137869,-0.1185699903542552,0.09160040839961425,0.06179896386916783,0.46453706737406575,0.16105489897186176,0.6606902052508982,0.5799607465660532
0.3204180123447786,0.43537106548919047,0.6591185467914205,0.42988105412156385,0.6427370358852127,-0.48813020750657055,-0.0006099098606642261,0.4786879724477271,0.055543545438661246,0.05595447553521016,-0.4523975448983927,-0.6664238500301554,0.03735790918031989,-0.12177806682213088,0.020988360228940073,-0.09134539844636708
-0.2751428557976572,0.12253504373576485,0.22503455189144583,-0.20795841798174464,0.2913996507101062,-0.19951302711812202,0.21105878357132202,0.299043380344741,0.3077231251017387,0.5202715108161855,-0.0922890703490693,-0.37565949822016,0.15968024745207987,0.24473598243343983,0.3281804741953,0.22002401121052945
0.09083532943793626,0.36485966079503895,0.4752795928818143,0.1716381406970624,0.5204334433797362,-0.45930387737042033,0.01562234089944714,0.3853124314517389,0.15135012217419286,0.39238653972930315,-0.3123997855907775,-0.5081909812202583,0.03734751644984324,0.010159769480988068,0.35270493982575624,-0.04606949983464971
0.3159070190732687,0.9091899793138452,0.9065392288161878,0.3408741290152544,1.0384713775716086,-0.5885383405402209,-0.5169892505671441,0.9028663183100318,0.4709483665236385,-0.1670179876835598,0.25057492027908324,0.3183236861820364,0.8049516985614033,0.7018142443998794,1.0417641445636754,0.43885712795517673
0.036620342278268714,0.18488934191726036,0.37867126024900943,0.07600884954523335,0.30387791782408646,-0.16532173104526682,0.07718242547902987,0.3149750193354366,0.11039046009885278,0.2699155327968277,-0.2027200397231642,-0.3809427617831481,0.1517905607053448,0.04177093949839006,0.3391707620116128,0.23104996119245624
-0.2017749527206072,0.1891344562813324,0.5519944317965146,-0.05865362373169747,0.4248365737074158,-0.3383046768909974,0.6237346815202756,0.278670795792864,0.7635878790332037,0.7381777672772909,-0.20297340071485448,-0.43010694488242796,0.0023503297310680793,-0.15266999325616898,0.5762019198193761,0.19296369784144257
0.3948978503147065,0.6665243543223178,1.076292249374823,0.55270924438856,0.9007651674814205,-0.9190858581986658,-0.2833684104088958,0.7513712332922666,0.12478156720920008,-0.07923417231490393,-0.528696497478234,-0.7541790020921559,0.2823585805195168,-0.04463995657738318,0.8102792393624654,0.6093778991220413
0.06180826377574489,0.29779959399877187,0.4167262279860211,0.1137342116640303,0.4691380439419546,-0.2881557356842466,0.020508261790112448,0.3191843138513264,0.046935649521394396,0.3144749605955006,-0.17983623972864105,-0.36219667255161747,0.14445635868055812,0.3100714393840552,0.18337119582025674,-0.18282692572671447
-0.16191574190675762,0.26823338325682733,0.08702866794400488,-0.23802316549368974,0.36452503521917756,-0.29600383462534374,-0.060307481515055494,0.3676622898997277,0.40210934440681423,0.617564144832649,0.11590386169074574,0.05329889890071349,0.17930206951423977,0.5444735366237592,0.22278888000210387,-0.33495248576605074
0.6198909371689032,0.9404334992306704,1.3670975392002742,0.7682386229611011,1.3341360502934232,-0.9653434931169194,-0.41469583697319123,0.9585725082580757,0.050859744381782646,-0.4792268504477717,-0.36536807927878,-0.6088349825507723,0.44179549479400426,0.05019151481853418,0.590375374621589,0.48639845022307515
-0.13069644378977774,0.1434393666201379,0.4816405102736703,0.015591301034738159,0.3897790433986099,-0.3552512451296428,0.45740629779335706,0.16705853948286875,0.6203062720234117,0.5122491974415688,-0.2000812513181094,-0.4429223686599485,-0.033085392778888334,-0.12582556695739133,0.49304726151386835,0.1940559875890476
-0.21355653051842682,0.032047625070124264,0.4189527552601242,-0.050827409999768536,0.32357864416432647,-0.16770776749381455,0.48501735867565077,0.055918311954026745,0.6126610380750419,0.6578494994311723,-0.23375402090238007,-0.4990463813342726,-0.10308207850715645,-0.39953605540139786,0.464399554804579,0.010294603022772193
-0.07539793115843119,0.3680284683587087,0.5639958435173491,0.03407259813079788,0.6574100609234939,-0.3255403973489337,0.06593037874748675,0.5263079712010776,0.3744876454428938,0.21458087804719672,-0.129002585292173,-0.22181666521686405,0.20720831749423138,0.27762985007765645,0.7214042666688985,0.19612406982010677
