8.749891566,8.055666067,7.690052509,8.381572143,7.752454342,7.968711676,8.687254346,9.689806226,7.732839958,7.461005114,6.640476167999999,6.958853062999999,5.996247874,5.7523902829999995,3.150394678
7.389122949,7.577610305,6.963300873,7.911805523,7.416805667,6.171192934,8.061033641,8.170963912000001,6.435416812000001,6.538578897000001,6.460789338,6.452766945,5.602762654,1.642931142,1.53444806
5.108032015,5.622367621,4.772856442,5.162783892,4.842455086,5.07230418,5.5237331229999995,4.77464399,5.427440957000001,4.417342482,4.422363798999999,3.8801836689999996,4.537556112,1.5998991009999999,0.6532980364000001
7.62906428,7.49588083,7.349028667000001,7.9864725960000005,7.349370041,6.518743967000001,7.0027976039999995,6.942915292,7.795419544,4.901317937,7.396835464,6.119411927000001,6.575240311,0.8262937105,1.70381947
7.875955382000001,8.107708452999999,7.453490699,8.021506296,7.700924896,8.237093857,8.372751387000001,8.131153416,6.179875541,8.599511165,6.36516722,7.052813096,5.746880825,6.719877151,4.13037894
8.395605251000001,9.101508177000001,8.175597874,8.14444301,8.667419812999999,7.997180628,8.842281583,7.614746555,7.933224339,7.995729991,7.07583772,7.772969878,6.635357886,2.834226681,2.555510396
4.392955279,4.857718237,4.123338984,4.519991835,4.23272221,4.176468466,5.012014337,4.416144377,3.980350652,4.6604380139999995,3.856529627,4.491872936,3.167040717,1.7948299019999998,1.462099835
8.047632423,7.578875602999999,6.948318629,7.8125233110000005,7.37039089,7.510860414,7.5010130010000005,7.369196219,7.441786167999999,6.51038741,6.975694757,7.069067594,4.883521316,3.07361195,2.56544844
7.0387613060000005,6.160642946,6.279359361,6.894368885,6.3032096189999995,7.266029453,6.905642611,7.440117585,5.447659273999999,6.404042115,5.208023125,4.8299554360000005,5.60568037,3.596687342,0.8909646876
6.381102293,5.605600225,5.2715056460000005,6.4605053329999995,5.4601767279999995,5.650252654,6.896457667000001,6.53822501,5.057121071,6.213056109,4.710852953,6.07516811,3.902872051,4.217897608,3.045030096
8.053323832,7.9048125460000005,7.602915336000001,7.637233863,7.583451317000001,7.490836267000001,7.0694872779999995,7.308381037999999,7.991164448999999,6.632305057999999,6.791577462999999,6.532133191000001,5.595833774,2.180782072,0.38496361700000004
5.611419426,5.161330767,5.318913491,5.478522601,5.173168067,5.46121332,4.9469990919999995,5.112770665,4.841544918,4.651535554,4.845937731999999,4.592408954,4.165888526,1.15176733,0.42631419159999995
4.82833286,4.246115141000001,4.919728983,3.998365755,4.6230325489999995,4.736536998,3.8613231569999997,3.8803514989999996,4.272535896,4.665072787,4.084122001,4.173688889,2.3175764759999997,2.745290541,2.8423504910000004
6.7508357210000005,6.721576982,6.360171397,6.14662578,5.991129051000001,6.290126148,6.368173903,6.0598141729999995,5.867830014,5.471628118,5.6346280989999995,5.877036069,3.6210428830000003,2.220011167,1.419442355
7.707937853,7.1411762439999995,6.537132037999999,8.157230395,7.223511581,6.580645485,9.459875121,9.68402398,7.372807721,6.949287495,7.070513227999999,4.928665092,4.783661816,5.883180078,4.493305003
7.287034537,7.929718897000001,7.047595759,6.980453193,7.053527532,7.033311423,6.441445083,6.067612337999999,7.071240173,5.632396882999999,7.1328701610000005,7.253347937999999,3.890563058,1.483166622,2.488572427
9.342659781,9.760436873,8.859968236,9.904146902,9.409889235,8.604126572,8.768831131,8.684915706,9.565166929,8.125325238,9.417018876,10.00909612,6.519598889,4.13185263,7.15761899
7.228130602999999,6.1567171929999995,6.600532304,6.499017747000001,6.07807896,6.921955994,6.939378716,7.322526389,5.2414185689999995,6.843962887999999,5.381405701,6.497245351,5.193327749,7.003893413999999,6.529070011
8.774287092,8.013725615,7.3194749439999995,8.779327262,7.047137274,8.159171427,7.64685712,8.114781951,6.841132268,7.877618336,7.522116686,8.15672323,5.509563141,3.8722296480000002,2.4849003869999997
8.373944341,7.893246267,7.707928032000001,8.438261649,8.479990273,7.219065838,7.840270287,7.82188964,8.113511337,6.885538342,7.3462964820000005,7.480561183,4.690229621,2.093882986,2.510589298
7.9311925720000005,7.746163835,8.382156434,8.488472094,7.461387198,7.8104853389999995,7.13004831,7.057116505,6.919791582999999,6.232594692999999,7.585373672999999,7.785207576,7.831921068,1.4507496530000001,1.822890514
5.8764175860000005,6.03618632,5.913615107,5.726405421,6.090458599,6.1729750779999994,5.077593927,5.056747641,7.053178728,5.267216249,6.332540819,5.6583158970000005,1.911498041,3.283884378,4.009900418
7.807392693,7.921515029,7.494313149,7.982353305,6.981477063,7.701030147000001,7.4682537920000005,6.593116891,7.520642746,5.842344686000001,7.48557312,7.190271435,6.076934452000001,1.842703573,1.399847293
9.302080905,9.643794618,9.831855143,8.324086292999999,9.207725497,9.961008589,9.214013413,9.20724911,7.9024124239999995,9.899563099,7.524585854,8.590826498,5.118242496000001,6.033263005,5.718841542000001
6.5349691960000005,6.885996905,6.657812697000001,6.638693527,6.3263351629999995,6.333187933,6.366467373,6.061280474,5.974787237,5.9038932189999995,5.9692887820000005,6.174071334,4.668778669,1.213563265,1.2568069990000001
7.769567294,7.094620318,7.233154409,7.74647944,7.6270505260000006,7.090080171,7.431062267000001,7.395079805,6.653101563,6.897130309,7.0771799070000005,7.410104037999999,4.200072044,2.5603854630000003,3.013334885
2.6470134219999997,2.79114153,2.7995160119999998,2.214409991,2.652105267,3.045924189,2.0470283069999997,2.087572148,2.326686299,3.020378113,2.6982517010000002,3.137876155,-0.02443205266,0.8186519501,2.34592893
8.343756363999999,7.607904445,7.146557973999999,7.618482222999999,7.343393165,8.425991685,7.251285461,7.492942855,7.854217705,7.718822891,6.629503455,7.11367271,4.625530235,7.614904817,5.208891605
8.126514819,7.522535704,7.166182119,8.188204508,7.708629207,7.876610682000001,7.685664941000001,7.351558351,6.795782872,7.562588272,6.832062295,7.128350216,5.271113625,4.883769061000001,3.7924722269999998
6.410702819,7.132969911,5.983185422999999,6.1098757070000005,6.615353384,5.354864096,6.034197507000001,5.921200047,6.46108208,5.005955258,5.457947172999999,5.518361852000001,4.562802884,1.8755500619999999,2.02367065
4.343017923000001,4.372204388,4.255828137,4.28139411,4.422130426,4.435542961,4.188712926,4.384644622,4.819721286,4.230755546,3.91624843,3.0864270210000004,2.619029016,2.856212189,1.4016031619999998
5.322174829,4.086202999,5.457472005,5.112855083,4.528003068,5.848036373999999,5.199693206,5.095400551,3.427564246,4.9021129619999995,4.519959775,4.6976178,3.85149957,3.55715078,2.449542397
7.358556093,5.871014222,5.866843789,7.756067741,6.101350187,7.022260694,7.310990816,7.113717831000001,5.709084123999999,6.125517303,5.989895767,6.3920494439999995,5.118443266,5.277974428,1.922058759
6.521921467,6.8456011729999995,6.797249117000001,5.265277842,7.089113708999999,6.255349817999999,5.121104589,6.099923613,6.7594391410000005,5.546948324,4.928625515,5.515511029,4.724054649,2.052875346,1.659487151
7.773373922,7.649337889,7.479042272,7.5376869310000005,7.67310036,7.713799702,7.338152277000001,7.160036181000001,6.726663048,7.206832325,6.408442695,6.072125057999999,5.0500179769999995,3.5351596460000003,1.588475995
5.9441277679999995,6.73280539,6.754034019,5.101871432,5.893067405,6.435439689,4.954161288,4.861720266,6.102427017,5.8787251320000005,5.637824123,6.061453966,4.072591926,1.393770767,1.930361521
8.041436186,7.867042296,7.72611226,7.513857941,7.742666633,6.811959421,7.965807133999999,7.971722265,8.075367092,7.006464068,6.88570081,5.729927906,4.448323795,3.15193532,2.4974684959999998
6.362713051,6.171118721,6.427734126,5.451522768999999,5.816618622999999,6.745006782999999,5.446610668,4.510387208,4.839028708,5.605313044,5.591241422,6.0691906179999995,3.564045037,2.2455037890000002,1.90085329
6.80089222,7.304907568,7.6656437760000005,5.906435768,6.785045746000001,7.590976696,6.644950224,6.14817655,6.716720306,7.011402956,6.207964605,5.424322492999999,4.635203934,1.6394616430000002,2.2161317030000003
8.218823827000001,7.549277278,7.552891445,7.842450448999999,7.2338727039999995,7.678430389,7.249785479,6.9019054220000005,7.713314023,5.2279328430000005,7.86587007,7.00689971,3.9131418160000004,2.28842416,3.354796088
6.4448557079999995,6.74314709,6.074476495,6.6563936329999995,6.2418383429999995,6.326589664,7.087223965,6.340665893,5.171242391,6.327381001,5.791762283,5.285094,5.38811379,3.805977412,1.427716545
8.849665192,9.057639627999999,8.413376616,9.668454138,8.924103217999999,7.66669469,9.50981216,8.712915435,8.327714043,7.424662645,8.976237801,8.747006535,5.804365866,2.540433839,3.725366765
6.290415153,5.883799989,6.493115404,5.372937718999999,6.019892807000001,6.43575734,4.620600416,4.992579183,6.526831456,4.739930746000001,5.905314753,5.706789948,3.6004169260000003,1.3429833780000002,2.053334941
8.694956842,8.83484651,8.240323603,9.203406779,8.72097063,8.516005324,9.146579246,8.638043453,6.850136958999999,8.555355597,7.57972092,8.273810175,5.970567593999999,4.768234233,2.8308032510000003
5.29382505,4.881183707,5.21080918,5.1069145339999995,5.3247684930000005,5.608472176,4.822771405,4.670017925,5.0644670739999995,5.393164949,4.102919909,4.608829383,4.327515762,3.5419516460000002,2.273006239
5.257954777,5.339957202,5.594215897000001,5.786514111000001,5.136840045,4.955563208,6.03827671,5.755381495,4.625608242,5.161533333,5.046895514,4.975062189,4.76926587,2.1355085380000003,1.737314171
6.66332906,5.227477562,5.662478845,6.259277725,5.407231181,6.757628361,6.267915806,5.871443483999999,5.960597504,5.073006799,5.834548592000001,5.3113415580000005,2.7474644789999996,3.38720163,3.062103922
8.722935727000001,8.983569975,8.640150931,8.962232551,8.373914617,8.58659558,8.128467656,7.961957182000001,8.257805902000001,8.206722928,7.965131143,8.670753592,6.7496992670000004,3.6267830169999997,3.27208981
7.2411823360000005,7.20153594,7.047032681,7.25596232,6.45257443,6.500546891,6.814416711000001,6.646634805,5.804663575,5.900734706000001,6.4439019029999995,6.892977444,5.279272928,0.9930532097,0.9196479474
4.290931075,4.271782486,4.155976768,4.464082381,4.39867803,3.594605231,3.8418438089999998,4.088700437,3.654462006,3.761208738,3.879817149,4.275792098,4.099474253,1.892272019,2.113209051
7.647871438999999,7.589290082000001,7.407070487,7.2857685839999995,7.0738539220000005,7.931675424,6.366999047999999,6.752099745,7.563152646,6.904269988999999,6.913048315,6.421941489,5.928946035,3.845401771,2.861148933
5.061434918,5.036139167,5.002048594,5.412036995,4.829468004,5.35082079,5.495105886,4.65995171,4.650046656000001,4.981120592,4.708312908,5.019108947,3.061792553,2.469411306,1.792251505
7.912359481,7.393431637999999,6.911665977,7.908933133,7.524211933999999,7.612530308999999,7.520364344,7.610274512999999,7.194777567999999,7.617823344,6.624721041,6.847306917999999,5.256599767,4.095844639,2.106595042
7.555532893,7.635706033,7.175426352000001,7.646932088,6.970963345,7.031986915,8.051859398,7.892811263,6.847340246,6.4582006320000005,6.967130276000001,6.27371724,4.356865668999999,2.049628219,1.782022351
6.926773299999999,6.482382567999999,6.451869705,7.34331139,6.787715407,6.693129814,6.78592455,7.599386739,7.04787165,6.221450568,6.546328986,6.30713231,4.095752668,3.9890736980000003,3.5395999939999996
7.226545165,7.445520916,8.005289275,7.322737472999999,7.259261682999999,7.511971692,6.589994292999999,6.350956253,5.95370264,6.385795815,6.605812452,5.942848729,6.839351917999999,1.5087358080000002,1.391809255
4.885718742,4.464844736,4.610836432,4.994970492,4.675393028999999,4.611454676,5.8372071839999995,5.753832278,3.4943180519999997,5.811823388,3.257289959,4.720976599999999,3.22320458,4.096361138,2.0300682230000002
6.146931659,5.703640407000001,5.2119223130000005,5.862700643999999,5.447975522999999,6.175358357,6.241251028,5.884547977,5.708610542000001,5.810184121,4.871567676000001,5.709988074,4.940907516,6.0710425820000005,4.805865314
6.994523345,7.129515942,6.477737976,6.948645339,7.158090037000001,6.058822659,5.953937782000001,5.695938383,6.649598106,5.38504114,6.293762968999999,6.373613907,5.532279227999999,1.06984202,1.507666797
4.309300218,3.8615693660000003,3.35907936,4.764385121,3.529063602,3.5054545989999997,5.084223715,4.715320151,3.4701784860000005,3.827701503,3.5742813069999997,3.8418441960000003,3.28502499,2.914937947,1.958236156
6.728956346,6.715806359,6.523365978999999,6.265581793,6.246618419,6.5979236320000005,5.8460837429999994,5.574762664,5.789698866,5.27656158,6.56639074,5.886470985,4.18570545,1.989138976,1.7438445930000002
6.794236818,7.363029185,6.430404823,7.15832929,6.737008336000001,6.163271826,7.021862982999999,6.55016082,5.509991631,6.025863944,5.5041804889999995,6.984390305,6.4332022470000005,3.555900655,3.880338608
3.793312728,2.777016218,3.5072503360000002,3.711550903,3.438611018,3.460842071,2.6862028560000004,3.008477928,3.249537252,2.5897402290000002,3.637848352,3.5748458380000003,3.2878452069999997,1.795179738,1.968232706
5.651265639,5.724154376,5.903909232,5.350359022,5.996254137,5.50314036,4.188397708,4.098292901000001,6.2056644610000005,3.8231415539999998,5.970125942,5.580181859,4.797055059,1.3574275319999998,2.946314745
8.270861326,7.194590881,7.198483144,8.084446236,7.646166013999999,7.786342057000001,7.588924362,7.854074916,7.255188542999999,7.264602914,7.208107534,6.807441742999999,3.969530748,3.994035168,3.034549435
4.493014225,3.838036437,4.231636003999999,4.099716127,4.270499506,4.3187157869999995,4.252152247,4.57463845,4.4820783539999995,3.8355973160000003,3.284389783,3.1495099580000003,3.2624395660000003,1.84254171,1.033772781
7.2615851529999995,6.363673481,6.89934722,6.7650652760000005,6.336156289,7.5375684860000005,6.174216361,6.716730747000001,6.0973144779999995,7.027724205,5.712004006,6.351711783,4.298472318,3.4446526310000003,1.353902535
5.758246943,5.074344803,5.057360921,5.205591175,5.388142192999999,5.838364741,5.69427695,5.424720084,4.108620054,6.075705646,3.714246337,4.325675745,4.17668535,4.481060952,2.075015722
7.290808757000001,7.0913902460000005,7.478667755,5.956692839,7.132022834,7.246001191,6.492655714,6.321359677999999,7.181561768,5.323242358,7.0271452420000005,4.953573998,3.71284871,3.4034733860000004,3.8864900469999997
6.683452992,6.445301419,5.574143622,6.329062996,5.877097257999999,5.857538674,6.676607194,6.275544332999999,5.963472536,5.27610694,5.485762156,5.351874173,3.228798358,1.973235426,0.8634498843
6.136844197,6.885654032000001,6.820863073,4.853691489,6.870970397000001,7.088588949,5.633150809,4.7884699369999995,5.986979449,6.525020852999999,5.157846502,5.1443463860000005,3.885916574,4.955045481,5.140981636999999
4.550866938,4.59670055,4.495925667,4.4815854580000005,4.545510243,4.184705292,4.703423656,3.820162036,3.539691879,4.756103148999999,4.051816693,3.7620176880000002,2.487786324,2.016368319,1.051266378
8.302709814,8.197971038,8.173958418,8.776643507000001,8.178252471,7.502160998,7.9467191679999996,8.156893062,7.4209864770000005,6.389401352999999,7.8829919770000005,7.112897847,6.229021416,2.70102164,2.748359075
5.837014698,6.1537906,6.398926278999999,5.602873248,5.714549555,5.402327294,5.457870664,5.1974962069999995,5.375802171,4.653570529,5.318492435,5.324351285,4.964813629,-0.034665231789999994,1.067471975
4.972904891000001,4.230694068,4.063088493,4.434624469,4.088705573,4.8990314669999995,4.607944441,4.728515303,3.019736965,4.494353306,2.9755799410000003,4.489595277,4.730229089,3.1872974939999996,0.7735019847
5.5715542629999995,5.992612263,5.709380456,5.331115452,5.838027881,5.235223758,5.479437207999999,4.969940575,6.507204732000001,5.425080822999999,5.786189814,4.625613497,4.636599548,2.241009286,1.93774426
7.441021323999999,6.824360732000001,7.187269894,7.446354186000001,6.511991862,6.9426346070000005,7.167923095,6.795910986,6.44831393,6.297424162,6.310252059,6.244081358,5.188104297,1.611007263,1.685830142
5.708656217000001,5.222348298,4.895791276000001,5.969672492000001,5.002725487,5.40755109,5.595237356,5.225470276,4.665581087,5.412372717,4.822231309,5.111964505,4.443712745,2.319882165,1.297423384
4.7536510210000005,4.115241544,4.155189694,4.394885855,4.360771917,4.2065526339999995,5.04682504,4.552789221,3.646938863,5.044178238,4.054859296,4.007539031,2.605108996,3.5267044889999997,2.306953246
7.441530306000001,6.918634292999999,6.538242242000001,7.372742228,6.655086498999999,6.346917441,6.782708845,6.757282289,7.078962597,5.257324361,7.1344253570000005,6.936538013,4.112145316,2.77764693,3.865927483
7.558906166,7.191238001,6.775585499,7.309375748,6.907046322999999,7.191097852,6.808299909,6.835945446,7.002465387999999,6.025710585,6.634477999,5.5728468829999995,4.321000997,2.5644143759999998,0.7472548459
6.017333496,5.5438016679999995,5.506321961,6.145338359,5.5843964470000005,5.411712532,5.860986992999999,5.220285765,5.160125486,5.256871868999999,4.830845425,5.269625624,4.317059515,2.7089173110000004,2.303576489
5.930780478,5.08790932,4.814358821,5.9595231989999995,4.796896441,5.219742706,5.750743764,5.742821307000001,4.970216777,4.684205921,4.949399784,4.982020268,3.0030114689999996,2.903626235,1.432042976
4.732679303,4.156870586,3.9855198769999998,5.002915963,4.044372038000001,4.035757647,4.817276126,4.507078824,3.929005108,4.051604705,4.084712199,3.892986697,2.921757045,2.1311973109999998,0.31760639949999997
6.723319122,6.696282042999999,7.111072062000001,6.535809092999999,6.513649075,7.5752994760000005,7.338236384,6.695192235,5.159910803,8.097456786,5.460776967,6.4546422329999995,5.782527797999999,5.250253459,3.744625465
5.50026978,5.447552972,5.733047023999999,5.081591974,5.332057923,6.079976405,5.252499771,4.993871937,4.7162794130000005,5.218227113,4.509200504,5.015134686000001,3.701835221,2.103831092,1.900659871
3.0647525730000003,2.952199046,2.246261375,3.2067365530000003,2.98585265,2.426801583,3.011865132,2.5879939309999997,2.56335568,2.631987044,2.851079823,3.3540182639999996,1.1518482559999998,1.189927838,1.690708979
6.599831872,6.929119696,6.64690287,6.649519631,7.035317458,6.497192071000001,6.489288182999999,6.073494267999999,5.605863591,6.685798472,5.143052813,7.046246581,5.53569476,3.374212613,2.198581066
7.433730205,7.621322058,7.263248635,7.333510941,7.853151759,6.383505997,7.363076935,7.491766483999999,6.644543859,6.487438926,6.464487527,6.885792395,5.829535573999999,2.465737653,3.41676902
8.396374127,7.54393634,7.1358779420000005,8.02328673,7.436067855,7.778787873,8.314865109,8.317974492000001,7.620496768,7.72663653,6.552657815,7.060237979,4.403576287,4.237598587,2.522320775
4.9915714289999995,4.5805203269999994,3.918443462,4.471627152,3.82373185,4.392946306,4.580486038,4.908653445,4.3596671339999995,3.82011031,3.734224046,3.17772197,2.396035705,3.307395502,1.8201750769999998
8.01771014,7.785813015,6.884197915,8.185468862,6.844595161,7.882788744,8.066754815,7.603221875,6.898142042000001,7.979110751,6.432132233,7.036065643,5.9505094210000005,4.542775674,1.617836195
9.178701108,9.480436906,9.504647811,8.800751722000001,9.145571937,9.230143201,9.091005302000001,8.093603567999999,8.115287672000001,9.300669217000001,7.590542944,8.962269119,7.30761115,4.196544306,3.4346225219999997
9.328672997,8.372867272,8.386281979,9.380815452,9.449134696,7.807899655,8.21441284,8.69760061,9.210367107,6.582467627000001,9.311226067,8.296724138,5.498355543,2.611529984,3.9316039060000003
5.880725605,5.098917547,5.283544762,4.719439144,5.57807019,6.295494877,4.755131269,4.454883601000001,6.047802822,4.874467777,4.439094788999999,3.768213775,2.876581171,3.213438215,1.0945442779999999
5.104012622,5.046665808999999,4.981714481,5.553656938,4.992163308,5.146839644,5.370150182000001,5.295940358,5.319574309,4.894030371,4.571663484,3.747523947,4.052367544,3.692794008,2.36244466
6.1455355229999995,5.597689492000001,5.911337997,5.773941096000001,5.565386185,6.147628227,5.866607642000001,5.789190737999999,5.45408395,6.2983631639999995,4.468078033,5.746089682999999,5.0877572,2.7340326060000004,1.3637184390000001
4.785718741,5.931600402999999,4.460168423,4.905194956,5.137277255,4.376724898,3.989841378,2.95065332,4.973156974,4.099370801,5.107347324,4.742967879,3.307632378,1.78129601,1.784517382
8.551133011000001,8.626113489,8.486181401,8.493007835,8.508796276,8.138898606,8.12068391,8.287386699999999,7.885229195,8.031512493,7.324425141,8.255991311,5.852971608,4.555131893,3.8304978610000004
7.4961759070000005,7.577702614,7.95227145,7.002394239,7.491861781,7.585273821,7.340789559,7.381418599,5.389734587,6.765250334,6.045860997999999,6.08293468,5.7544961,1.151334726,0.6119087701
6.652172529,6.144460066000001,6.801694929,6.039099545,6.472580952,6.67702655,5.8020868729999995,5.633911782,5.767087592,5.817255487000001,5.528063098,5.2357779,5.535566257999999,1.189990624,0.7853282705
8.255922019,8.080584167,6.9527315739999995,8.89559652,7.375948806,6.117101226,9.395966872,8.820819854,6.861954533,7.633247272999999,6.379008327,7.908808043,5.882251306000001,3.308887069,2.61492671
7.733182996,7.305776797,6.819805291000001,7.811256468,7.058344319,6.701346213,7.24677385,6.959231149,7.5933006810000006,5.907191986,7.005650312999999,6.072591061000001,5.006982697,3.251005405,2.355149152
7.21086492,7.595711075,6.957103997999999,6.728008882999999,7.112222012999999,6.41864673,6.398474643999999,7.065774809,7.581772554,6.144073902000001,6.074588874,6.060316287999999,5.559766113999999,1.636048436,2.2051018890000003
8.008618008,7.733974355,7.002381662,8.342312387,8.136547661,6.609363189,8.184647598,7.954932956,7.110782519,7.17931544,6.9361127929999995,7.766239624,4.824378357,1.74177846,1.777521181
6.264966407999999,5.569048672999999,5.940733688,5.889286265,5.818066077999999,6.456618002000001,5.700118534,6.003215467,5.592568507999999,5.573384597,4.715274555,5.121535524,5.188854705,3.7033111410000004,2.454704155
6.841151547000001,6.474812748,5.978937343999999,6.88719386,5.982830225,6.618498541,6.77077237,6.308569112000001,6.009378972,5.239236717,6.059459926000001,5.749986677000001,4.381571182,3.618872048,2.364107435
7.337759377,6.373527586,6.740607432000001,7.893474475,7.116456406,6.890488536,7.811599877999999,7.224424078999999,6.231699805,7.170032754,6.506573223999999,6.1885206429999995,5.047905377,4.1967014019999995,3.118684649
5.690628723,5.3913209470000005,5.4548787679999995,5.866578597,5.4896863389999995,5.076457533,5.001710151,5.152639563999999,4.950936123,4.972823398,5.6457796810000005,5.683352093,3.412152485,1.90006829,2.646124695
8.305850461,7.9208273479999995,8.072511926,7.367115704,8.228767595,8.984143533,7.304026737,6.808532535,8.049731019,8.218899439,7.781307107000001,7.25103735,2.929154577,5.3480801,4.658447345
8.388604192,8.212201446,8.139064904,7.896967817,8.222810326,8.765974451,7.167330741000001,6.568036861,7.41818521,9.029494168,7.484254575,9.397120778,5.649465875,4.9122511189999996,4.35046021
4.596142184,4.622061448,4.304000023,5.319483751,4.393859527,3.8585080819999997,5.3086908930000005,4.976679599,2.410965032,4.47860922,4.180057276,5.461078057999999,3.1827995469999997,2.463976052,2.567811324
7.306752900000001,6.865860982999999,7.14059801,7.026078561,7.119386111,7.99766376,7.025648041,7.306393541,5.662003329,6.8964016610000005,5.937260312,5.978795429,4.8986109319999995,4.293386998,1.762083808
7.0042190479999995,6.525773031,6.6571746,7.482193967000001,6.819976644,7.146179707000001,7.864246957000001,7.229792165,5.738574606,7.562333737,5.833068508999999,6.6622183260000005,5.135242608,4.169891379,3.0063571369999997
9.026893123999999,8.852211447,8.830639631,8.603859645,8.656234108,9.675905913,8.562245245,8.505101431,7.554361375,8.858867709,7.297635861,7.439537409,6.014068314,4.059350801,1.8270895280000001
7.877704967000001,8.114531426000001,7.347985606,8.003885201000001,7.393448746000001,7.189750289,8.003736088,7.499478702999999,7.4620103360000005,7.091443917,7.2141890889999996,7.848458196,5.07432818,2.5557801540000002,2.466930048
5.957117369,6.024622205,5.521566899,5.970549833,5.138574301,5.046809291000001,6.340075827000001,5.927639111,5.164663048,5.3840164129999994,5.277766224,5.040535584,4.416474242,2.836034788,2.933824632
9.262604769,8.808230803999999,9.095002956,9.446638639,9.370483037,9.208270812,8.851788669,9.217205812000001,7.640613121,9.624511688,8.131328905,8.892428239,6.201475702000001,6.2207671929999995,4.957019787
5.681197063,5.19101055,5.73992356,5.578678522000001,6.271365655,5.787791679,5.251924602,4.993322084,6.096886925,5.913188692,5.159947263,4.892299092,3.857861619,4.062101778,2.749708607
6.847399506,6.748585475,6.904610247999999,7.059261082999999,6.398938627000001,6.318687885,7.39422165,7.048898955,5.5148559729999995,6.593590241,6.322016347999999,6.625510703,4.3292112739999995,3.060475958,3.3565475510000002
6.275879402,6.548930604,5.83577605,6.815467484,6.17323608,5.538782844,6.727074438,6.385917372000001,6.198329632999999,5.23836484,6.147256362,5.682092886,3.9408820510000004,2.804792051,3.2475863769999997
7.573796783,7.213952533,7.147302123999999,6.505835127999999,6.567807265,8.590642109,7.0871476939999996,6.948596502999999,6.567701886,7.654220856,5.899844111,6.364872565,3.9053846169999997,4.120378024,2.164994205
5.947347207999999,6.5360589860000005,5.8934607439999995,5.809210022,5.779755526000001,5.834464572000001,5.68769583,5.389451985,6.389634902,5.508191537,5.467129817000001,5.654945627999999,2.9803589930000003,1.207582311,0.7512744516
6.076064781,6.456789077000001,5.986659856,6.190669317,5.841477152,5.593446876000001,6.255213587999999,5.412207069,5.616476603,5.055498727,5.548860854,5.02634004,5.0942446960000005,1.800328746,1.849800009
7.39698042,7.701067194,7.632614905,7.807154538,7.41111634,6.610448888,7.152310761,6.735480037,5.578698145,6.736643002999999,7.524846258999999,7.752135087999999,4.420798093999999,2.144312535,3.7354140289999997
7.860108682000001,7.830675028,7.245294322,7.053579516,7.56854758,7.39495567,7.459946242000001,7.174009026,7.483826841,6.691626362,6.6001236279999995,5.920380065,4.94520516,2.383773685,1.078169353
6.397957803,6.338010567,6.6254426660000005,6.413345832999999,5.723780631,6.223701567000001,6.116547741000001,5.97172499,5.5971136470000005,5.5152945110000005,5.980586916,5.914298402000001,4.627506136,1.389030772,1.8181578409999999
9.331610835,8.328622198,8.808697152999999,8.880950643,8.391588046,9.78339384,9.355816333,9.424817082,7.010837451,9.879489656,6.5078326429999995,7.774846011,6.564882711,5.387206739,2.324352765
5.397134164,5.53314886,5.178378459,5.985336985,5.62607316,5.057842713,5.602702355,4.97173962,5.140075484,4.629564233,5.298658456,5.701694173,3.93046348,1.951144002,1.394407329
5.927196857,5.433909476,5.60607154,5.94638644,5.461776727999999,5.235263752,5.52865732,5.374078976,4.786760672,5.108940757,5.040683278,5.601722991,4.335571951,1.794214512,2.0537304990000003
7.083251081,8.176953925,6.777349901,7.6680874889999995,6.9246914120000005,5.7874699210000005,6.942417082,6.812231357000001,7.007814113999999,5.05418932,7.305710616,7.286708729,6.161192472000001,1.3052186609999998,3.034522136
7.72169641,7.910603277000001,7.082853468,8.224847908,7.7556997260000005,6.51939686,7.576732367000001,7.81890933,7.4901121889999995,5.902058584,7.408284181,7.172511762,4.959540166,2.613903225,2.9147339710000004
6.822446631,6.779657321,6.759946206,5.907247217,7.204770261,7.018927478999999,5.91674529,4.989770418,6.456870285,6.6112084410000005,5.368507118999999,6.491673727,4.996530856000001,2.7954121119999997,2.799089206
7.939796587000001,8.181102705,7.549454896,7.554531773,7.737215177,8.243801151,6.836098345,7.064702393999999,8.00076648,7.18914231,7.136193307999999,8.406339855,5.9505667529999995,4.654406205,5.704357592000001
5.949162406,6.700900438,6.124613289,6.04789113,5.783960099,6.234733457000001,6.703121317999999,5.429321679,4.8347270380000005,6.186443801,5.452372686,5.781246345,5.715410509,2.682747606,1.690635149
6.018199785,5.751386409,5.510000172000001,6.381740282000001,5.765795227000001,5.80638462,6.18777305,5.82311684,5.026073248,5.967562807999999,5.458385224,6.180680253999999,4.026202208,3.904600168,3.3537509269999997
6.498525722999999,6.450178491,5.971838616,6.728727806,6.160240957999999,5.952954575,6.7160586989999995,6.30101899,5.741424932999999,5.93078893,5.642856652000001,5.844807192999999,5.110378938999999,3.3286610389999995,2.8896532269999997
5.011593951,4.1973727489999995,5.0437412010000005,5.435804445,4.851056451,4.803107436,4.070835431,4.433031341,4.0633731310000005,3.8577513939999997,5.282245012,5.5910240270000005,5.367845632,3.6623097430000002,4.489977946000001
5.093604914,4.9934351480000005,5.112761763,3.336494222,4.74742599,5.178453663,4.128748435,4.535298687,5.294680753,4.607677063,3.793579663,2.8244779230000003,4.2049443,4.324099696,3.995639471
3.216521727,3.2863957630000002,2.918791011,3.253581852,2.7321766339999995,3.298477878,4.613856727,3.048338624,2.433302079,4.168332286,2.304818919,2.734683157,1.720702536,2.33851843,0.6441378538
5.634315632000001,6.65681372,5.7414094989999995,5.3103928,5.672450198,4.929328985,5.669969696,4.578041845,5.269013494,5.667062634,5.618220313999999,5.5782637,5.319455452,1.647071112,2.7146058610000003
5.6475592489999995,5.071690075,5.041398402,6.557097801,5.369422042,4.222081646,5.7920926239999995,5.789866445,5.7510737,3.377736937,6.519846267999999,5.326752663,3.072341197,1.888352685,3.8669345219999998
6.795127578,6.4687752110000005,6.784319352000001,6.668105949,6.9598707179999995,6.267736496,5.972362024,6.718733612,7.376115395,4.674196696,5.9586765989999995,5.313961003,5.381604352999999,1.6781805019999998,1.6895657530000001
5.3523757089999995,4.832466341,5.305189532,4.387120616,4.787123941,5.545479822999999,5.029450871,5.550619516,3.876914933,5.240531475,3.666518753,4.246171332,2.984259691,1.68181568,0.0838066568
6.5466644810000005,6.057062942999999,6.052593575,7.119318265,6.221718431,5.827540461,6.370971532,6.900403989,6.03021158,6.265200667,5.414935014,5.051624073,5.008029055,2.372380152,0.9753039040000001
5.744661799999999,5.7525187,5.301167417,5.271259658,5.353182679,5.140043047,5.207269765,5.06774899,5.968310889,4.470285133,5.302536853,5.0017054519999995,3.968313198,2.518279438,2.6900501789999995
8.059688722999999,8.498243875,7.884422176,7.6246059939999995,7.799060165,7.527182131,7.788630653999999,5.780095847,7.295975417,7.003861736,7.62326052,7.068527518,5.016594219,2.36864841,2.63225977
5.766884857999999,5.605121109,5.701102015,6.246538345,5.632996164,5.512709967999999,5.789062733,5.26097768,5.23634191,4.482835024,5.3586878669999995,5.490092914,4.415758413,0.22124228,-0.2882698547
6.324562392000001,6.134778537000001,6.197338511,6.475563921,6.211171246,6.385332432,6.8299984160000005,7.1064409479999995,5.558655749,7.097986914,4.833122427,5.694438042000001,5.848410694,3.3562176580000003,1.98298722
5.392223686,6.715599445,6.1477957739999995,4.973178948,5.696469767999999,5.381135542000001,5.650433893,4.864227002,4.445039556,6.04035981,4.76977525,5.256770975,4.309249627,2.1812038869999997,3.09998226
7.455528475,7.938903507000001,7.172034493,7.499738047999999,7.751061163999999,6.92526603,6.829319411,6.847822439,6.954366737999999,6.163498291,7.258758239,6.59920334,4.718330347,2.925149725,3.053915028
7.501700436,7.216651607999999,6.694051957,7.18624763,6.903350593,6.946514531,7.353482457999999,7.44652878,6.223475729,6.913533284,6.150699157000001,6.030868412999999,4.300076749,5.196490900000001,4.067461992
5.297361866,5.65382672,5.314852792,5.220347901,5.279704018,4.892577639,5.483780437999999,4.939392386000001,4.265855152,5.510739599,4.545921096,5.407425399,4.2072189689999995,2.518780207,3.383393795
6.673637697,7.020496696,6.897522903,5.848395619,6.779770271,6.035638174,6.071204585,6.020450501,6.1815056010000005,6.336582393,5.784394985,5.393276179,3.9430505539999996,0.9724840736,0.7096146098999999
10.08730189,8.81838321,9.332160091,10.27993212,9.565294106,9.464386719,9.83489025,10.0677147,9.578610592,8.914340102999999,9.013019734,8.996251613,4.781072757,5.47012645,4.597444834
6.27645371,6.856108585,6.092271881,6.253151736,6.369795421,5.532736526,6.741084816,6.04742368,6.2988441260000005,5.497212115,5.937952547999999,6.312981216,5.347495692,1.631691438,2.485310215
7.9777336210000005,7.590653551,7.299373625,7.734911751,7.884272482999999,7.134636505,7.772619425,7.9546934689999995,7.474503765,6.902081064,6.468052071000001,5.857467787,4.817480397,2.11628037,0.9512703057999999
8.737520496,9.674884302999999,7.803527682,8.444709637,8.179322941,8.454078441,7.601778339,7.722737727,8.364715002,7.579706208999999,7.780595389,7.707031753,7.07931508,6.1169637660000005,4.953573902
6.688909801,6.008726899,6.1678978220000005,7.091942297,6.3879542979999995,5.969144179,6.128546557999999,6.355657008,7.115062514,5.02108241,6.100081972000001,5.74475843,3.529323695,2.701979212,2.052768225
9.449664712,8.205444402000001,8.763485825,8.496895443,8.728969116,9.952873422,8.630816612,7.8822160939999995,8.36276051,8.728240182,7.656766202999999,6.660619903,6.110062308,5.808507507000001,3.2040973719999997
7.734907037,6.406934305,6.8003558570000004,7.565334224,7.020588551,7.07671179,6.845095935,7.063055379,6.468508261,6.169162719,6.612424978,7.08008907,3.743892686,3.451270535,2.02159111
4.780334115,4.468876987,4.517196739,5.077753894,4.843428681000001,4.275511998,4.073226967,3.758491335,5.085132648,2.9053857310000004,5.324585394,4.866457054,2.518991485,0.6933074084999999,1.965872214
8.25526052,7.86845748,8.456111969,7.943813502,8.317328349,8.16558659,8.245915862,8.484394075,6.695198062999999,8.602789517,5.91155038,7.044184317000001,5.926839923999999,3.751019992,2.262148131
7.191750373,6.709986125,6.349468937999999,7.260386158999999,6.0702603129999995,5.233312819,6.623015165,7.212104354,5.411170134,4.343321297,7.1572658339999995,6.267997922999999,5.176709159,2.6874411019999997,2.829474028
5.963919053,5.263234393,5.649538528,5.4616319970000005,5.555250712,6.2441331589999995,5.755048888999999,5.785457895,4.226047095,6.74179654,4.5230745510000006,6.111882463,5.015371747,6.352287576,4.397261811
4.8475215,5.011493088,4.826035133,4.039094791,4.362273599,4.854997741,3.996071647,3.617035436,4.893988397,3.8670747960000003,4.4205809469999995,4.480945445,4.19602517,0.5807672539000001,1.7469149990000001
8.584947548999999,8.347399165,7.2266873170000006,10.30796873,8.18847066,5.720585402,9.204426681000001,9.135842193,7.537144106,4.730472032,9.10273234,9.196266899,6.20723395,2.17302091,4.171157386
5.974108072000001,4.971623438,4.808407573,5.899472482999999,4.621999276,5.65949788,6.018887451,5.936250107999999,4.112902031,4.969012264,5.018354555,4.854867421000001,4.173557033,3.36624804,0.9458091524
5.455837252,5.018833287,5.126869808,5.126022152,4.88388316,5.519740202,4.352105482,4.7030768389999995,4.068080615,5.143838692,5.322882906999999,6.038227445,0.8922774363,4.329217241,5.391472575
4.753082557,4.862987899,4.733049618,5.138512606,4.918349728,4.940207822,4.957788196,4.127297414,4.515549097,4.573783893,4.355955958,4.7828063830000005,4.243284677,1.744962486,1.046312766
4.782686392,4.8121597760000006,4.577573511000001,4.443771076,4.431085039,4.374988356,4.475915005,4.181786461000001,4.465527525,4.0229691260000005,4.27134501,3.7960614980000003,3.3210649130000003,0.9124040359000001,0.9379626791
6.159427614,3.9357484410000003,5.005829416,6.16742005,4.936441366,6.158815334,5.24456337,5.16262162,4.535074563999999,5.1717057980000005,4.945060003,5.672306995,3.5616539819999997,3.286505523,1.228112037
7.222381083999999,6.478791684,6.6825410320000005,7.516260787,6.78651126,7.245569072,6.941306566000001,7.266607231,6.357651477999999,6.830016613,6.02127952,6.754678847999999,5.085617284,4.7743441110000004,3.381077986
3.47559902,3.173174586,2.833317964,3.532662855,3.072762201,3.5736233910000004,3.996613252,3.4605720110000004,2.453532376,3.798636887,2.365363576,3.004622711,1.9892681669999999,2.456645684,0.7907422379000001
6.16881755,6.675083067,6.049131595,6.3186101,6.2460198060000005,5.929535945,6.362500565,5.752168776,6.770846412999999,5.563100316,6.365867164,5.6899505370000005,2.450874051,1.8173871769999999,1.707736057
6.548499151000001,6.123365754,6.2504725379999995,6.719059568,6.2884466329999995,6.998739777999999,6.628936717999999,5.841095191,5.503210394,6.325292502000001,5.550242599,5.319318517,4.749939106999999,3.932344122,2.43937292
4.745886549,5.015203339,4.351968325,4.613746834,5.108922581,3.839917619,4.297242093,4.023834095,4.020460695,4.345695899,4.094858392,5.079530769,3.56851368,1.187682286,1.631066016
4.174061355,4.454566383,4.418285614,4.492776428,4.27968473,3.930551195,3.6276336760000003,3.271051064,3.354152487,3.3272267510000004,4.308179246,5.2363989989999995,4.264970556000001,3.12383596,5.216328387
6.947762101,7.097930884,7.053044691,6.719084049,6.902034952,6.799537811,6.909169897000001,5.59036889,5.797131162,6.882886419,6.247888243999999,6.790036794,4.740639362,3.616530248,4.747694238
9.682692797,8.245733078999999,7.937026609,9.775721888,8.258099005,8.336886672999999,7.895276611,8.069223966000001,8.731158452999999,5.664967852999999,9.476360063,8.624656919,4.554319605,2.8328924019999997,3.053900933
5.836474135,5.782980852000001,5.105501475,6.117772283,5.387486438,5.305204923,5.938774336,5.4429175039999995,5.3249616280000005,4.675422844,5.307511257,5.407731442999999,4.040366955,2.571127955,1.6242179280000002
4.909068573,4.58324039,4.167819752,5.176845108,4.711692638,3.950198743,4.542768553,4.549927451,5.390520884,2.878188943,4.43620282,4.089227708,2.625830073,0.6725334331999999,0.7054026201000001
4.428857317,5.361190807,4.941066922,4.873133538,5.069525345,4.342616155,5.000728606,4.411506598,4.4087385910000005,5.168419337,4.390725885,4.474961896,3.43931498,1.347355699,1.350762658
5.408178363999999,5.810710006,5.580432334,5.826494911,5.76687048,4.672209877,6.853687277000001,5.530073034,6.026132367000001,5.125801025,5.391018962,4.372050875,3.8962607489999996,0.2100285614,1.724234016
4.05328032,4.047773581,4.148467427,3.7409170769999998,3.878109512,4.2471447410000005,3.555729655,3.5318453830000003,4.046015172,3.9163848839999997,3.808283494,3.556089173,3.9868225010000002,3.09622703,2.494185161
4.8131482960000005,4.834563591,4.413876945,4.179242734,4.033093303999999,4.497909919,5.088002044,4.538849474,3.9012663560000003,3.807238152,4.122537275,2.722302591,2.722901699,2.927088139,2.680784586
3.0646441760000003,2.533002479,2.880881828,2.803544037,2.65169972,3.243244481,2.925344929,2.739164969,2.213358285,3.1586852939999996,2.527468737,2.621115116,2.334338291,1.707862865,0.902842533
5.184303186,4.512478792,4.578903658,4.820305708999999,4.759178638,5.5141734389999995,4.810567667,5.203615709,4.063957501,5.627585106000001,3.6667083289999995,4.024936687,3.2976113239999996,4.166538201,1.4214086069999998
5.779985914,6.116558336000001,5.6816874770000005,5.398742677,5.740704837999999,5.643724221,4.90299617,5.099263531,5.543927372000001,4.713294438999999,5.787200841000001,5.232571586000001,3.2236551139999996,1.628202375,2.027140788
5.75219171,5.376526383,5.5350985,5.728059169,5.377169747000001,5.632113007999999,5.079650598,5.200654343,5.297902284,5.272740011000001,5.490664126,5.634061374,3.585985817,2.8722660889999996,2.170030923
4.321077827,4.366939724,4.830454703,4.770141135,4.518836309,4.72710143,4.376720928,4.3403226880000005,3.798934066,4.383297625,4.230086956,4.664310467,4.034573323,1.684140028,1.7328220419999998
7.7164964860000005,8.1118068,8.221885857,7.348515504,7.9246462079999995,7.564429646000001,6.817201464,6.4424998979999994,7.032719181,6.757484599999999,6.953460679,6.933516824,7.22735401,1.851592616,2.540720964
8.68162106,8.637118009,8.015144644,8.942401547000001,8.594690416,7.576417209,8.251087748,8.546953141,8.327350962,7.165751263,8.040030053999999,8.570337045,5.8295952920000005,1.788940924,2.184033869
7.1254303189999995,6.89825479,7.41329698,6.178677048,6.956803256000001,7.543504125,6.021345055,6.146200686,6.113041802000001,6.572808887000001,5.647298697,5.49809699,5.467029908,3.61721359,2.730477434
9.211431193,8.039851701,8.616373813,8.883260487000001,8.687753271,9.650265753,8.184322206000001,9.097129176000001,8.123076261,7.795416113,7.058843776000001,7.297145621,5.8967182000000005,4.950478614,2.390633708
5.017859436,5.272819852,5.254130852,5.022342952,5.260440653,4.898028214,4.861691542,4.747521634,4.533406591,5.00817286,4.556284955,5.132527604,3.9658712130000002,2.8513541160000004,2.7962051289999996
6.655257982,6.367611042,6.347575881,6.078076658,6.749748601,6.010837864,7.095981803,7.224448102,6.9381464589999995,6.171019427,5.235193515,4.358434646,4.976050762,3.8696142510000002,2.911870907
5.228819571,5.540689966,5.066698317,5.4081999320000005,5.588214097000001,4.284419004,4.899307032,4.348181663,5.522209328,4.514352113,5.105289439,5.575290572,3.884190092,0.8446614872,2.331337545
8.650305567,8.336028195,8.032665975,8.643023474,8.241501903,8.57940624,8.370814575,8.788131199999999,7.326656647999999,9.334391351,6.804037565,7.9227789070000005,4.792171842,4.690443006000001,2.5498897819999997
7.408908591,7.230740877000001,6.897727542999999,6.836236857,6.573006294,7.360681089,7.478339803,6.96577298,6.9809350960000005,7.065972337000001,6.537583741000001,6.652162693999999,5.000739581,5.3341766680000005,4.487346229
6.214124516,5.626021744,5.155960885,6.438738165,5.032379148,5.901559751000001,6.909459871,5.5386362579999995,5.5825661339999995,5.562067763,5.714767847,5.11591966,3.096306259,3.246936533,1.592094154
7.731977546,7.766938585,7.142100900000001,7.815992785,7.799764518,6.856193556,7.254513182999999,6.736105585,9.011691067000001,5.576647828,8.193121372,6.385128389,4.537781898,2.485711391,3.361180413
7.3821510560000005,6.9486251779999995,6.580891877999999,7.16164015,6.849553858999999,7.0843766829999995,7.2279798589999995,7.309029257000001,6.998473261,7.365240947999999,6.044632339,6.891766839,2.730540501,2.395515505,1.426986145
7.71339876,6.41246819,6.2260227829999994,7.569002,6.887569041,6.870083659,5.511216632000001,7.115383938,8.582392633,4.662482422,7.550377632999999,5.928706076,3.383910609,2.0384244430000003,1.300608955
6.095156006,6.017550607,5.171210077,6.60433208,5.918437493,5.482209554,6.3942184179999995,6.590994182999999,4.794906814,6.3030276039999995,4.799688958,6.051235517,4.15089931,5.012036771,3.610971788
7.2723496889999995,7.117497707999999,7.381232681,6.595240252999999,7.484110001,6.750662791,5.838729301,6.060270743999999,7.108260546,5.90456213,6.4244884739999994,5.977060811,4.771028277,2.028282732,2.86074733
7.107991926,6.752473179,6.8217974429999995,6.998808402000001,6.940648405,6.83138136,6.009175593999999,6.3478963770000005,6.5296269979999995,6.139146431,6.047518848999999,6.2628699779999994,5.0379687980000005,2.296574368,2.033368066
4.809078615,4.684066143,4.772386322,4.355566039,4.6830315119999995,5.073626769,4.630207249,4.44482852,4.082956591,5.197647182,3.204647097,4.034628817,4.607276798,1.9514698869999998,0.47159213369999997
6.463640775,6.290881359,6.388918211,6.0582121970000005,6.590677326000001,7.061601872000001,5.6305244420000005,5.145222418,5.417021586000001,6.600383736,5.4578525760000005,6.474584155,4.836083689,2.659555046,1.6300077469999998
5.46032208,5.967594763999999,5.881560225,5.212360386,5.673521385,4.9623021089999995,4.889373451,4.932370093,5.765827679,4.54653679,5.476747303,5.057672928,3.091368635,0.5539655651,1.963133952
5.062689357,5.7885045360000005,5.9190126770000004,4.952621822,5.466034692999999,5.161113604,4.221276834,4.708213085,3.6122839360000003,5.761956854,4.422648261,4.950331079,4.64573201,1.7407183940000002,1.371217573
10.18889937,10.28990962,9.785999001,10.37542586,10.00035704,10.36264609,9.621234196,9.332130643,8.944324744,9.550249538,8.985720718,9.436754023999999,6.486083998,5.561425466,4.577444493
5.820344285,5.660652817000001,5.899405742999999,5.589235156,6.195814223999999,5.711589063,5.388977887,5.21287344,5.409651062000001,5.440284426,4.863419683,5.172688741,4.602739569,1.7947647,1.4952311059999999
5.580653557000001,5.2030809510000005,5.204672887,5.174154596,5.023253083,5.35768444,4.6994059980000005,5.0614297619999995,4.991757692,4.719759354,5.610224593,5.173626178999999,3.179335273,2.851750071,3.3360502010000004
8.262141116,7.795092733,7.4077957560000005,7.93845185,7.79203158,7.774577203,8.164113822000001,7.841928093,7.033088944,7.773333476,6.248352489,7.2174886460000005,5.2956248,3.11500185,1.365585971
9.0004325,9.157493048,8.29865272,8.381802515,8.49434436,8.515350564,8.358361156,7.561374762000001,8.946687019,7.656271268999999,8.168110196,7.790960671000001,6.004945297000001,2.669845886,1.7733102109999999
4.02021912,4.007649473,4.671796823,3.354441783,3.521240928,5.2136303989999995,4.346562221,3.6782083830000003,2.990172699,5.199837002,2.735534102,3.55805519,3.30492268,3.942913587,2.639557702
8.268205986,7.526026154,7.3818006039999995,8.344235496,7.598265903,7.477674622,8.071768797,7.741557574,7.869408159,6.841929508,8.035068172999999,6.840983632,4.237691423,4.4867846280000006,3.7026546760000003
5.60104505,5.7360716179999995,6.19822201,5.191137937,6.323361493999999,6.70439227,5.737944366,5.455356952000001,5.790898791,7.137965713,4.790642875,5.088804931,3.230101496,4.859503041,3.7848004360000003
8.75041095,9.414808205,8.741989764,9.444359405,8.965259971,7.848032722999999,9.510950762,8.381174791,7.821471951,8.673643146,8.059932222999999,9.392514424,5.210075096000001,3.174678161,3.920835432
8.298881676,8.434889797,8.253766863,7.628049998,8.23054659,6.794149999,7.2844145010000005,7.163118304,8.371631457000001,6.194641663,8.077431926000001,6.971600058,4.031641584,1.678422066,3.5911747110000003
7.920484867000001,7.949034344,7.512500143,6.469636247,8.619055568,7.683633778,7.366651012,6.823614717999999,8.122768823,7.727232259,5.655836224,5.067185754,4.851419196,5.092832959,3.739420525
7.387670377,6.930141602999999,7.116317625,7.546906995,7.053516902,6.676086356,7.151795895,7.413532995,7.515523161,5.816967485,6.735352484,6.555353897000001,4.538576015,2.665684269,3.3528932639999995
6.171477948,5.350955736,5.243375782,5.725696554,5.261503285,6.126497798,6.237222148,5.65563695,5.731301458,4.98755565,4.836387538,4.895568796,4.58651513,3.1715734689999997,1.410160018
3.8036113439999997,3.650368367,3.535069954,3.9636001289999996,3.5395962639999996,3.93080885,3.762460846,3.444997771,3.471568955,3.6963082110000003,3.3894520360000002,3.850253136,3.2976050189999997,1.8450954869999998,1.761289633
3.9507004269999997,3.9604862780000003,4.2645330910000006,2.915265179,3.7655494789999997,5.028460852,3.4822152969999998,2.729504851,3.45833567,4.5702876539999995,2.2621518380000003,3.270388974,3.044013923,1.476079973,0.050788495319999995
5.680663883999999,5.960638423,5.351646121,5.412197691,6.238160191,4.827349905,5.401179717000001,4.7783287780000006,5.20099675,4.954895124,5.2595987939999995,5.478049918,4.681674725,2.10219875,2.617053305
3.834761072,5.204116713,4.218519791,3.5539337239999997,4.1668782769999995,4.15119037,4.103173288,2.261384854,5.045908575,4.164445708,4.683900124,4.373179839,3.338154073,1.29599977,2.526265824
8.184081532999999,8.718379422,8.627703915,7.789237125,8.151477515,8.035547238,7.61504386,7.023565299999999,8.94230056,6.982427676,8.104155962,7.207608257,5.207382106,2.338888739,4.0397452110000005
7.121886653,7.054519871,7.1936498779999996,6.971656685,6.796936801,6.47974624,6.31504283,6.667666122000001,6.676105646,5.244059391,6.713748487999999,6.478687948999999,4.955884644,1.291460025,1.9511326
5.635103479,4.816367229,4.77244953,5.487525141,4.9987490999999995,4.928238038,5.215190956,5.013397041,6.090661032000001,2.9662783010000005,5.392479166,4.660549531,3.5912026960000003,1.354586116,2.023997292
6.189736026,5.480939094,5.811497575,5.919684504,5.231656308,6.199954557000001,5.815215619,5.880887469,5.58776941,5.719221167000001,5.469159553,4.883578621,4.249753753999999,3.089376325,1.763440146
7.310951342,6.473956713,6.286144846,7.890580341000001,6.61250797,6.436097972000001,7.92329854,7.890941702,5.358598488,6.652587252999999,6.53899483,7.093463343,4.772251765,3.9623027719999997,1.966470305
5.786563306000001,5.739677457999999,5.579880011,5.234859447,5.714499843,5.44674704,5.096913145,5.148824063,5.669499152999999,4.728971792,5.161556901,5.04067471,3.028963877,1.93633318,2.134386788
7.467342522,7.814029131,7.150735138,8.154155084,7.407813452,6.561344169,6.995376143,7.270258234,8.008790053,5.772815554,7.3881628479999994,7.363661598999999,5.782266549,2.781781395,4.020029663
3.815378403,3.3134252280000003,4.06536116,3.4948086110000003,3.8551604910000004,4.734985579,3.492261793,3.891414595,3.37640909,4.661189633999999,2.5847943019999997,3.1614380960000004,3.101901363,3.784441052,1.737926764
8.619814418999999,8.363182125,8.213300655,8.079541089,7.638170418,8.728797663,8.082829052000001,7.832547804,7.830798692,6.716389518,7.59682909,6.559655292,5.379403169,3.6029054560000002,2.50265271
7.8112384089999995,6.7929117770000005,6.436410317000001,7.113782262000001,6.695907407000001,7.247641563999999,6.615746647999999,6.160448763,7.397888997999999,6.025510045,6.622159741,6.555346792999999,4.6703723969999995,2.564423219,1.99329115
6.531964546,6.4979776320000004,6.157859922,6.255377488,5.492695171,5.875577074,7.272410764,5.1708251689999996,5.008401015,5.620086255,6.132757675,5.647098154,4.264406898,2.953361798,3.0445758689999995
6.940491271,7.417506398,7.436010218,6.1983400379999996,7.095554961,6.947368742,5.947030767999999,5.781121515,6.002583831,5.896820393,7.0183632529999995,5.695899849,5.819806452000001,3.455808264,4.144062846000001
8.05133685,7.521061419,7.785564653,7.887080055,7.3753633789999995,7.872042071,7.680746146000001,7.598963016,7.592506765,7.551512514,6.700039182,6.8879243070000005,5.098301003,3.873026648,2.546890521
9.403813633,7.659984402,8.072806708,8.857254894,8.419235359,8.687342625,8.748069521,9.916827427000001,8.313460265,8.088656163,7.690211304,6.8933329610000005,4.729811847,5.419171952,2.966379489
7.168602709,6.754200045,6.108715169,7.171340882000001,6.027052202,6.622190456,7.670821915,6.550873942000001,5.881938457,6.939564592000001,6.0468593020000005,6.77082288,4.5217772819999995,2.248588411,0.7270574612
8.859971405,8.375469617,8.275361992999999,8.360655044,8.208827654,8.651951216,8.924294328,9.422537878,7.548658027,8.472586892999999,7.316380864,7.241449695,5.794178398,4.2220540589999995,1.92692034
7.487317237999999,6.471464356,6.758795202999999,6.470698614,6.571211592,8.408092929,6.040490683,6.80568706,5.776298412,7.555330561,4.763927622,5.765591703999999,4.373876755,4.9268119530000005,1.986591275
6.729769742,6.848515607,6.3070970729999996,6.56051743,6.415582647999999,6.138957324,5.404165974,5.784301984,6.578604126,5.69490083,6.591742057,6.865671142,3.163890358,2.385015719,3.0561634910000004
5.599627131,5.843836648,4.9390722039999995,4.99074257,5.023180352,5.643482351,5.066863683999999,4.9492218260000005,4.6754020160000005,5.169575697,4.204995141,4.812205195,4.553544544,4.283451522,3.101833671
7.139678898,6.6283936070000005,6.911647037000001,6.220015207,6.208659797999999,6.9315831160000005,6.504863759,6.236615867,6.57167837,6.347522099,6.840359853,6.024537777000001,3.5659642380000003,2.756489254,2.6880632710000003
6.79809841,7.638148296000001,7.082336141,6.30542435,7.001353527000001,7.071340558999999,6.151480433,5.897769127,5.420611318,6.67078061,6.440196553,6.49962029,6.1174515860000005,4.244084947,5.033710824
7.240724853,8.410598669,8.293761885,6.144364974,7.258548929,6.619149619,5.399411989,5.018969753,7.818361557,4.8602049869999995,8.602725332999999,7.522258085,4.7753874839999995,0.6342383024,5.596315066
8.748675748,9.225102257,9.099968683,8.25948536,8.911890303,8.381983215,7.728139531,7.218270394,8.97396573,6.993448687999999,8.604948321,7.957601186000001,6.4499885610000005,3.085149215,4.718817961
7.010863985,6.541350871000001,6.964546738999999,5.7480703989999995,6.403782135,7.485561098,6.445463938,6.406565811,5.46841072,7.373615451,4.997136684,5.603414695,3.702995389,5.074188005,3.7791684130000003
5.855341356,6.559758185,6.14789396,6.122319691,5.72129712,5.334641822,6.041743339,4.469770048,5.224578594,4.9276718289999994,5.532048871000001,6.55534434,8.032249669,0.1225548294,2.09078683
7.677644900000001,7.624459386,7.126692566,7.35675578,6.857154477999999,7.900488945,6.705963515,7.605198968,7.408099213,6.993555132000001,6.122909595,6.665876565,4.833609688999999,3.1032888119999997,2.004234085
7.3000374279999996,6.346760315,6.892808129,7.154857142000001,7.098193392000001,7.045531437999999,6.7307432920000005,7.06203109,6.7865594520000005,6.306309201,6.295195143,6.23991721,4.384778995,3.0240999160000004,1.8968933380000002
6.1842571060000004,7.121823643,6.393546895,5.053888543999999,6.4856607020000006,6.828595357,5.736954335,5.420217292999999,5.610604384,6.821322759,4.823690957,4.537110759,5.262784768,4.565783827,2.52832829
7.287040902,7.011885411000001,6.871501756000001,7.577003692999999,7.196709879,6.16781258,6.690244273999999,6.777120945,7.277452014,5.325850849,7.725609628,6.459901603,5.8131792760000005,2.611220699,3.23966777
6.170355442000001,6.26445136,6.125240271,5.755408553,6.14175277,5.550713602,5.795442209,5.6131909339999995,6.18299975,5.240644298,5.743162133999999,5.199220901,3.3986860310000004,1.56896147,1.842864094
6.803416791,6.167626966,6.206924448,6.412388012999999,6.535602125,6.32217965,6.841400015,7.5387324929999995,5.702341542,7.099136497000001,4.727949199999999,5.579086201,3.5621291619999997,3.611426978,1.544346559
5.231856535,3.2226123610000004,3.71200313,5.616643755,4.151267542,4.787118598,3.911329977,4.530140681000001,4.317740439,3.5458427460000004,4.640777803,4.77192049,1.3969838819999998,3.288550145,1.573749874
6.147904186,5.521806402999999,6.044482704,6.333050302,6.327413859,5.761390617000001,5.92050208,6.1921557720000004,4.822373667,5.34041461,5.136029143,5.283353712,3.8343369610000004,0.9478796328,-0.2946930131
6.3053970370000005,6.323689623,5.855201752,6.880906895,6.018033097000001,5.562824681,6.21580989,5.451372313999999,5.651061747999999,5.3174518289999995,5.6560811289999995,6.563049932,4.855141875,2.432121557,2.2049884730000002
6.425091582,6.292303957000001,6.521313202000001,5.955088097999999,6.463177802000001,6.76846926,6.021030977000001,5.931417057000001,5.791777767999999,6.7673532089999995,5.156126992,6.055249045,4.6627921269999995,2.542688048,0.7507135845
5.750662201,5.4376850139999995,5.2632863930000005,5.6892399629999995,5.421934062,5.189161454,4.596821895,5.176705845,5.631777767000001,4.529260625,4.832277122,4.766887805,3.5126298730000003,1.5263513519999998,1.4098501369999998
7.191448011,7.81637424,7.351636581,7.188477686000001,7.312912735,7.66477731,7.771581224,7.258599952000001,6.337520894,7.989503319,5.821317621,6.744920231,5.711542207999999,4.113647326000001,2.162502746
5.671444106,4.416429399,4.757841159,6.232584956,4.721463389,4.187179572,5.5294363639999995,6.056528874,3.542831014,3.9146698030000002,4.539383521,4.905609599,4.361924666,1.817940534,1.060395156
6.7996028189999995,7.5478163,6.648129272,7.221542722000001,6.647232345,6.2575565079999995,7.005849052,6.172671935,5.974871831000001,6.344921424,6.043346712999999,6.510327514,5.485816756,1.809608326,1.806448048
4.184778058,3.98896682,3.5574281269999997,3.940843275,3.7205629489999996,4.19158466,3.762382575,3.857753629,3.53229022,3.847863957,3.124696265,4.3547657939999995,3.288833757,2.7741793230000003,1.7350737509999998
5.073766582,4.330642651000001,4.542479704,4.758109714,4.462352214,5.700995019,4.405471016,4.936080626,3.90830605,6.017839236,3.467687549,4.430138037,2.8101420630000002,4.139221108,2.480827114
6.545550548,7.02894718,7.05703356,5.808615047999999,6.589722688999999,7.050391224,5.624418787000001,4.936435495,6.017832976,6.5664332739999995,6.0574485629999995,5.72747054,4.168971316,1.227473157,1.86172422
9.599333656,8.470525541,8.564006256,9.00975386,8.430996641,9.762563813,8.952486251,8.94186409,7.786978924,8.121811441,8.074898667000001,7.720877451000001,5.860877487000001,5.889371933,3.99176495
5.69282678,5.6551218279999995,5.260281205,5.541187946,5.27815075,4.913868107,5.251347505,5.397592032,4.918951916,4.570321152,5.165600617,5.25694857,3.348946765,1.334980475,1.4634890619999998
4.3679457180000005,3.4409506189999997,4.185142603,4.521482869,3.887298059,4.53693814,4.512147186,4.940727437,2.011712396,5.409860976,2.934777617,4.847290995,2.6784175080000003,4.3000634280000005,3.3288033739999996
5.627547713999999,5.760886373,4.782787865,5.3393283810000005,4.75667894,5.337255732,4.731794832,5.213945754,5.455809024,4.088936095,5.3345315410000005,4.106133751000001,3.6556613110000002,2.725427766,1.723381848
5.597872467999999,6.649579498,6.136732224,4.874519814,5.701403161,6.91506242,6.1721437660000005,5.29303395,5.412175011,6.854920087999999,4.392696104,5.251273178,3.49753194,3.3292536439999996,1.4539808680000001
6.733943487,6.423993385,6.533771763,6.967843205,6.537739977,6.544331516000001,5.657610402,5.507223965,6.604741044,5.304538628,6.810117919,6.532656877999999,5.554916627000001,1.381390926,2.011577149
6.256385181000001,6.583316212000001,6.339014112,6.206639447000001,6.1073685289999995,6.31438788,6.197075507999999,6.412914966000001,5.008149394,6.47232001,4.84078095,5.903983889,5.220627638,2.808498363,1.557209637
4.825579787,4.661942145,4.51308877,4.919668216,4.921066245,3.75598466,4.727598955,5.84860508,4.373286588,4.4999378210000005,3.443402854,3.724276067,2.88410757,1.502514612,0.5743224971
7.079131377,6.461682095,6.953531966,6.188148129,6.924012286,7.362974085,6.6075456589999995,6.939272432,6.946267115,7.018052269,5.367854331,5.249879235,5.8054111829999995,4.161777484,2.018383578
