0.002657162337963381,0.001436376352069422,0.002538034037280891,0.003165274877852685,-0.0008968493272032261,0.0020026194737498143,0.0008435408099781943,0.0005224720862773572,0.0021434129695686657,0.0007377208500433853
0.004458920125755411,0.003717839522914011,0.003063956110050267,0.009427456453118382,-0.003217980692444057,0.0022365468372486444,0.0014716240754168372,-0.0009381850578457069,-0.0024112802458549024,-9.158440601997591e-05
-0.0029757895190990324,-0.010394551021961662,-0.004438206361973232,-0.005785435806156005,-0.013274654584325331,0.0031807421755073017,-0.0020221844051516343,-0.005199293033839912,-0.0010030089138248002,-0.002159277945651775
0.001460637067692932,-0.000330867655560077,0.0009523770110427114,0.006255342618003274,-0.002748863023091528,0.004156991908382904,0.0006037151746640742,-0.0013798527546752535,-0.0003927864340409237,0.002280360739207142
0.0012083315951086013,0.00399954179438548,0.003213268452711905,0.00482413734090761,0.002528738160987254,0.006314162204494461,0.003968726209042118,0.0004304820816747749,-0.0009385505702693851,-0.0021530934955531498
0.0006856671239313487,0.0014695110632787366,-0.0006663747386646234,-0.0018090773266874961,-0.0014484184692424645,-0.0008854902061565893,-0.00030771411548594617,-7.065516915808444e-06,0.0028169436424033694,0.002017418309937325
0.0037020801861201774,0.0013321925679324435,-0.0014342772570029305,-0.0005673645176157597,0.002771997457131517,0.0017425930786583964,0.0006870908922815938,0.0009412280342358024,0.0008153505399092391,0.0006127576728638442
0.009535388103158078,0.00019727989959727682,-0.0003799402641020185,0.0019207680946985329,0.008855793611528745,-0.002136769431901041,-0.001156836957600717,-0.0037300648646579494,0.0010242995459945829,0.004342075300757239
0.00688309499290396,0.0006842356749214504,0.002787078917361111,-0.0013338744821947605,-0.0006350469085100488,0.00338333554668099,-0.0033161313750364905,-0.0015855842992771195,1.0704084297742666e-05,0.003023317209701156
-0.006391354563050684,-0.00018705943234884759,-0.009693043749372542,-0.0029462309644049554,-0.01001914512394962,-0.00407301529575947,0.007583118361500891,-0.0011836488321103327,0.004352800227693961,5.0641435694208724e-05
-0.0009491442294026726,0.0008449552617028379,0.00031436394649246406,0.0024537330662878012,0.00045081465519711614,0.0015351593158756116,-0.0011077239676446377,6.839256853842512e-05,-0.0011609578949212573,-0.002404550020852194
0.0038531493425344905,0.001367344168130757,-0.002507257973464452,0.0027247897705215025,-0.0005306006779526255,0.0016722813873230793,0.0015265443811672491,-0.0015104438296571802,0.0012902084172617245,-0.002328428629706676
0.0011073713526416028,0.002528417707737332,-0.004758679908677989,-0.0025108401695601856,0.0032712859096435034,-0.00142345151354039,0.002360450445115778,0.0020155011779199802,-0.005719704322836643,0.003413143599667253
0.004003434011328043,0.0002735444694276397,0.0025784861550612465,0.002638986679580737,0.0035297142221948725,0.0006676044321745848,-0.0023710800223585558,0.001865926272003925,-9.375901399186638e-05,-0.0005140100919050965
0.0006903032663091481,0.0006900112038164229,-0.004928609110076374,-0.0002405936810550499,0.0011331865760269893,-0.0045727688758779314,0.0004239660824535018,-0.0011776443782311858,0.0013436599491718848,0.00047687747185486953
0.005932131990147419,-0.00029593020637859463,-0.0034973874292916953,0.00657904287040831,0.0002216108245908163,-0.002102677586140004,0.0005231666243922273,-0.0024597580310401967,0.002484146348334121,0.0017259417426816787
-0.002790386513504711,-0.0008390610996025853,-0.0004126351440057533,0.002770584191995452,-0.0009604332586346867,0.0012134588666101315,-0.001439057009643984,-0.0007631149031615322,-0.0038847480209271523,-0.0030623203024547074
-0.0002884802380568527,0.0009128110737569168,0.0010249301435908877,0.0028116871805868014,0.0017175835750391948,-0.0013393815004387937,-0.0012206545101388988,-0.004536990617342466,3.42120098824443e-05,0.0014509502355286568
0.0020268669377588662,-0.0009496908667905313,-0.0026509161660522185,0.0016981806828175248,0.00548439913867564,-0.003711249987374746,0.0017990938969754328,-0.0007394706046023549,-0.0007820302753165278,-0.0004832138575938888
0.0015192575429255446,0.0005521380926963858,-7.809063592204707e-05,-0.004099736174380432,0.00014549855988750524,-0.002731947032084453,0.0009537020341530664,0.000316240264025039,0.002729195261051532,-0.0013169038274640265
0.0016118194306619165,-0.0016267325851834946,0.0009967556629069546,0.004660983023215292,0.0031183876534503323,0.00013350122903165243,-0.0013609598646649491,0.0003667470980917748,0.001221920277621826,0.00022248153579436806
0.003288574763467273,-0.002299222556722623,0.0016293472194007794,0.0037310471927723358,-0.00047576978477803516,0.0039379391234054175,-0.0016212235098685655,-0.0022192521711830717,-6.655331247422576e-05,-9.976083112355577e-05
0.003744843097145793,0.0015020872400873313,0.0007704500205280568,0.006240072642396421,0.00015291379792466492,-0.00329427118317528,0.0023148176113350944,0.0029201530998905906,0.0007303347587046973,-0.005988171682231855
0.0001291588301304547,-0.005823411066038457,0.0025245038344888504,0.003770256363654869,0.004233868893212544,0.0034877573243404965,-0.0018515650636312176,-0.0014672717565283253,-0.002556866831716827,0.002003802406412157
0.001679973707016006,-0.001088250146920853,-0.00041497996681703984,0.004876476656314355,0.00405352389829792,0.001723660501251374,-0.0017177953901938788,-0.003143824130297795,-0.0036217946143409156,-0.002463780390814334
-0.0018777446419099425,-0.001078954820252647,4.520639846034708e-05,0.0004924348673381083,0.0020755833503510075,-0.002132532779116568,-0.0009250272031911196,0.0010547011819122775,-0.0007327727412173702,-0.0005021927771880596
0.0020648174620292465,0.00015883099810393804,0.0038630258654758147,-0.004211269919633343,-0.000963161270490724,0.005658925897579067,0.0014809058481786476,-0.002798264369643373,0.0005261012715956769,0.0006648073383956747
0.0005377937919019068,-0.000319610738209318,-0.002693298498457366,-0.00042855739200104055,0.00024847003147455537,-0.0021987500983069873,0.0005127084059277314,-0.00012624764720450214,-0.0018660187333013444,-0.0013477415334734073
0.0015970245304564347,0.0002035235826430733,-0.001301174320925861,-0.0025689439862077697,0.0027077356989992428,-0.0015736589123198,-0.002835656400768255,0.0016917635460385564,0.0005370039352853308,0.00032743906061215083
-0.0031260257789372074,8.149606624887999e-05,-0.0028321932570413238,-3.568905241314781e-05,0.003890550399997915,-0.004136978451559564,0.00024355527826166142,0.0010874518462382033,-0.0021160527223226984,0.0013079483430978721
0.0029218193002766863,0.0027388181128517475,0.000322493587158159,0.002107274428936389,-0.0007030845346504711,-0.0031350437386912303,0.0011255491924854234,-0.004366455539972303,-0.0014289276684201634,0.00033762857659677724
0.0037603828553139647,-0.0005128153820133927,-0.006265215111861611,0.0013975694221142411,0.003351794752555287,-0.00427485048119176,-0.00188302829919858,0.002357083602847809,-0.00015980321327147343,0.00011579561671667004
0.004372070777314885,0.003545738976146399,0.0025957062669195448,0.0012784141714810241,-0.0013436573168005286,0.002965843744863033,0.002239867001591178,0.0015901310281736828,0.0022759369154516512,-0.001743467714005475
0.00011931058269128852,-0.0028408212094854298,0.0020196996454196828,-0.0031397213534761987,-0.006369926800079445,-0.0036004218581922104,-0.0016078834737899455,-0.0037325739635691905,0.0017330919776861204,-0.0009241833946430938
0.0017134785507675367,0.006420631077501109,-0.007133185057809823,-0.0007489044006722301,0.00019081594709217595,-0.0059413906721159215,0.0017547138080930265,-0.0008606470040954835,0.0017052451228107088,0.00021670423769443344
0.004984772881630118,-0.0038210282175806603,-0.005603975604390139,0.0011958262281235267,-0.0019422774765920961,-0.004376087150815772,0.007117525775531334,0.005202196617814913,0.0043586235443736025,-0.00937403567900912
0.004912710756192679,0.00259256693815247,0.0009671392569165703,0.004261334819142275,0.00013578123102229826,0.0001911299416353851,-0.0008969058242307182,-9.491793527121976e-05,0.003351422171253823,0.0013388415329594946
-0.00299656840533093,0.0015033331247310561,-0.0017848371257337793,-0.0015814806892087818,-0.003234917072142037,0.003324533566211884,-0.0011212485598406526,-0.0011514674403629605,-0.0016775859736571687,-0.0024410180384624204
0.001795016796821907,-0.0005584942882750684,-0.0006713752177722272,0.010172603621016884,-0.004756462617794508,0.006394506378836293,0.0012837007841721116,0.001998793856642727,-0.002800791153518357,0.0020376732795860915
0.006228836912245652,-0.0005188314336632589,-0.00384119472529994,0.004503960261540967,0.000445265579034888,-0.0041666363265200415,0.0025595858816428105,0.0006039207054444652,0.0014886035946822189,-0.002601910951738609
0.0015839562006611102,-0.0004950282368252207,-0.0007120618381507571,0.006017207567607238,0.0006895953253901918,-0.0017527490130033493,0.0015001398805358046,0.00019856138812941049,-0.0024687199765582703,-0.0018114114487941823
0.00034670021951942187,-0.00011807493215976184,0.0005924256999137465,0.004305418331936508,0.007088608380830145,-0.0015156101509800728,0.0007384680528486932,-0.0026840477582012363,-0.0005799586947695876,0.00015036843212776118
0.007569015631580652,-7.700011731159254e-05,0.0063000807278124175,0.007001827311341246,0.001994960107875702,0.003219483407536573,0.002822249354853252,0.0012110515750863807,-0.0008541870522373945,0.00030891446472186557
0.003895627895406255,0.00030964355603813054,-0.001222644084380723,-0.002062337961616891,0.0031852832041061392,-0.002368284677034538,0.0005928690974241649,0.0023290690154628892,0.0007998542983890626,0.0005954176943900158
0.0027367416207439398,-0.00404610638724528,-0.0013673125959772613,0.00014582474784572157,-0.0006580601914032893,0.0013018414518612884,0.003204094110760837,0.0016392586563547182,-0.0012847501716360744,-0.0009085652089798458
0.0006109466892320493,0.0007499469703994147,-0.004725143964010267,0.002645811115497998,-0.0013031244926117848,-0.001676794319159007,0.0019465785898579273,0.0003095438863863019,0.0022838135186179663,-0.0007828081896617718
0.0037854684306035907,0.003633351500161839,0.0008796084617523946,0.002685105003543806,-0.0017840076047518324,0.0005315944825332318,0.0022884644795986018,-0.004917191443731957,0.0018370717054805848,-0.0005423916332200291
0.010098502742069993,0.002300510963125943,0.0040817521922461575,0.006746674511544185,0.0020885997571055345,0.0039645186146931655,0.0003240509545897452,-0.0029496999365052033,0.0035665639221233118,0.001090296807846335
0.00396711750222542,0.004500542741889255,0.0017152425865579,0.004870579181836501,0.0013838484853730545,-0.001962196225697453,0.000996023172260793,-0.00761856571176432,0.0021052473959844425,0.00171185262285685
-0.007494793223622434,-0.004512632540568299,-0.0005924056473474008,0.009544080511097236,-0.0006883288451022747,0.032943442500639575,0.004356357116143367,-0.006059623708586627,-0.00020126027354207783,0.0007686015206473979
0.0007116053002725574,0.0008227097706369965,-0.003602354778035967,0.00027397607871705067,-0.0014908819298154255,-0.0017282694453735082,-0.001657917204126922,-0.002311710644052809,0.0017602795806470372,-0.0003325871715334269
-0.002230285456905335,-0.001602083071930216,-3.2868205078817776e-05,0.008391462372386181,3.865461323322543e-05,-0.003400083451687618,-0.0019570451135616056,-0.003951318925534899,-0.001981578880767968,-0.0017199082243962108
0.0022912948699646343,6.51270535254149e-05,-0.0028899238190801288,-0.0022442868614268472,-0.0015851683616573474,-0.0014098351803109102,0.00017151653057230316,0.0012833777453736652,-0.000761474092753755,-6.132910319121051e-05
0.005874872190127068,0.0035573069262673893,-0.0011889222657638571,0.004857218436634296,0.002894123408916994,0.0011627146492158222,0.006994981258017082,0.0009437236872526764,0.003903920834247777,-0.0008450843026008508
-0.0013436790955680786,-0.0012037846357524226,-0.00042785413535863763,0.003015471221165262,0.0034395950932958608,-0.0025293541851900136,0.0009172050303865533,0.0033025444218638448,0.002013411717872204,0.00019190575297066344
0.0021751208701895463,-0.0008495138969541165,0.0007564176762334112,-0.0006885426091233719,0.010329442933392524,0.0011184221671890202,0.001635636604490548,-0.0019152301796036642,-0.0007211281076352294,-0.0024431307139469605
0.0019100604685837602,-0.0011985382684611306,-0.003225611420284481,-0.0028300510875682765,0.00016267286171792574,7.597304923434231e-05,-0.003132444724926231,-0.0008370376910181183,-0.0007846416651246933,-0.00011642366236830913
0.004852370995114388,0.005591826783111585,-0.00250326853260293,0.0038724287487029506,0.004502016934419511,0.002625507953058193,0.001186694845458379,-0.0004379149381603083,0.002100136980558725,0.0008040509224929532
-0.004641592396819459,0.002448275590827761,-0.0070405357372632735,0.0005847908621018209,-0.008654224605414367,-0.004275290231830885,0.0028176925449242486,0.00024541168555270316,0.004212936754494013,-0.0008387308218148142
0.0027381156937981953,0.001953142958444242,-0.0053676113848282045,0.0013940809320965178,0.0032728774848309336,-0.0001509834105871775,0.0005070504982611432,-9.311029316383045e-05,-0.00204084078625207,-0.00047301927701848967
0.0040595427223418966,-0.000805962700708162,0.002013685999394878,0.0003097149089058022,0.008342852676225199,-0.0010643106193877813,-0.003487241422415605,-0.0025727558705576394,-0.001083205212744142,0.002611852404624077
0.008245673802880955,0.004167576908669264,0.003338236247625941,-0.007016326853632432,0.007032718587255758,-0.0008695364401282782,-0.006549249556342395,0.0025958572516307627,-0.0015701482107372232,-0.001568311588746942
0.002797299064739595,-5.437651345774862e-05,-0.0018853552771721472,0.0033979766629237225,-0.0004582408891049255,0.0005494859924151773,0.00034723111905010456,-0.00018107042975631232,-0.002192336212568511,-0.0005917726242069261
-0.004011841958021471,-0.007481291626815369,-0.004737730313711786,-0.001531101476034174,-0.005980090193264114,-0.0012830305357872393,0.00019006422418686893,-0.0029505696815445553,-0.010982072211753312,-0.0010237828429765683
0.0001808063011961188,0.0018917787623702574,-0.0015259132289174955,-0.0002659371316606502,0.0002615743035488602,0.0008317551924951588,0.0017361257024882705,0.00295005445360888,0.0009678914146411568,0.0011396183052744349
0.002659234076149368,0.0012723545528689432,-0.0018427828895545301,-0.002250264182239966,0.0026033255324856824,0.002243463098930237,-0.008363394661450687,0.004342843590808183,0.0019222359547874195,0.0023728492939419565
0.0014791838325633744,-0.0002833047296521077,-0.0010615292893575929,0.010235457330238815,0.006878048661067318,-0.003222226930905181,0.00023659428604159028,-0.0015929845166030325,-0.0015808903883819422,0.0022726702947657718
0.0008369828899432406,8.304700372839362e-05,0.001526019513325894,0.001540781479235585,0.0023515716152501843,-0.00024775579857482313,-0.0009814758578273364,-0.0013493002172226302,-0.00010586513497341972,-1.2836893912472295e-05
0.007479100175404737,0.004995771689011372,0.0010069872623335733,0.005324266426010681,0.009325051261145195,0.0020916634072446066,0.0021385450284867394,0.002332508147785181,0.005796394444973345,0.002884887538896609
0.0040204869231547395,0.0002068790956969609,-0.0009096511861709564,0.0048061102169858075,0.002667588288285441,-0.003297427078205095,-8.905402804827885e-05,0.0005486513609850798,-0.00023990360785851206,0.00014492195558409222
0.007039604242034527,-0.006128827151193269,0.0060645289806750295,0.011552123885249187,0.0019229326631591765,0.005215443954546678,0.0027867633474550693,-0.0025526222666619304,0.00265629724583788,-0.0017833695228778351
0.0024096449561000176,-0.0008541488212815175,-0.004017764401463475,-0.003140080867037761,0.0009316344421519373,-0.007256495169636473,-0.0006326166994566193,-0.0018787694278778774,0.0008652093476318376,-0.0028901542858874732
0.001791723087681305,0.002438524182789219,-0.0012519615066192767,0.0014375976449928494,-0.004612731839247115,0.0006081434764895859,-0.0014473399749691306,-0.0008177983589778817,0.00010307868482057475,-0.000196757489004716
0.0007208112941893084,0.002748025987086143,-0.0005545067796158872,-0.001546772529361657,0.001959428842024105,4.940210228108252e-05,-0.0023897604891508955,0.000791922303525568,-0.0008701764485165964,4.899658001238788e-05
-0.0017843509431901446,0.0005762672208520503,-0.004590639024906064,-7.200962834718119e-05,0.0005402326986794527,-0.002876822344193743,0.00019369644997878704,0.0008546045771087919,-0.0028821526192755447,-0.0009974081590730305
-0.013000764959742868,0.002580540006863545,-0.005785755130615058,0.0010555800187175073,-0.009278265708847105,0.003397968323024269,-0.0110762746666746,0.009099293205364132,-0.002607096321711735,0.014622595301353894
-0.0005798166832517367,-0.0008281469812814538,-0.003643823229977133,-0.007860161556958782,0.002138191068225948,-0.0006265551379616117,5.730532502088922e-05,0.00042411622969413724,-0.0026739004100062684,-0.0016138958378769034
0.0017490931417554288,-0.0012222744489131868,0.0003643846924398734,0.006832407076812472,0.0001592801095582977,-0.0011564079083969494,-0.00017262607836276392,0.0013218445157793276,-0.0036370832985453696,-0.0017028638838991249
0.0018522621107353106,0.003821663206834235,-0.0005880967436700905,5.9533635194647376e-05,-0.000384005427415934,0.000554362234978247,0.002349457728420561,0.000119612929269122,0.0004003906782312708,0.003477742411782535
0.0011612887003288196,0.0006952927449876068,0.0017556298113149266,0.0008743680892110747,-0.0025952063614333096,0.0015177077465628394,0.00031684090149309424,0.0003543035157432088,-0.001884894206870923,-0.006253065448316943
0.002166656498086738,0.0025422491414883557,-0.003206796871902263,0.004193243707417031,-0.003170282689553773,0.002830261522426445,0.0014419058472653953,-0.0006695168266110298,-0.00045812958109923936,-0.004982763228842393
0.004465036015353398,-0.0018491068422514835,-0.0002321387592773092,0.0049625782624257535,-0.0053079554171578105,-0.008524441790901487,0.00019592233195536365,0.0014515694826746175,-0.00015692941409409982,-0.0021191331404318945
0.009580147467546402,0.004898580007733968,0.0018243373697195992,0.0019451659545520203,-0.0013494093641338006,0.00031629746443834287,0.0016914605031322805,0.003863832196209429,0.001830754866077561,-0.0007854071196249757
0.0027659868219092505,0.003452798359980969,0.0041543754165638816,-0.0015764715063973775,0.0006818836505619935,0.0018682474808304405,-0.0028429598338372396,-0.0011320492147827855,-0.0031036992677942604,0.0012938944286425484
-0.0011133673288108575,-0.00017980275925475256,-0.006514013894752275,-0.0011549467142360677,-0.003800823652989239,-0.0054531822369062325,0.0035816653528576406,-0.0005556859549434578,-0.0008091379693393473,-0.002229181860701555
-0.00023389064115240943,-0.0016380888408385546,-0.002317391842047625,-0.004429524727532572,-0.003325746950777857,-0.014859269202676188,0.002919009338211818,0.004060143795968781,-0.0006489797390384954,-0.0030187006472851647
0.0010198708134824903,0.00703030137708904,0.0015505554666528113,0.005008957177905025,-0.0014898497184906714,-0.0013767217160728894,-0.0006389095390567441,-0.002202945814303891,-0.0017546098717244464,-0.002698283694509417
-0.0019813188029552398,-0.0022886380127214788,0.0004501542859436033,0.004592872399355176,0.005716054225233086,-0.0024653250285053985,-0.003680110464421279,-0.0014763121744913793,0.0017708188012602129,-0.0004582420998673424
-0.0005402422109640204,0.002703316820218297,-0.0021984428666563987,0.002944353045077173,0.004542343230600453,-0.001060921147520648,0.001926936023761895,0.001536554811560389,0.0006702924286538937,0.0007399899634346638
-0.010518321669224402,-0.006685342239696808,-0.011872511767208108,-0.007292523825742445,-0.005832293128990254,-0.005823628644566158,-0.004368112734870037,-0.005282507466529528,-0.009281668890015771,0.0017057237036050875
-0.0020099553921249826,0.0012942131964998054,-0.009085987341333668,-0.0026618796639626572,-0.0062631211066822715,-0.004951758369357039,0.00048077706871846836,-0.0005569828125348215,0.0022020200589322626,-0.00023446171182561241
0.004919329997730246,0.003761781802466953,0.003349942247432965,0.004283002760135629,0.004215158156673575,0.0030098750256904016,0.004404263548273843,0.0005099813103800302,-0.002934275091568261,-0.0013042477619943855
0.007100766886147483,0.00454049390974548,0.0023545086173827018,-0.0005817983942288948,0.00366214150780916,0.004338859880479325,0.003326782103813722,0.0021474824177088038,0.0011975722785419578,-0.0009184363859069764
0.004830603421046536,0.000260134599005913,0.004901344588328932,0.008310697891321219,-0.0041540788324922265,0.0014730634556092699,-0.0013442678787581302,-0.0007077837991518643,0.001874889222155731,-0.001691919275647341
0.002866877543251264,0.0021943640290433834,0.002691071828274025,0.005424355047637395,0.002877321189790345,0.0009553352832475016,0.0016984724883131845,-0.0021022496917047426,0.0001244601783401385,0.0002841087951998128
0.001568882482510338,0.0014974784664403618,-0.0007718841862722082,0.00040607972068297873,0.003256569609290814,0.0006441944246392518,0.0017709684554940727,0.0003585165373914973,-0.00030371362689568846,0.0012188903256320038
-0.0017394693314706745,-0.00477520634153427,-0.00019049884393138904,-0.0015996258180754706,0.011805487662234354,0.011890477003469091,-0.002905032973693952,-0.004412142461418847,0.0009025924386982304,0.003991166785197864
-0.00852749192297935,-0.0021286561115320822,-0.003488543596125221,-0.00158582053334003,-0.006151080520473824,-0.0023665340992408386,0.0015414587383814125,-0.0012749694651426641,-0.0036015084820313764,0.00017910351097639044
-0.002708825937282611,-0.004391457751835172,0.0006066743204965024,-0.0018498215452524465,0.004302025762966315,0.00032982139382651057,-0.007314130518843201,-0.0024586416007836946,-0.001824217818785833,0.002736083164116942
0.003604726307855328,0.0009404987394156412,-0.0034891373184664123,-0.0039093126028357204,0.00544477855115909,-0.0010531524703592428,0.004242670943633965,0.002351121185609564,-0.004461790529148319,0.0013870418807432382
0.004531674085236359,0.0043616166843895715,-0.0007680223295333938,-0.001411434037859944,0.00014240678478129318,0.0025801625159994268,-2.156599277446103e-05,0.0034172950969733893,-0.00244758053067698,0.0006034378840679179
0.003230990128467337,0.0015058413922834982,0.0028272441251745717,-8.594482074381418e-05,-0.001769353124165085,0.004270248202423551,0.0008450112049971149,0.0012380206530100515,-0.00457071153710434,-0.003330412087227143
-0.0024001677832964467,0.0012110077918941337,-0.001798775803539882,-0.0018077601966914878,-0.0020502353430874084,-0.0019273991793814808,0.00046223888027771727,-0.0006491332324438432,-0.0017004305895346713,0.0005739116874132497
0.0034578080606934088,0.004663011967416329,0.0013338757752053678,-0.005893837037242026,-0.0017690501846207164,-0.0053194995096914974,0.00869029376772412,-0.002941727467743961,0.009894825225654307,-0.0011603043086506244
0.0015583097168140395,0.004117928589586064,0.0033084860036058233,0.001957212969842355,0.0022902389136727373,0.002096975390834409,0.002869560061513634,0.001573079639521434,0.0003909433472643608,0.0004648524274264684
0.003997154316142518,-0.0016796912807443135,-0.001978358074959566,0.005940766251547139,-0.0025184673635538033,-0.0030995942528654788,0.003386623152467235,-0.003670001687549432,0.0014699265974520846,0.0009101175260091763
0.002281796975496728,0.0013266421995405467,-0.00044762619126067024,0.002466002896737523,0.0006766739011449738,0.00060313815991727,0.000870636737394021,-0.00363268792736459,0.00030208745968147207,-0.0006180828616025126
-0.0006700599105274907,8.057421694408762e-05,-0.002813228396299739,0.0008976496848019967,-0.0007844199582923914,-0.0009104247064545217,0.000997348822776434,0.0003475888377735417,-0.00022495204289986514,-0.0011033828643262165
0.003942874253412717,0.0010457051060757533,-0.0033380291317954467,-0.0009106439374905514,-0.0007660553593381128,0.0002848101646543638,0.002228052208015426,0.0003918566386804449,-0.00031109713318743307,-0.0005656358419357879
0.0032502443528184127,0.0008612763983298287,0.0016456471400079257,0.003250329410477867,0.0025541451850198266,0.0008052356424409593,0.0025559108325793442,-0.002090307198226689,0.0025096139806223524,-0.0003188383893105362
-0.0010095601630752751,0.00300038148763147,-0.0001801865304127265,0.0002615211874212389,-0.0031666001221072678,-0.0019725823402598174,0.0011305934924820404,-0.0006692302442035565,0.003250099763615906,-0.0028362060751293983
0.0006220395201669437,0.003254626954942455,-0.0010302197563465726,-0.0007623535449462178,-0.001838215667602632,0.0005942769466721074,-0.0007123977131055102,0.0002536709751610276,-0.0007647239927081782,-1.6619046138591047e-05
0.005489618634580834,0.0011521177453301182,0.0013894728121409358,0.005304550960474636,-0.0016161539819478374,-0.0024864587968747576,0.003233982345336773,-0.0011513647871741574,0.0017738754670735954,0.0044599826386771
0.00596287787222285,0.0011717697719747164,0.00585523627932406,0.006782032560430702,0.006117466225145692,-0.0035035596894127468,0.0009634941725354953,-0.0023901077185051306,-0.001985195579382963,-0.002878311619004332
0.002190664148413124,-0.0006622035812972361,0.0010666846147488578,0.00037179343368266057,0.004308193447533111,-0.0005214575911809093,0.0009190952748418576,-0.001657761444007597,0.0014372468758226393,0.0015355448392958973
0.006196365813925301,0.001939848916156631,0.003175163797778852,0.008921392341387566,0.0005357250385447132,0.006998386070533338,0.00025304762775524807,0.0006408680732352401,0.0067300468834334964,0.00016485357224788164
0.006808783240870135,0.004802810575108211,0.0026898856072035075,0.003259939239211865,0.0007247597961216872,0.001571189704511233,0.003551236756730322,0.0033633153474283,0.0007709504379697085,0.0003943402490128496
0.005646202605696666,0.002938135454143707,0.001823313242016112,0.004210693175579594,0.0009340593923446508,-0.00021904139949206408,0.003235514071069537,-0.0014178593322265107,0.003069051764179804,2.121593414251702e-05
0.0040636913426119825,-0.00466967064163825,0.0055549045349016155,0.006953428029897365,-0.006371114160586323,-0.0003984481211196552,0.0005868075787376845,0.0017254391225347179,-0.0051641087992497755,-1.3010696914276006e-05
0.004199777717988813,0.0025412513868539014,0.001526629192210591,0.000784423592782418,0.001728619369456114,-0.0006498432501743332,0.0044047636314072285,0.0006406900151158315,0.004141923439511711,-0.0008972694361165101
-0.00048707628285181437,-0.0003602470134612678,0.0004196010087399857,0.0034151437046141177,0.0029410816877941106,0.00045763357037373684,-2.7665284190877062e-05,0.0004917661050261858,-0.0013628210521340247,4.4907695141134056e-05
0.003110505443128745,-0.0020139270788647034,0.0024090096500506922,0.011371709883826077,0.003326454058523489,0.0044530598772718755,0.0056517390311896535,-0.004789530703475304,0.00012038231629015425,0.0001759384716439479
0.0056510963611392856,-0.001297295571017886,0.003822897231736425,0.006596833465809434,0.0017862331186439988,0.0016613072607448865,0.0001884708493054624,0.00047098740358255363,0.0001873454437501133,-0.0018203122560614552
0.0019815105937817656,0.0026420135973661343,-0.0013201510403132366,-0.00034186198410790687,-0.003443873600428379,0.0012766527656890346,-0.0042120031153041896,-0.004112684315456021,0.004231869638900192,0.0014793324408026453
0.0041000697868521134,0.004652148522283742,-0.00018042068264817286,0.004118968079551086,0.00497499436828747,-0.0018927079970192746,0.000660293388549392,-0.0012579073120044784,0.0022914579544641113,-0.0016496322599873266
0.004741634426710422,0.005484942068596593,0.0008069230694675777,0.0032821607413647683,0.0045018962032283855,-0.000754374360163331,0.00035420367058553587,-0.0013007467805298007,0.0004079804241564622,0.0004843201468170916
-0.0007755342967515344,-0.0006777992852959357,-0.0008349476596809765,-0.0032862707690468635,-0.001295181868564384,0.0003990676741278608,-0.003043048401802337,-0.003146814650699007,-0.0021795037344567733,-0.0009922939825521364
-0.0012083463401889249,0.002830750349337198,-0.003053230732232898,-0.0005039305515735417,-0.0006564407303603358,-0.00621882028744401,0.00022670032880758536,-0.003082273604919134,0.0004611817504345003,0.001397109147162722
0.004005998957518693,0.004343598078400079,-4.52441490608451e-05,-8.286406682747285e-05,0.001977800281913581,-0.0011877349983876887,-0.002250389581044657,0.006301676457632854,-0.0009482365292540324,0.005146488158499846
-0.005568077507911075,-0.003066690033314206,-0.004215921090682207,-0.0019156035035877129,-0.005907383435223189,-0.004397304896932584,-0.0021842951136387227,-0.002754017741652361,-0.006371030654650058,-0.0006117024912248365
0.013106317306235751,0.002043234444147165,0.0031801334033901107,0.002882826182128325,-0.008529607382210598,0.007004594337885721,-0.001973769142066941,-0.004874232956503143,0.003319722789251793,0.00014837801870129462
0.004187332408224248,0.004096348823229221,-0.0028417837608410764,-0.0006008009018394192,-0.001595512119826701,-0.0011990316008479336,-0.00035595545480708937,-0.001070790234909108,0.0033607375002603487,-1.056026908302971e-05
-0.0011154800272183997,0.0012434174567693395,-0.002013415798506776,-0.0040480248077847105,-0.004997077009655019,-0.0037353002703188853,-0.006465902456471211,0.0014223360055118008,-0.0006617535084588384,-0.0002647292669489434
0.0023718316051565824,0.003360622691014125,-0.004256711615445651,0.0015172241712538034,0.003586307504049081,-0.0012328901303365267,0.005429045296826283,0.002925520382959069,-0.0007760106090132293,-0.0008534788453144638
0.005717299455768016,0.0009297126743563547,-0.0006928887408607108,0.003949748796879798,0.002742788323469221,0.0015894235114863786,-0.0005996970615376652,-0.00016374644844425242,0.0028232707629211144,0.0007176674357051343
0.005147789307208068,0.004825369193030147,-0.00866414969539547,-0.003983913533859694,0.004329511684908737,-0.0014915036304000394,0.0018331109139557832,0.0018561764569050949,-0.0011921114324668224,-0.0012846790738282414
0.0035834069747026037,0.001051552578113072,0.0020537610555151336,0.0020491073148632788,0.003506952290570641,0.0011353780702731348,0.007343311223105272,-0.0031980790535240714,-0.000994723628224958,0.00022840544113570185
-0.0007546628611066171,-0.0016013711537733039,-0.004150712226603325,0.0010185307909771242,-0.005196423249689925,-0.002235961952366151,-0.004014516641842783,-0.007303029084096625,0.0043214917196948855,-0.0014741912641187038
-0.00013299225265209907,0.0008949402095842635,-0.002811406748093,-0.0020373700027403983,0.003066890006424992,-0.003598782868566411,0.000386462677041486,0.0008365376491666094,0.00016202214891052662,-0.002191640403517346
-0.00038911835735980574,0.001647611980628714,-0.0031545937607224336,-0.0026579391693715,-0.009911389111237671,-0.001818680331768932,-0.001387715787078965,-0.005384388588745532,-0.00145954612061552,-0.00016221810007416008
-0.0007802275666827262,0.0013712864322966074,8.483865483105771e-05,0.0014824164660209374,0.003387661795159716,0.0027741339550285105,-0.004662684341927095,-0.0017910839015802726,-0.002599583402605174,0.00013574915470739978
0.006846183448486684,0.002861783009161505,-0.0024513940227701768,-0.0029318823092061557,0.005067643337509028,0.0012798599839609884,0.0004491314775200584,0.00046634349936538425,-0.0013223582669093193,0.0003432979599273841
0.006558416375814127,0.00424554969120511,0.0020839666982712802,-0.0003661803721266572,-0.001788817805432462,0.0044092018496375155,0.003052749930158825,0.001901209574750681,0.002782879001738681,-0.0020238709133236013
0.0023518171131774145,-0.0014258582916438069,0.0025186961139868768,0.009985373431648322,0.002667507807968643,0.00315431686427894,0.0013594165395630804,-0.002849173575025425,0.0018496403538168765,3.747234781574657e-05
0.0021947972939824483,0.0035952793982905705,0.0009342694533003102,0.003066072448089889,-0.0008288856047265576,-0.0006737712265789501,0.0004700498666659493,0.0008882446207329094,0.000416152480623223,-0.0006293522298147383
0.0018754519687379648,0.0015119930535459794,-0.0030560568205740372,-0.0003182591924479824,0.0014004015356089464,-0.0019333223666966254,0.002353339114278755,-0.003141331344392732,0.0017421744111211597,-9.418744692666226e-06
0.006272510156037182,0.0040090801303116685,0.002353276222033645,0.007508685619116316,0.002361053603662769,0.0025485295956901976,0.0030051649085012107,0.0008176689621802909,0.002635726908386352,0.0006462273708448124
0.00023541786935199312,-0.0020220980281342414,-0.0008132240806458722,-0.0005579915590427347,0.006133404480302638,-0.006260049401977811,0.0017812647692023785,0.005450453057585346,-0.003799598966343178,-0.0006711753415904651
0.0002525773241978304,0.0010848562270577183,-0.0050413987389148285,-0.006929647373211618,-0.002831588218341545,-9.11655350402142e-05,-0.002409456729197221,-0.0008158396377868915,0.0007930314038781473,2.332397798092108e-05
0.003875596350360736,-0.0002065424730475652,0.0036285500235981455,0.014526153408846847,0.003183688736769804,-0.0014230317907607346,-4.997302787167917e-05,-0.0020765071757320192,-0.0017023789252394485,0.0008662441491871888
0.0009910411986514406,0.0038866957520055467,-0.002936676951521493,-0.0022883472386282184,0.007170754107762328,-0.0008359313295893686,0.003046844854447994,-0.001029349074718933,0.0013646181102981852,-0.0006956621223126256
-0.0016996874331608458,-0.0010480261439856677,0.0006558393343274,-0.00041312853758791035,-0.002141000762339661,0.0019693817413674944,0.0027346496249885804,-0.00014107938522737052,-0.0015369151629533544,-0.0004948092623249453
0.0013811167572407995,-0.00015185906815205416,-0.0005127392263615249,0.0018376011991690926,-0.0007324465213420384,0.002553528379460602,0.0024348065384916023,0.0006132808584668956,-0.002061502142112254,-0.0004957862808335862
-0.0011280811604138553,-0.0008151153225442118,-0.003749401508805317,-0.0036879952470697547,0.0012487225212916284,-0.006632408779206733,-0.003458110716577621,0.0010170392958863145,0.0032427995035357892,0.001445385046041415
-0.0010182143316330575,-0.004122728440419228,0.0007611271363502423,0.005944455402503211,-0.0004643691821184271,-0.003942918272539175,-0.002429668188787248,-0.004768924112608114,-0.002439975085758784,0.00017394349258890724
0.001162191481667102,-0.002371922548355557,-0.0006678131231016633,-0.0011421691710459061,-0.001027327706308678,0.0008516683576274865,0.0014186263447430493,-0.0005248515098695438,-0.0015059997340630994,-4.511954597310412e-05
0.0059375517184530715,0.00156659718140233,0.0006085441795671778,0.004440001438334125,0.0004887707109359761,0.0012071796453779812,0.00470205169505249,-0.0007825144368497237,0.003651061128980339,3.331269301114881e-05
0.007620097258594896,0.003669587466069858,0.001885484996809529,0.0006456052394920135,-0.00498959988214271,0.0040293936206217285,0.0006386791876601076,-0.0005159620225167879,0.005171731785633228,-0.0002364602433752401
0.0005384889872011751,-0.0013279496777641245,-0.0031519180459735428,0.0006644083482689501,0.0042385389967530464,-0.0010474480005006337,-0.0032144030650051586,-0.00021013376986475519,-0.0018371620605780433,-0.00040141545613718577
0.009490148638237128,0.0031377776591533964,0.0016277800454015756,0.004562026433047654,0.004687924568548357,0.0011661174456513849,-0.0018663190754839233,-0.00152638431246641,0.004721200305708573,0.0009345989555539607
0.003911123265143649,0.0032980548568761103,-0.0008544503297532305,0.004668993005019407,0.0030224234452187297,0.003965074439593678,0.0024277338103804885,6.815142295362765e-05,0.004570637327640377,0.0021311574915142627
0.0010370340586706092,-0.0015105463521487734,0.0013036702613740405,0.0017757877691308766,0.0028781504263584033,0.0014997486385505306,-0.0016934634570098144,-0.0015264571181137884,-0.0010236865811827929,9.64069585558284e-06
0.0005840070876389075,0.00021871619356447075,-0.0001375855595928642,-0.00044368340416988446,0.00026988964407020916,-0.0015817985597470947,-0.0008425534618292615,-0.0021458879499740343,0.0005042726477133635,-0.00035603758533381085
-0.0018544444508253879,9.583763895737453e-05,-0.005612504431697507,0.008184584824353953,-0.002844500898483307,0.002817142404669609,9.28728340705838e-05,-0.004522102385855953,-0.0002734704766939166,0.001975950668554037
0.007136622921862804,0.006051228499926517,0.0009763803845377304,0.005025866359000833,0.0008696930006879666,-0.0005669450781398862,0.0011655513624213732,-0.0006994576514918489,0.0016489249941035828,3.639474153015708e-05
0.005998944769310888,0.0038017832177306963,0.00097146914331156,0.00036932634229425767,0.0029421105428273572,-0.0035943213770801242,0.0026732284722045235,0.0018335320649598785,-0.0011909146095507438,0.0017211382125975696
-0.0026396105339738236,-0.0017559647276369776,0.001953035048480186,0.008082519603583905,-0.003840216343625514,0.004081709674760336,-0.004723880163595721,-0.0028543959711835147,0.0017223904250136036,-0.0020056153500223827
0.0008959650473157332,0.003952843411084778,0.0031613492993090176,-0.0008759654688092148,0.002031156404481793,-0.00046605232475554006,-0.0003597469896961872,-0.0004644271006611165,-0.000260538361414861,-0.0004606572069673961
-0.006847452839539643,-0.002274353758605432,-0.006073789233024223,-0.009149089821275687,-0.006787336145747563,-0.004574155715291796,-0.008808425564665507,-0.003550246107975813,-0.003358666510683372,-0.0002507141270910148
0.01032822511947446,0.0028824395731670144,0.003782296625649288,0.0055674349131212,0.0035819828040637228,0.0008592439480571536,0.00035033231188670924,0.0007637233201221612,0.0038169171631526454,0.002665664169107681
0.0024861374653842674,0.0019452459795278113,-0.0034051313629156524,-0.003585099112794449,0.0004816377558860292,-0.004410085663442243,0.003023002395445543,0.002562906515533148,0.0009981130751404972,-0.0005358077630860634
0.004961330305769621,0.0046891088386894824,0.0020956964413364853,0.004193508275467671,0.004630465061593913,0.0010335633091317327,0.0014734162754612779,0.002154069841968055,0.006267211237125352,0.0025950039669779355
-0.0005429146998660248,-0.000167115605775172,-0.00231343018272483,-0.005153536253151963,0.0025879489743293057,-0.0023024120900719657,-0.0007300046096618447,0.0015950287311572095,-2.602768734719704e-05,-0.0008880893564146012
-0.0015448622626682285,-0.0001324472559107205,0.00025301554576221373,-0.0002855439648345951,-0.00022317575240498808,0.00012816982994048702,0.00010082364587381353,-0.0005034342175239934,0.001774163790017329,0.0013533649032965536
-0.004870138521561007,-0.006171491027036393,-0.007594278710478555,-0.0016737732981754571,-0.004386022470231623,-0.00347002448679358,-0.004049902524129175,-0.005075631716512262,-0.005112189796070993,-0.0010586956729159184
0.00626785111082185,0.0036367050687103365,0.007041991563507288,0.0032946776880476533,-0.002824853524312094,0.0033735582960351287,-8.479392509472446e-05,-0.004499895440977488,0.0012716372188429615,-0.002909446898793285
0.006176594565687131,0.001070411380403884,0.007095721123449094,0.010457209057972712,-0.003863844531092932,0.002979234189135457,-0.0021060967106148088,-0.004335091443102635,0.002297424123992618,-0.0012223313305784998
0.007433451594833528,0.006012089470907308,0.006847857000801467,0.010726090473621459,0.009549843607992966,0.007577952089290367,0.010583013451768021,0.008005535960390659,0.0033458683370885065,-0.0007497342570247194
0.00015731607488334368,0.001052282124463809,0.004287080753439082,0.0026671091677999345,-0.0037724515856757,-0.002544905769851048,-0.0070984365516909625,-0.012242266302805341,-0.0005184162788295036,0.0009918425659725348
0.0043864595779453605,0.0035553611469977533,-0.005331493873371928,-0.010222674073358043,0.0017769422036146047,-0.008493374766688232,-0.004379038220650373,0.004792691038891958,0.0022959818657672304,0.0033933683358321346
-0.0007780536796695436,-0.0005816237118804711,0.00047607051024011924,1.08544069641614e-05,-0.003684937183562664,0.0014435080430261092,-0.001834068927529653,-0.004308659495791886,-0.0013569744974669651,-0.0016180027437378347
-0.00210890274745104,-0.0014570992835242734,-0.002553714124189721,-0.0030899422910959174,0.0022658212613831576,-0.0004623207248333821,0.002743102104406973,0.0017411071323745547,-0.0009057414642267539,0.000396178129058718
0.0041088772695198564,0.0044906139331315495,0.003719835095845228,0.00969490363780352,0.0018750246691231626,0.006975755083845398,0.002377570219947574,0.0011250547656746323,0.0009506889543717898,-0.0032884951414158987
0.0026293972496677816,0.0034757489845897963,-0.002110444175103067,0.00039200242150649097,0.0016485377162855036,-0.000337914405648709,0.002600821737804666,0.002221792854267845,0.003178042223466809,0.0007040792689222643
0.001248916761488493,0.00029018858447425093,-0.0045920336957975035,7.514784375845135e-05,-0.0006550394115983965,-0.0015589447042496218,-0.0006206819737460723,-0.00015072657484746854,0.0008562167540745865,-0.0007983830165562184
0.003133973254705737,0.007501067203875328,-0.0028379055157630863,-0.0022712005640445143,-0.0012483862941729776,-0.0002213516416361104,-0.0009992785558615939,-0.001442492517631364,0.007663559659110141,0.0021533507487993928
0.003506874666584902,0.0018588612147369995,8.046264306490764e-05,0.0019680639665734987,7.162009936396811e-05,0.0008318995169787841,0.0017884461773803298,-0.0003666223725888513,-0.001295837797898815,0.00045707237944236017
0.002425253661126156,-0.0019458181594768434,0.0021882047344766197,0.0023159178003284877,0.0016834526976353679,-0.0007387205116957588,-0.0011213682905801374,-0.0005538109984123461,0.00015460935139588184,0.0002490762911395994
0.0025146512285748428,0.002457434914058334,0.0003223520152195381,-0.0005959053790247923,-0.0018624259920796136,0.003028945329190877,0.0009185046764530245,0.002399632395927457,0.0010503023090441942,0.00030975956643596584
0.0009260050833586363,0.005052433029458413,-0.002073844915863786,-0.0002606295263240521,0.0010204632872867908,0.0003250410520376137,0.0031349308737374324,0.0009581666103919467,0.0015838140031456532,-0.0018986116670359624
0.0038275667786152093,-0.0028262526843246018,-0.005554773933752135,0.0018296924267754114,0.0003770783766706594,-0.0029842158765318967,0.001031652498433166,0.0012130349114445964,0.0036897268546267326,0.0011648509749725491
0.004211407489111418,0.001175712432342147,-0.00022006119874262188,0.0037456960726627592,0.003034402350469607,-0.002927507898777661,-0.0023239576107027034,0.0011028298964505263,0.00029522938535355217,-0.00010246942338500944
0.006635367748310705,0.004740394665379993,0.001104501141071467,0.006292582908823504,-0.0015530570158978634,0.0018755166266246905,0.0070208394740552465,0.00048788873954593807,-0.0008307162544410028,-0.0004186706883394279
-0.0006851670676980004,0.0004688349011241437,-0.002110302132452608,-0.0006577535396752945,-0.002611543617523221,-6.103898201006812e-05,-0.001765576328514107,0.0017261300129421625,-0.0006809039487146128,-0.0001666537763028472
0.0003656258618513521,0.003155503555841474,0.003602170627679393,0.0025485823242016787,0.003376514428555258,-0.0021928283875694426,0.0016659115827031938,-0.0011490489093483427,-0.0002085238838827842,0.0007936012503781951
0.0009107915130784592,-0.0007679272328139503,-0.005056225135002279,-0.0038563306139598533,-0.001009236325845219,-0.002149756354866546,0.002309305174866244,0.002666055492114275,-0.0015457057232821172,0.00288419451812795
0.0008691077873089863,-0.002258791831601489,0.003074738441090451,0.001718120259231409,-0.0022009349444053992,0.002459209115074746,0.0008679937178761796,-0.0011435929724458622,-0.0010269635384053952,0.0018748121985965626
0.0013967276732146116,0.0030618616456745216,-0.0014458349721368886,-0.0008230211238020313,0.001658480321329132,-0.0008048502931272762,0.001936642710303766,-0.0002023257394259941,0.00049939206047055,3.2261287696529802e-06
0.0038438692615546453,0.0034751902152638787,-0.003203358740437069,0.0027219964568531724,0.0010941765541741186,-0.002241149740275988,0.0006705652600038636,0.000337570186650836,0.00041706870045710214,-0.0009947881736087814
0.006875934829165289,0.0012807105590172984,0.001986327841886289,0.006773900700166751,0.0007514787220636986,0.00271660974851667,0.002809109742512089,-0.00012266658916443383,-0.001188991435042507,0.00046533055596384513
0.0071275718356032455,0.007200039426108795,0.003416903880818719,0.002061794054455869,0.0012279195577996206,0.002555396744218293,-0.0045201904915344645,-0.00019329880603009093,0.00011231150716065889,0.0015222469054588152
0.00313100749775104,-0.0026289857455253193,0.0005163824363753533,0.001542017532022444,0.0012965188161266385,0.001497084949279694,0.003217489750237154,-3.4647326152078065e-05,-0.0010626461770099807,-0.0005204633126420612
0.0040808122746277065,0.0022648416890468856,-0.005687760626069906,-0.0002638875892584131,0.0012531052941635776,-0.002751815697237765,0.0016521784042953756,0.0006233831716904699,-0.0025924400573834284,0.0012499314490755187
-0.0032703231927634843,-0.000572591427953649,-0.0008242562935217802,-0.005432791781478584,0.0025261146852717555,-0.002812853338471628,0.002215611801091568,0.004242230471147135,0.0019542669326411645,0.0007603520504038433
0.0005568841068421503,0.0023182153061617645,0.002177762665382086,0.0034351150306313424,0.0037764785323538335,0.0015561245267215911,0.002464150102595759,-0.000522016840809515,0.0012959760528068536,0.0008139725096500561
0.0015364207995595509,-0.0005932824281690632,0.0015222817582331118,0.005737690455167218,0.0012436886874420787,-0.0004988109492084017,-0.0012720836858650473,0.0007406424409364841,-0.00047386221348310215,-0.0004592461264220458
0.002521331374834579,0.003486239688723573,0.0004691799869998496,-0.0016999133834820009,0.0038695228696943116,0.00010775112829999878,0.0013287618987444256,-0.0017792592498935,0.00296910300538876,0.00048547733043820886
-0.001463786829348359,-0.0022226569220613482,-0.002427692478141584,-0.004922772713624552,-0.008741648995634947,0.0028784705313709327,-0.0035366586045356063,0.004830492047231402,-0.0012502122742965767,-0.0043713300554482784
0.0059700850949516255,0.005066773508955002,0.004213321066612123,0.006519569592352642,-0.003927968092020718,0.0013696697634099071,0.0019732957077922934,-0.0033524215293170376,0.00047318770123495115,-0.00041347265147191565
-0.003066505028152297,0.0009773740369636158,-0.0022115580084531485,0.00036534601995270334,-0.0003718360390058389,-0.005697912552478571,-0.004078273006236007,-0.001612005657933061,-0.0008732297180553093,-0.0007847379214544508
-0.006302090873657823,0.0031577809187159807,-0.006203917274203465,0.00445932116568282,0.003225862058495705,-0.0032503202296361396,0.0069033045427352255,-0.0027680057641799594,0.00816593402567199,0.0013135875977260346
0.0036209140901712414,0.0014399971808706502,0.00011745731948182085,0.0016871044117511265,-0.004533437320414828,0.00022771325881695142,-0.003793762195332824,-0.003540880969426478,-0.0004401094468465262,0.0002429128700212539
0.0030533340473840424,0.004508941109933567,-0.005205584810252373,0.0014931822408957886,0.0015513165249660778,-0.002873283072468221,-0.000649302810437645,-9.75008594608492e-05,0.0023335117457631053,-0.000928831245840215
1.73000849938848e-05,0.0025441422885768665,0.0005640488782998543,0.0032522776638498983,0.005241839688166357,0.00027774294260029045,0.00040517944779762833,-0.0017297041725487065,0.0013815329926396241,-0.00040794436804457895
0.0015881375174105693,-0.0012377997529268922,-0.002477291823977568,-0.0056423028649033435,-0.0008546095795871932,-0.002474775082393764,-0.0009656104668712312,-0.0006805581423452731,0.000188664933129544,0.0006062611001745648
0.003044121747437185,0.004736362692923511,-0.002401007070619743,-0.005678824902987168,-0.0019538039262749114,-0.002783823188728975,-0.005602550833292292,-0.002822310225122222,0.0005779680537909455,0.0011447116979746218
0.0011198294559684047,0.004287493876770519,0.002945967937413901,0.007150593120740501,0.002232941600181961,0.00394723658524084,0.006031487789820429,0.0011935184175019698,-0.0007248809119992112,-0.0010614262546573203
0.0035092390540225303,0.0015681765498710802,0.0024126838665395594,0.0038793133737517775,0.003052482224976609,0.0017900155896834503,0.002263901005867923,-0.0006632888057546771,-0.0006591717073225751,0.001004782718000343
0.003659056266850492,0.0002848667710441243,-0.0007360868033857836,0.0008843426317122222,-0.003190731320533626,-0.0007986465217662414,-0.0027592604549788718,-0.001616472462161761,-0.0004559656417409075,-0.002687791673456067
0.005472939754461073,0.004982928855626477,-0.0049405324815264655,-0.0009742682248509082,0.003153372992606955,4.566385188276359e-05,0.004228047709456069,0.007892261871667623,0.0048859103586993465,-0.0018194245905759718
0.006520471878507871,4.919297571548062e-06,0.005376422850320032,0.0065921925726124,0.006080983626652492,0.004545346477375122,0.00545939715822007,0.0023849263824249,-0.0009859399759883003,-0.00025882306381675915
0.004842113300482516,0.003799594999427796,0.000961314686531968,0.0009895789181693165,0.0012646545793331234,0.0010013597292572573,0.0014090653085037546,-9.074826222636548e-05,0.0010318286342954489,0.0034636460242490623
-0.00028534275073213017,-0.00225122988655305,-0.000896468982169822,0.004883646033151928,0.004511154271336864,0.0017592375591102586,-0.004113662159132206,-0.001915444577860326,-0.004025203576242959,0.0006885660405559525
0.004270008785907303,0.0034101633305528077,-0.000234230746178434,-0.00016241678319810996,-0.00014608100820844884,-0.005454612865445678,0.003826953511282149,-0.0037660380101065694,-0.0003727672230493424,0.000279374589646492
0.013231638638089007,0.006363387923662072,0.0017574882554303793,0.006481453526258289,0.0046001683602726615,0.007256209507976161,0.002978039451268233,0.005139707715023074,-0.0007317022064561732,-0.004743734958092439
0.0038183083019569385,-0.0007388415231476886,0.001924771474081385,-0.0009896780820692556,0.003986653312481362,0.0007343986319465409,-0.003298223512475728,-0.0030733691936122845,0.000127319320736968,0.0007081711817940924
4.203556316405982e-05,0.000948274140330614,-0.003973475424027589,-0.0041666818452200825,-0.008647329382420896,-0.0002604997172623055,-0.004166954791694289,-0.002606660129523129,0.001476618695443018,-0.0005073169856147043
-0.0016889009449348336,-0.002267857952705914,-0.0017633170788703394,-0.0047922671096391105,-0.007005061591095175,0.002460858552333276,-0.002458164004910509,-0.003250960046336528,0.001673479515751506,0.0004599392604392953
0.001827008049782454,-0.0021043250618140823,-0.006406574281624286,-0.004792250043174884,0.0005621914183014699,-0.002959010161903135,-9.256735125874604e-05,-0.0007608658118594161,0.0022480837833187472,-0.002351037476831826
0.0018592699874499586,0.0025234004016347344,-0.0013698928975078384,-0.005713834477372604,-0.0006466749914754537,-0.001121678016506148,0.0009928662040477893,0.0012808068400318275,-0.0017657881727874308,0.0007022367888033362
0.002414816579928061,-0.0032630847126904963,0.002415285978340243,0.010101170899812734,0.004232645224732216,0.012944299998030479,0.0030926802556917963,-0.006096092472472284,0.0017463816651135298,-0.002923954948565407
-0.0021501297630344973,-0.00032541649089218305,-0.00012544067696026572,0.0016758217632341136,-0.001530715894945192,0.0026982362904270428,0.0033859187252931085,-0.0017600583702757024,-0.003861681097744281,0.0011963919626999456
0.0069093921596472645,0.005264181000137935,0.006975712023815853,0.010967898007160429,-0.0030525535897391234,0.005688925974298429,0.002222947454618844,-0.002413192336560491,0.0002719821244440449,-0.0009801927474651071
0.002424384121596052,2.199572457690924e-05,-0.001674174433012266,0.005065015343845553,-0.00025480501022673296,0.0017993896032828351,0.002733098951422779,0.000561901681307036,-0.0017340593143055775,-0.001135613115092111
0.0013928935500647568,0.003593618445289691,-0.0018020463500045168,0.002985874481113775,0.004083088690325226,0.0017869861094798125,0.004433617350355586,-0.00242778381431415,-0.0008813491620117373,0.002185377477175402
6.50471110938064e-06,-0.0009768153515006348,-0.00204026451106115,5.910204053848956e-05,0.002642282553875561,-0.0015121126667087467,-0.0021634097506069965,0.0016025268954453255,-0.003629851101149557,-0.0009771343523949552
0.003546636149520842,0.006423847755604551,0.005083270387423576,0.008599158699390612,0.002966092803038823,0.004091467724013316,0.00685026354243716,-0.0007935434735960676,0.003334416702796493,-0.000278930235175885
0.006867976492721514,0.00045997143623656086,0.0003920385704203272,0.0069447177841190895,0.003303491633735306,0.001444001557078566,0.0011666185392918726,0.0008536998694248339,0.004090579842721801,-0.0013442876943949025
0.006145112656229856,-0.0007553475856016748,0.002741559274279276,0.005719999415912525,0.009714644724226352,0.0041330338963836396,-0.0032717120311742853,0.004837437572318993,0.0009306773037117046,0.0011704984216300259
0.00153087149231328,0.0013874107916900151,-0.0005250935984647417,-0.0002564882835574267,-0.004162866629102008,-0.0003622985931600667,0.002199655787577952,-0.0009548227735515137,0.0027585378996300178,0.0007993459701007207
-0.0016680886080794322,0.00029349778711807584,-0.001358670591895681,0.004399168829204466,-0.0014327339301278552,0.0014544801016520314,0.0049796419328555965,-0.002205422429805049,0.0006658291454933836,0.0006397061815232076
-0.0003673582787036556,-0.005159733693139719,0.002274921044053305,0.005152848228956772,0.0009289024991474547,-0.0018702044907549207,0.0020990528392165857,-0.0031878657064833447,-0.0006500648278724273,0.0009098724488877133
0.0011734697252346535,0.0014303652542496446,0.003082711811312191,0.003939350297008207,0.0010095529164159962,0.0032554071250407,0.002857920212024377,0.001941206502601604,0.0013193089118542015,4.8174012752400484e-05
0.00261863785083942,0.001812183633721095,-0.002867765031058872,0.001200812774905198,-0.0014571798674862801,-0.002274865648623748,0.0019543525620339397,0.0009693202919869756,8.997659353507793e-05,-0.0002642969734939409
-6.142575001340939e-05,-0.0011957030027314932,-0.002123398170966571,-0.00042965545210151956,-0.0038370043059172882,0.0022079466054369667,0.001858713787659176,-0.003011513044468984,-0.0028537665436828273,-8.743610799033085e-05
0.0020330184388651987,-0.0008410135068973659,-0.007141537303948089,0.0035155169100756327,0.0018486690995579112,-0.004392983044004982,0.0031456500746401593,-0.002369701392940504,0.0005315374910188892,-0.002136177865074097
0.0035087125795920213,0.005364933991000468,-0.001547893137074448,-0.0005386282703464165,0.00390630747764612,0.0011917956822946035,1.1170252218823534e-05,0.0007957186451926192,0.0006593532382486133,0.000268712459233697
0.00709091858977481,0.0036542351033767096,-0.0013244316112578055,0.004657889774050015,0.0021990465594543367,0.0021947161364193482,0.005843250357439471,0.00039882717538381433,-0.0018735600186374343,0.0012871710485011108
-0.0013506291079198455,-0.004661332393788825,0.0001001880718816744,0.003334890356631368,-0.004192902379388328,0.00327709542763298,-0.001461232373024515,-0.0003318448603598784,0.003352468234897633,-0.0005711803060811469
-0.0001880077416019435,-0.002350030235782611,-0.000681249832224991,0.0036524964454303,-0.0005560227375534107,0.0014115264800956696,0.0009790528334884024,-0.0043948255161616575,0.0065685746872140615,-0.00018866706432424905
0.002348522564367329,0.001368679087951956,-0.0055401403179292244,-0.0035073217029568983,-0.0010252664944878779,0.00048384154201236776,-0.002650865116885464,-0.0008774365421153446,-0.00031764301123900045,0.0015498605966089338
0.0014380602351959366,0.0009477410693333364,-0.0014235813502895664,-0.0033938397925427164,0.001333132082598146,-0.0014749538129646758,-0.004239397615178701,-0.0013206364016242259,-0.003313779928716159,0.003178416074177006
0.0057001180214382285,-0.0024375413918060326,0.004031771922113277,0.006122537979294318,0.0025999377609167602,0.0020567403894590705,-0.0014098768613280376,-0.004234547389980742,-0.01256138918884777,-0.009179349549355356
0.00016540210138208877,0.005700809355490815,0.002031307155515647,0.0005977761558493269,-0.000734974088230503,0.0006412297197126299,0.003111617239228873,-0.0023486774097069077,0.004598547240033832,0.0005646278805872507
0.0003722953071621619,0.0015977305536215812,0.002744366462572129,-0.003309791774037879,0.0007824664656543753,-0.0015028128566159165,0.0017137434157913148,0.00048302379096234246,0.0034218095749841684,0.0002512631287395771
0.002566773526118303,-9.555922485352756e-05,-0.00030925936429666324,0.006432554269122657,0.003102966125988121,0.0020933913876563844,-0.0025083504943070553,-0.0003230103024125207,-0.001689939383631966,5.3691162517394105e-05
0.0016650695791898193,0.0008416887352217031,-0.002694885128290885,0.001391169378070791,0.007654978347409381,-0.0018224624157623364,0.0004816916324661517,-0.002253110564436122,0.0008505524431550528,0.001350315088600164
0.008358041275989735,0.005196002985389654,0.010397351239651714,0.004446498725259622,0.007904952812731576,0.006034857162343196,0.00261968635679708,0.0007807413316536639,0.00287836848125088,0.0022185630427654104
0.0113604661438651,0.006229446765287885,0.003794556549887565,0.010695410263199713,0.0012680751225956355,-0.002081544793428038,0.0032635929610717557,0.0005315399137308624,0.002261124413078281,-0.0018421104854164714
0.0016653195039785967,0.0023021457705469824,-0.0019984600049016265,-0.005386168039968129,-0.00547413180508243,-0.00038858960436240214,0.0005166940359461322,-0.0004252192755915848,-0.0016425818066321922,0.00013305280864299267
0.003014070284782646,0.001631293842250598,-0.00019356563952043458,-0.00397450430936514,0.0017820707922663948,-0.0019208038920631493,-0.0005091846920305115,0.0013429161939680027,-0.0011184829232729924,0.001388684785626866
0.010236321645920442,0.002459001155380728,0.002875145164185833,0.005519246012985767,-0.0083307796350287,0.00031743691907479624,-0.0009259112507822193,-0.0021778286823554115,-0.0019690845889665785,0.0009427604722344275
0.003343568472460784,0.001657753025100156,-0.0015591300163877025,0.004588703496021293,-0.0016024296053408133,0.0009153118487615787,0.00409099204737696,0.0003987958702822469,-0.002734149219101094,-0.0005671622181589463
-0.0008753107894119705,0.0027837700009818236,-0.001263817441122755,0.0009787991124957712,0.004572013232595064,-2.368763476767993e-05,0.003493880962499119,-0.00018359753481452567,-0.0003509809989048628,0.0015274151972836881
0.001962279299302278,-0.0007249224439736211,0.002889180074686901,0.0020303486514520767,-8.701818739516483e-05,0.002188832965107117,0.0012816365096466322,-0.0006704264911058756,-0.0006016471852765236,-0.0018493411150104547
0.00656274631640654,0.0063627698423027795,-0.002117556602365196,0.00433594278033092,0.002305277093755696,-0.0004984758189181264,0.0024742371467635013,0.0028681385985223212,-0.0012540874942248868,0.0015465518446542536
0.002877221544333328,0.0008831594065883025,0.0010451723650563736,0.007777357728844711,0.0032594342071371983,-0.0014695346986567798,0.003848948989105327,0.0015666953412934689,-0.001827054971987471,0.00027279688407822947
0.0058159028825591,-0.0012019313839791938,0.0010928958701809204,0.004944970213140517,-0.004650385153987212,0.0005672922080971857,0.0033408366853137066,0.0001817364581766321,0.0007661437815558924,0.0009362445205760656
0.0013780074549484304,0.00033452544909170004,0.001426988361378615,-0.0026608362852230893,0.002814989574219607,0.0012513807200100046,-0.0009504520131415287,0.00023748940849200453,9.893968519786474e-06,0.0020783922930834526
0.0037847671732347673,0.006108210826512618,9.126139507063726e-05,0.004528071000990336,-0.004559828118229053,0.004288138701398906,0.003765669181840957,-0.00239143138317443,0.005623300351176678,0.0014969328355625186
0.0002681300993856023,0.003966994372587067,-0.005839698915970593,-0.003985382269345217,-0.0012829912940038359,-0.00396736794360255,-0.0009445327386423726,0.0008381869372139732,-0.0003065429449775332,-0.0006017069603488907
0.0056825701615042645,0.0019793893962555017,0.0005220296550605903,0.014288412107083181,0.0004684653938324714,-0.004123238250906568,-0.0007501417403262675,0.0019794982004556786,0.0021247857276223865,-0.00016558992921751788
-0.0021102661648962507,-0.004770288762609404,-0.0039937129342820146,0.0019619235663165474,0.0057834575987231575,0.0006134201197870282,-0.0004167518986622721,-0.00020937310482734185,-0.004574725160795112,0.005549746657634518
-0.0008443260480810733,-0.002275212657773987,-0.0009943202657699023,-0.002682502546837304,-0.0011992414150260432,-3.114122468485161e-05,-0.003074024768090848,-0.0017690515834594862,-0.0004377261793039392,0.00012466282332641984
-0.003223029760330726,0.0009928138393803362,-0.002185724374760764,-0.006175922209332819,-0.003939384777994883,-0.0002233053163969156,-0.0029021505263858143,-0.003186041536018793,0.0005301152291846446,-0.0004609318644306498
-0.0003395659348469325,0.004238489183444829,-0.004128655860219013,0.0011716522015635124,0.0005529360711802356,0.0048133588459154395,0.008162686121280394,0.004632551861679746,-0.0029430703582518122,-0.0023881402097320308
-0.00046149997087472326,-0.0017800713302203106,0.0009724586737399844,0.0023093427361328125,-0.004443623768015418,-0.0014203078781689533,-0.00017943786702203377,-0.0024773973228993267,-0.001025400077130598,-0.002933379131773586
0.0014039545716762474,-0.002482058156255816,0.0020042391755983185,0.00460608527247666,0.0038103169391082094,-0.0013711982497565515,0.000674922623897364,0.0007139440940534152,-0.0004729120586281206,-7.194789391315459e-05
0.003987848335361616,-0.0010279534727433426,-0.0015655238951524876,0.002449809896767295,-0.0035295802092234468,0.0055136227616046155,0.002274722870558063,-0.0020822350262553035,-0.004169468915342969,0.00027558381231835297
