0.000694677558475007,0.004266975159571324,-0.001814131372301021,-0.0078706609774985,0.005153963308533842,0.0063282212663008895,-0.0009159497841162883,0.0017127787761940375,-0.002983936764393228,0.003598587610154833
0.000398329323056501,0.008828603670054964,-0.0029347206008298442,-0.004028556386078311,-0.0030061163352293444,0.00821655233986297,-0.004499413820602068,0.003948835331229561,-0.004814713751787115,0.009934914196378077
-0.00026694372917394904,-0.006620019352403103,-0.006361750123469876,-0.002308535012640681,-0.012428210823894193,0.003230150950706959,-0.010370061709542465,-0.007899665423076038,-0.010481392424597058,0.0026721286169916524
0.00043387854959008043,0.0066287513751165685,-0.0027208962752834865,0.002572727485473205,0.0018800816409362047,0.005497413922257728,0.000469486087064229,-0.0013664308233731067,0.00013550619970289222,0.005678004847563849
-0.003972777283031685,0.0081652518141886,-0.002799147613327598,-0.00803912230328245,-0.003353622545987772,0.0030263900503760127,-0.0017822274865312078,-0.0019628505678343138,-0.0012506631783969812,0.00388787950269829
-0.0009568272474202237,-0.0003984447842406252,-0.0006938938197594902,-0.0063507441000637075,-0.002550841940123472,0.005974908440514664,-0.00016662176433973608,0.0015715903428980065,-0.003624220371393393,0.0018725844135694285
-0.003485128024646379,0.008201316056996059,-0.003860297494977828,-0.012426037369766808,-0.002093611410901884,0.0008091852271325492,-0.0033249829615964073,0.005847146336896934,-0.003670639848863839,0.0017517200780239085
-0.002646137196609853,-0.002717539360259591,-0.006871546124450513,-0.00827371795651307,-0.0043349673305986365,0.0017011901831282454,-0.0005479110841158268,0.004040377523432635,-0.0021798688501089734,0.003831047212105376
-0.0021398362066896368,0.002961231911903905,-0.003675999256028281,0.0005414770780178295,-0.002702797820371668,0.006547653242029919,-0.005369738058045237,0.002319271684879043,-0.006285336462029669,0.0021399612448163973
0.003077338139600684,0.008686944589280803,-0.00682919423735695,-0.003314225997127681,0.0009857134010873923,0.009401375714426771,-0.002047509659505166,0.00815514402862137,-0.006162807500585328,0.0020847317472100987
-0.0007176822113314287,0.0029792154990931803,-0.007280501587650099,-0.008547381295361098,-0.006930097675415767,0.01502715170386156,-0.003418195167446793,0.007353756881334098,-0.004222574226391008,0.0029086389052868588
-4.40419379349466e-05,0.004585654084059532,-0.004232995291456279,-0.009124621475460578,-0.0039446546288589256,0.004825576071959954,-0.004093365039706039,0.006382494466289169,-0.00549051661862676,0.0025781712750618394
0.006007753453676906,0.0032794670518294764,0.0014333426487882284,-0.014315597493485804,0.008029608851331364,0.011509716247181877,0.0016939952720111569,0.008615448730874829,-0.0006275227108868823,0.0036396060405200375
-0.005078317360581106,7.187833347644529e-05,-0.004542621560785269,-0.003749797508076443,0.003930763095018206,0.0056676101079923494,-0.0022097900942980053,0.00841680684510202,-0.004744446895195017,0.004483812192104869
-0.0028381215229152795,0.0021979846753194046,-0.002978810561694259,-0.01264779566135577,-0.01136524662887428,0.010652543236150927,-0.006825855306933467,0.005646658160622218,0.004996925631162211,0.0039950334530633215
0.005935683288193508,0.005392875877940958,-0.0077847430308876425,-0.006660742890644425,-0.004263013865417633,0.004783669513292441,-0.0022887405956533518,0.0009952654637490066,-0.0054985889401674105,0.003772983105608304
-0.008122759984885687,0.006981221182526854,-0.0037009033110123853,-0.001429924811202991,0.008096580121541108,0.003615675890945597,0.005202118618931429,-0.008048041464463763,0.0005619422074786464,-0.0026348090048351268
-0.006797653793323366,-0.0011349067937034898,-0.002803109547432552,-0.009186082730221793,-0.012163875265459728,0.0035879352791305533,-0.0025121050392890552,-0.0015147457315280901,0.0023488304129753645,-0.006030378678720207
-0.0010124804024025241,0.008924890675604966,-0.007093152078851375,-0.002613931896396123,0.0070392876870767765,0.0067421971448067,-0.001126938722587869,-0.0026624079470290345,-0.004495172524774467,0.007946724310306536
-0.010756833149302827,0.006546968849153546,-0.0042195017553600936,-0.005620981448005412,0.0035389112365843984,0.0060075302044149065,0.0009646186547231797,0.006303535155908254,0.005165224506265944,6.361736721825816e-05
-0.0023132481204285113,0.00966736652823743,-0.006287655886538911,-0.00750037343521436,-0.005647735584431841,0.014994018375062024,-0.00597118058339174,-0.0007015211854079088,0.00516432692616604,-2.120036392520841e-05
0.0017998700132319317,0.0055086818772897604,0.0017928045405957364,-0.002501684569116077,0.006225227269411323,0.010740273971692195,0.004602499819018243,0.009309088791836343,0.0021782697487701236,0.006894715875993839
-0.0037826235609392795,0.005715032190454109,-0.006345277333168248,-0.003616465431952261,-0.004887033333515676,0.008890147109779617,-0.0055831122065012105,0.0016726273630890494,-0.0016683028841962845,0.00511169325492391
0.001831681348285284,0.012347882164534713,-0.00921813150297993,0.002366546043712184,-0.0015316223145038195,0.006480559552661351,0.0002548836200128848,0.006471354572284056,0.0038694629317918257,0.005567062821864666
0.00463069039630401,0.0005997613923064624,-0.0002492047715108385,-0.002483106023813302,-0.003974810204928236,0.003815672588608932,-0.0009419916578146726,0.006796801026779692,-0.0040887720844335375,0.0038955003871010687
-0.010310309611784876,0.000312565639140637,-0.008594157151614483,-0.005326474536943401,-0.0054495050456661,0.0018306418056068426,0.0009826393424601366,0.006028279916831412,-0.0002814523083160143,0.004492400197260329
0.0017463786029792846,0.008127949535401734,-0.005423404151157368,-0.0005157563209573506,-0.007298691904088841,0.00316978811033917,-0.004049354095990864,0.0015704050875851765,0.007463012429263133,-0.0019372107200531907
0.008550087769629296,0.020111433940433673,0.003301479839599477,0.0013533584336219914,0.009419739315669327,0.015483351654271818,-0.0007376513558889075,0.002638526139696437,0.00631333491766724,0.003251248086577902
0.004842361859833569,0.010492057098998352,-0.0036981458678924414,0.0018147863767051745,0.003859626708352475,0.002517371672847218,0.0014474073359978835,-0.0021698160817115973,-0.0035903806619709405,0.005418430452369704
-0.007089787939849664,-0.001692237570103599,-0.008207256099501384,-0.012749424297132456,-0.007314292562660106,0.0020353057993974448,-0.003000179450329397,0.009391075012010674,-0.0066796698720836606,0.003545575108494912
0.006479669054377414,0.008482002003120602,-0.004474776908752464,-0.0039438120441201785,-0.002266727720287031,0.005967098268503042,-0.004660032401880744,0.0008526397460274482,-0.002710662819757115,0.0017060362446299393
-0.0020432854552891594,0.009036388344853869,-0.0027141337912104852,-0.007067085997502129,0.003682181769575321,0.013720619064553921,0.00016010158972751178,0.01017921258095828,0.002938131600621981,0.004168335124693931
-0.0025779958514437827,-0.002459174716117101,-0.004035286060731594,-0.011290144062085642,-0.00654228401718388,0.003249553288893127,-0.002058505786320941,0.0041257227028791464,-0.00635951690722382,0.00021107702837342432
-0.000673390423267875,0.01865398681126454,-0.00932749628738453,0.0007189760901487802,-0.005447697794120576,0.006576590719550575,-0.002340795877447357,-0.004202747629322181,-0.001514291328336095,0.009456670885682243
-0.0007414310492412923,0.003349301079473052,-0.002372678651873083,-0.006345445686273622,-0.001057149651601647,0.009783117741308588,0.002574383607096648,0.008751320653020546,-0.009304839620509969,0.0007004282652510617
0.00043519084599221575,0.011730171684949185,-0.003408235954558492,0.0008343012997795682,-0.005581519277967998,0.01159776256613418,0.0007454483643322216,0.007875159439837284,-0.0009721982350004855,0.003465430863969677
0.005047595223572407,0.012868672422671274,-0.0017748989730884132,-0.0029062804842122122,0.003511406109419791,0.010505592708581944,0.0021471562283173554,0.0001744538105691515,0.0016249719967428276,0.0023337530858947965
-0.009571630075908659,-0.004277591470065855,-0.008830097174458712,-0.003462139437593821,-0.002074667005766487,0.007580195445191877,-0.003589183846452252,0.007386421076197019,-0.004602102540199257,0.006549329641137475
0.003991506553031869,0.008657959618426029,-0.013399974582269368,-0.006141712907165949,-0.012435977802683905,0.00729747080487013,-0.009925268780054798,-0.00895630624727501,-0.0011838129366406342,0.0019261440358525328
-0.002167875059802011,-0.004700419541332719,-0.001031016438868805,-0.008057768260915733,0.00380556112900722,0.004287365459385443,0.00029956810673896625,0.005925710110676483,-0.016381860163884973,-0.0001988718450311941
-0.00195506684814363,0.00819784304416733,-0.005162684930274706,-0.004767728807313599,0.002712728110984091,0.005400830886142089,-0.004140247853548329,-0.0008659153478107378,0.0007651499593283263,0.004145869594261467
0.004028388050471121,0.004844528684247687,-0.0027763741293808986,-0.003764145207364781,-0.0012234074109532484,0.011141934482131173,-0.006535930331710192,0.0021636858198777805,-0.003213018300179899,0.0037230985414386047
-0.0013133926854647367,-0.0027083371547186037,-0.003633410416893885,-0.0038071792098654015,-0.0040946641863172685,-0.0017864463449889614,-0.005331659461731957,0.0018081718203541801,-0.0026733109029622865,0.0027862186522320397
0.010100172848786969,0.01282702610954093,-0.010138923796162677,-0.007267347276243899,-0.0031255856736940764,0.01125255611673786,-0.004422411020321319,0.003975468914766949,-0.003988316269099134,0.0041540336270677655
-0.0008095781695722987,-0.0009131827695051316,-0.0020063857537294576,-0.009687209212114552,-0.001252872413865502,0.004037394512018028,-0.0009278884480589195,0.007683712368894119,-0.004089825927324148,0.0015109953306083894
0.005318232035895973,0.009111734370045735,0.0012086965106955837,-0.005563420480767006,0.005565569399457382,0.022368173172296384,0.00034511198470563165,0.008638293105025773,-0.010746398719138892,0.00281479442757089
-0.004442135435775256,0.010984034667059578,-0.006802597257060447,-0.002387248714740516,-0.003091135732636272,0.00814299472337532,0.008584944458953594,0.0012428954121512926,0.0005092513641031073,0.009041975026276306
0.004813814608502921,0.002334240418071277,6.815200937972977e-05,-0.015098437424590197,-0.005278081695657074,0.0030114965824554075,-0.006638313524259502,0.012619763135719213,-0.0172341577950127,0.0057282561037673395
3.909649306001878e-05,0.005000167383820267,-0.0025248233641471155,-0.004641034586220125,0.0017450907890417288,0.003902861289761125,-0.00040427174847562403,-0.0039821559087588965,-0.000360665396111557,0.006212064705986859
0.002872077149987057,0.007810985403706155,-0.002566760625055189,0.002145828975810448,0.0018782571426549613,0.006434851780392777,-0.0009354019587870084,0.0035968539164130523,0.0010357382655388193,0.011190034271812765
0.0006857500733175318,0.00943444665770394,-0.005190405140579687,-0.004733908941348518,0.005517683297619089,0.00259020535674712,0.002029976580453712,0.006949948774009861,0.0012922509397205785,0.0040798187755071505
-0.00523361042464976,0.0018782205020967879,-0.003623865984321359,-0.007113966965287331,-0.0038348183441329047,0.0064541987430034396,-0.0011453554403607815,0.007240147560667253,-0.0047126520119147,0.001838623620932548
-0.002672671785404333,0.0011839072576530114,-0.0063903221592002965,-0.006419361836003164,-0.0047878604146482685,0.002734972191143737,-0.0014188489621487536,0.0021700534882187553,0.0009859260764406095,0.008101931076018847
-0.0004165666942834157,0.005428227858449035,0.002003352742733864,-0.0038550608382033045,0.0017686354437975067,0.004632623906338272,0.004004675886858007,0.0037994043990738475,0.002974209064958361,0.003987063756863032
-0.0027293911529114928,-0.0015821278849230244,-0.005452657266137121,-0.008829088046534634,0.0003069053974635396,0.0058008811652873115,-0.0017789301815455214,0.00031785623562457024,-0.002067569661384164,0.0015481284804493465
0.000839184869124196,0.008274719828365636,0.0038587641990482147,0.0024337928352437467,-0.015520744881538553,0.014166122947128426,-0.010815275607603422,-0.0035162219004319416,0.011650794350562026,0.002528731129230509
0.0005723478006110505,0.01227121144639418,-0.001085729522597832,0.0020007250223271467,-0.002681177300846372,0.008465985512443437,-0.002115667147100788,0.006030358607964299,-0.004529312239045932,0.004243864429962028
0.002639760767950708,-0.001730109907372962,-0.00029620118473072486,-0.006763811558558049,-0.003532073134389935,0.007857247751972959,-0.0011054772221988536,0.009864005694284566,-0.005183498552557761,0.004359350210365145
0.0003106488003650175,0.0031718730088470468,-0.004871885965149784,-0.007770993545222439,0.008586811309032022,-0.004293892202555379,-0.0009713845740899176,0.003385514321035492,-0.006268021758751115,0.0005375434746788701
-0.0010938724096864539,0.0034731470122556373,-0.0041633105673234755,-0.0031206061140003115,-0.004275944823615536,0.0042248038312754895,-0.001953910376494452,0.006782634112359643,-0.001112011502493065,0.000979940568745152
-0.0032779269233049807,0.014565102289964738,-0.0067610783966685906,-5.055996293600301e-05,0.0011385126349396757,0.0039508271169038395,0.0005128046561708756,0.00796064573280327,0.0062747477613293075,0.006083003133748171
0.0037957253309368185,-0.0005975114338669723,-0.0005016087403988403,-0.008212060142109541,-0.010238901676316936,0.012240723653387759,-0.0012275136125194555,0.011476707491302834,-0.0031564121076666915,0.00629625730862007
0.0014763686974618648,0.005038563875627481,-0.0014760311908490545,-0.005603443725235799,-0.009025187504714276,0.0063912082033096475,-0.00039523777445365187,0.007083493588974806,-0.006221721306152126,-0.00017903207447450466
-0.000972974561391532,0.008146941330592959,-0.005628469467385667,-0.0015041775988871536,-0.005327825496978749,0.009645730161430327,-0.0017400351500989465,0.0045583799508758,-0.004263008141269201,0.000710302998725378
0.008290131637420907,0.009338507985910995,-0.003254897850342807,0.001343363273324575,0.0017978799309709434,0.012937767491275651,-0.0008998975415349561,0.004111453631836752,-0.000443380172006473,0.00500053405739701
-0.0006589547740138424,9.313210176972384e-05,-9.522908311370218e-06,-0.003684843621615863,-0.0008577191300891213,-0.00040157882789956985,-0.0029123459386625064,0.0015357272349520695,-0.0027997637293910287,-0.0017733469167470395
0.0030180581304576765,0.006118816293236181,-0.005833353181486378,-0.0049870004594281215,0.0021701412758744283,0.0015482723117119426,0.00012706836946337757,-0.00029981848462721757,-0.00709605590493145,0.007698379075188094
0.0068133803534022935,0.004157315732241401,0.003506803084069787,-0.008081314820352625,-0.002161644735303389,0.010888730219301871,-0.004503119253188311,0.0024444830187039593,-0.006417768235000749,0.00588872347158528
-0.010279367360500523,-0.004915178514074414,-0.003502681310148612,-0.006351495976143477,0.003097663537454053,0.008620461759891567,0.003164604518723645,0.007080298768535602,-0.005926671810557772,0.0105379622785689
0.011229934674703887,0.012079126365770671,-0.004351798989261287,0.0041423662999552895,-0.001499674193247879,0.006788995894492521,-0.00783983216562658,0.0012171863222264498,-0.0008577370545867247,0.005017664163438097
0.0043243683440438154,0.005507013109440465,-0.0035670062920542256,-0.013145875820320244,0.003518017344313882,0.005992808813181063,0.005228892859342372,0.001409131008636948,-0.00988306748757288,-0.0024687875156577345
0.011229766295421457,0.006137209636416976,-0.0010442417363146265,-0.002693700372456464,-0.008403136116729446,0.017516903258613475,-0.003104797218358505,-0.00031473955051206266,-0.013232986702250123,0.015982979181939038
-0.006237493162850147,0.0052759262518668965,-0.005398762029296396,-0.0058179987602138255,-0.003332396029803486,0.007926756707840044,-0.0012085765207237914,0.00539223604156386,-0.0039824524486045815,0.00420619187842183
0.007127125118707368,0.02209839028156755,-0.012657062751356146,-0.00021431902688073736,-0.0011490322805740064,0.013425583151480586,0.003091173425031964,0.005791734747516681,0.000761894901870448,0.0016459897829620876
-0.00045599695783303534,0.016503727951503296,-0.007154483275567954,-0.0003548335717166181,-0.001705832458543114,0.002959548156598433,-0.008074426168242502,-0.003105909887494207,0.009851941402427651,-0.0008109732916894732
-0.0020098021739554106,-0.004789990143973799,-0.004545564629406043,-0.00880834993732952,-0.013643545911095057,-0.0006625887047608755,-0.0026423027997724835,0.008240657971148998,0.0008691914167316707,0.0032731231129571555
0.001937535135057913,0.004855145283761606,-0.002414844371918816,-0.004887201265889053,-0.00501055513286605,0.012389984940311537,-0.0026441758560204532,0.001274200537732549,-0.0008109224825289192,0.00471772372124114
-0.0030134849680240328,-0.005775927211873741,0.0004983989991044638,-0.017366823904548006,0.005794501692353766,0.015541753946053772,-0.0002847228270269602,-0.00014858634428170818,-0.003487785889913005,0.0004155345853141604
0.007859021196412089,0.009438434497100207,0.00034915862096593017,-0.010186022578910785,0.0036499947385131297,0.0133599347753193,0.003337219127340849,0.0019611231011754282,-0.002821625827098553,-0.001039629976445096
0.0014704952836255276,0.008796885316270542,-0.005924399798461826,-0.007111763883930889,0.006326939054911485,0.011626953579411244,-0.0003116350479380938,0.006524632911623212,-0.008959286744336919,-0.0012003124071956266
0.0074442300787911095,0.018992813416548723,-0.002486309619825086,-0.005962669110511712,0.0016517780722987662,0.01892386147567376,-0.0034545565818446928,-7.949746585115668e-05,-0.00218504178820866,0.0056119040964180975
-0.0018403777919657398,0.006648600311231448,-0.00721151819785964,-0.004527795621634263,0.000980468469075156,0.00762794959588651,0.0017397346554920506,0.002006380578371694,-0.0042799911409530465,0.0011369747743411195
0.002663517489550876,0.003168808043418644,-0.003043957473375141,-0.005624469021712281,0.000940523224593568,0.004240035257153867,-0.004637158265217059,-0.0001316223951121423,-0.008690594063802709,0.0033797399170968643
0.002636404129045589,0.003336005257583143,-0.0038292928098731314,-0.008996904178446672,0.0033890498217763985,0.012138815291196405,-0.000642370997614568,0.00295568261262803,-0.005143701075086354,-0.0030462443814232073
0.00278999996758382,0.006929053407203994,-0.004996097015590611,9.539925395639533e-05,0.0018275564197735906,0.00573539639748916,0.0007123754969175639,0.002709123923492161,-0.0013793083910585006,0.0011856873256667882
0.00801541792236278,0.00355016363685512,-0.000967561459577936,-0.003316985299389005,0.0063059009960334395,0.003106276923037388,-0.0004198188060218037,0.003623853559723574,0.00016934859131060112,-0.0013078156724143832
0.0123707254027769,0.0021057941919257056,0.005540421828168636,-0.002492941846315708,-0.0005380775149019315,0.01093415761889557,0.00046375725825898486,0.00544016012128455,-0.011033956304007478,0.003484852681748361
0.00370250637930674,-0.0028668760194390484,-0.0005886327388461444,-0.009178788547750508,-0.0031154710469186685,0.010670023637182759,-0.002123382114985784,0.013705528109450972,-0.003127735894182585,0.001617148058392548
0.0031205130818171625,0.006145270154303807,-0.001837880040287745,0.003295825530206461,0.0031443740724184173,0.0009793734809906763,-0.0006243835417761648,4.398815924517522e-05,0.002959170635152325,0.002067878683854841
-1.936632558073581e-05,0.01544475406439007,-0.00664810298095756,-0.00021920314818065314,-0.002877769875101629,0.003992046191049708,-0.005099878212253053,0.000582709227955158,-0.0015278456996248402,0.008996268820633957
0.003967490876980513,0.010683834364766873,-0.002066692361359748,-0.004608559657113698,-0.0026184759102850057,-4.746247284423508e-05,-0.003925005097104961,0.008647399753391188,0.006979133175017072,0.002725650365845292
0.004063866045968957,0.005868601901997693,0.003294283051853053,-0.0006121448809182951,-0.006817168205252539,0.009518058979062041,-0.007087680217374588,0.003848483486729425,-0.0035636603209985283,0.006067105907394262
0.0032731886229911585,0.0036705071478358533,-0.005911027144530477,-0.0005015637858425528,0.003284978099714447,0.013275894414349254,-0.012346650605058651,-0.001894198021839457,0.0006402093410574543,0.011114042425067815
-0.005735427333377507,0.0049518732215498365,-0.0042083946411191325,-0.0010724342277106725,0.0007754317547910697,0.003722340060453921,0.0003666135250139748,0.0024513048416415512,0.0018773951555449216,0.004113754427829504
0.002240414348872094,-9.953595716035228e-05,-0.00013230192728955377,-0.0106217463221749,0.002964086070636739,0.0068854169437623895,0.00106310937622601,0.0014233362846312876,-0.002415256740991546,0.0008963021993469197
0.0070701306220242515,0.010471307815128618,-0.009565581314213794,-0.010363614668112343,-0.0047313287971506215,0.0072854718652192564,0.0002995537915333347,0.00450599861268396,-0.0049276917420191,0.005694917197193413
0.00835307648705463,0.007380044112035916,0.003695599560719421,0.00728558123733321,0.01657996738065735,0.008545309155397154,0.001333688360860467,0.0010499387059882427,0.00038986119766973445,0.003155652756606479
0.0021080087685791046,-0.0028430148062801,-0.004981751832447357,-0.0037128683310623726,0.0066532985302046425,0.0017571017836502411,0.00039741092094481065,-0.006226181183338583,-0.006152615843747047,0.0031892563851893584
-0.00339182800752387,0.013378168675036984,-0.010973368152211064,-0.0056025175222731505,-0.0012135813694310587,0.0008294111716661036,-0.003498653745347035,-0.001116154887634632,-0.0015426532863121456,0.006578495391194837
-0.0006074431519932505,0.01304996065570262,-0.0033453140572936783,-0.0018402286425733454,-0.002027247209615229,0.00888816493056475,-0.002488610080758576,0.0050152929088669715,-0.0011650738857487016,0.006443400637796117
-0.0004419780633894005,0.008558703589985193,-0.008118828888010498,-0.004642817527785467,-0.00541469274994945,0.006214734706524307,-0.002740884922700509,0.0006632594698797864,-0.0008307908565567956,0.003110840354976005
0.0014795408172846164,0.005918219331460321,-0.000444169146848963,-0.006781587674778896,-0.004751212864363693,0.000211485909457864,-0.005337256024254739,5.451445044723623e-05,0.002111671106607459,0.00850423054074223
0.002115081482608264,0.0034956510893378308,-0.003265212078116893,0.00012901260178694533,0.00642795005777256,0.0007541532413845117,-0.004944989588837906,-0.000605202412397041,-4.976385456356171e-05,0.005142286782358559
0.0018472756962028337,0.005128124313201258,-0.007036686786019385,-0.007668388944779467,-0.008674935588002048,0.0019255589394031687,-0.005550507920027141,-0.0008582811822120202,-0.007690378894286212,0.0018846680984018864
0.003703749516457768,0.00855486422019557,-0.007752985941793586,0.0008923072906415967,-0.0017627852053710609,0.0036749309799800883,-0.0045268979877002785,0.0015871082077867082,0.003111946120555615,0.0026029766365844656
0.004540848090900039,0.010379498355518149,-0.00641910338649904,-0.005670371667916916,0.004434149312756484,0.004469174244428461,-0.001737846441869683,0.00827459552895704,-3.819980255054397e-05,-0.0028476906450451396
-0.006738261517382854,0.0058439043106765145,0.0005018597905249428,0.0029908388810561343,-0.0020119295031215227,0.005508713980901822,-0.005889143714631083,0.002548864893517029,0.001706322786585902,0.005230839656278143
-0.0012697361831944462,0.00719440546878411,-0.007317703535747623,-0.007943921107251653,-0.0024263074587136647,0.0061473744084394755,0.00019206023861964225,0.00230290663625563,-0.006113798693263192,0.0013166400730551836
-0.005773353631751403,0.011237255972605937,-0.0014953655832648054,-0.005215677378229866,-0.004197560530163616,0.013551990747130364,-0.0028260505303067595,0.004905678597065362,-0.002630566430518651,0.007757920924852209
-0.0010548832204594627,0.0018735642400356247,0.0042855296275737045,-0.006134587122524822,-0.0035932084137502945,0.006189894528957568,-0.005776148375319442,0.011215311473162085,-0.009523258082168515,0.000441723391838093
0.0017048203106124619,0.004963556904809707,-0.0017712847016040695,-0.0077827882585308735,-0.0035564603854919986,0.0041213028691133614,-0.0027465662229685184,0.00039830369356790187,-0.010385940573211551,0.0036626797529159772
0.0006310768296602202,0.007165459278237016,-0.004282352535221755,-0.0038348997295974572,-0.001369035556118872,0.004989828582417893,-0.007554488988060058,0.0082598971380577,0.0025142026196909076,0.00028225960665774345
0.0008545398054137718,9.317762624871244e-05,-0.0010655310203287573,-0.008759862028668707,0.0005191923290430935,0.006035618062973816,-0.0014879750614102967,0.003381606275044883,-0.005964435994223386,0.0027595359773947004
0.001729224188070741,0.0033520536505992357,-0.004230420466560761,-0.00869704063314774,-0.0016091255431588665,0.016811028455340684,-0.0012743736550528302,0.012084500051959029,-0.003766685267072698,0.004853274074780939
0.016307253931114762,0.013763485645626686,-0.005666702464722999,-0.007771970343636303,0.00586238223375282,0.011902675124766277,0.004265116979594889,-0.005306718847226053,-0.0058238339599553,0.00246625514751983
0.00022208101764398247,0.011465710211687396,-0.0007854578638452226,-0.0009059757669436386,0.009514597859901256,0.010671471043800269,0.00535577892270466,0.003378748638324474,0.0003760298592507701,0.0007968505288359021
-0.004270924202277336,-0.009782188417933432,-0.007715347809426802,-0.018873226585097384,-0.009308407679677793,0.0040475126854871936,-0.006897255991133644,-0.0031211475844600644,-0.0054849992123348545,0.0003835870530972362
-0.007919879604920455,-0.000998021003684884,-0.006317353087650057,-0.008434300988673244,-0.00021108963393969005,-0.0014404299705738125,-0.002755116392075475,0.0024932324452601965,-0.003349027176624284,-0.011710397549486185
0.0005264907941071248,-0.00045633482789714236,-0.002747078691491993,-0.004982193956829782,0.009193614254666251,0.002410963692690272,0.00011967891306321338,0.002545579625868908,-0.002247676279118389,-0.0009447642317417887
0.0029537744628571412,0.005685651296236704,0.003943676840395742,-0.005943092717538677,-2.013992035955134e-05,0.003972348043127925,0.0004639496034721038,0.000788350868440691,-0.008497991014243133,0.011134129329997971
9.9544456973584e-05,0.004138208960938765,-0.002182939421879978,-0.010070721710067523,-0.0005717728774427772,0.010536087325740571,-0.0003060897307423647,-0.00034623675347877046,-0.005504372161368575,0.003373896334403957
-0.007520775358119702,0.0034092672960339,-0.011343037485919052,-0.0063919235387596115,-0.002735159737473727,0.006614280909148748,-0.006002379818025639,0.009554736925344993,-0.0011170963408406297,0.008542513450533517
0.0003863733772579148,0.003100362757374873,-0.005027670318323312,-0.013131291347129459,-0.006028642374695376,0.00659950024320698,-0.00527924221412625,0.007998015690697094,-0.012919223515169541,0.0022271655842173877
-0.003905455566113193,0.00046925759255772576,-0.002827244994652011,-0.005038236576427078,0.00035361116072196025,0.0066617441875185856,-0.0016805450993346068,0.002378078377804889,-0.002274332325349067,0.002577470552623266
0.009209885136370085,0.02266055166682665,0.004303545425775566,0.006495779718302859,0.010569886678257728,0.003851604494618004,0.009796090407382656,0.0011650164345055785,0.006564998066121981,0.004770259435083901
0.004144702680484905,0.01308794414903832,0.00258291890061013,-0.002847858467461525,0.005243580955712165,0.01217600359790666,-0.003890970496281176,0.0025770468556713983,-0.0010847525630262227,0.00675925826312751
0.0049617776490156465,0.004014114936975789,-0.003643121395068858,-0.004733109734060958,0.010256672620625223,0.005480467926725959,-0.0006919893002311062,0.005516286581364999,-0.003423061750874239,-0.0005120017066244124
-0.003475463430504186,0.002865937743250488,-0.004861976911579116,-0.0007645882321708259,0.007363101291949142,0.001051451662952705,0.002717358514052664,-0.0002957927430335665,-0.002515394703786319,0.004825588604858499
0.002247497130773414,0.014042697799407741,-0.012668164160650513,-0.0032059286943363803,-0.008924706439736543,0.0018739168865601558,0.014449322896868216,0.005653764383589431,0.021348788105632,-0.017889273344475033
-0.0029984585624811266,-0.0018687435535502464,-0.009849423228338507,-0.00782756995286849,-0.014083523434043087,0.0048323426459056466,0.002351375938093829,-0.003690775898645576,-0.0005166685114940013,-0.0057416157136110715
0.0025203888280545955,0.0143221051956384,-0.003932994558508997,-0.004500626917517099,-0.0012230004831391102,0.009669601248512752,0.0008756330772365581,-0.0018546812296807848,-0.0005353223503499595,0.002741553386160616
0.004505330083410261,0.008148256961044084,-0.0021524654628139253,-0.009232298625530834,0.007206222923215106,0.005665320407965163,0.004721940391230781,0.0031238695341132697,-0.0026111378599147604,0.003923419501643649
-0.002214196403105724,0.006074423048026828,-0.005584473291613093,0.002154154325232729,-0.004331374868744775,0.0036586944508755475,-0.006753728096519245,0.0056724430741055465,-0.00030644046225637744,0.005284572420940185
-0.007906966120688128,0.008140570628612459,-0.0007923174473287763,0.002472911283487898,-0.0020320537640857363,0.0037191502955229647,-0.0037825652193579726,0.0069487060217416465,0.003036860638497832,0.002727359857515345
-0.003757465535160633,0.00016174730250801891,-0.007983897462975141,-0.005804611775046761,-0.0017971791299611734,0.0004493404006032913,-0.0008138265668920049,0.0075298608911492405,-0.0035033689580325693,-0.004869367194346801
0.0011482326134464732,-0.0043822313797460405,-0.002988379683927257,-0.008521089796643127,0.0028596967682901525,0.008426863116470075,0.003900429079904548,0.008573076513760918,-0.003750444069889217,0.0016554046264563287
0.006251221308431587,0.010968294990013628,-0.0015227240239699745,0.005790959708847871,0.016823131786279248,0.0007296535506308884,-0.0005172156280675932,0.0006867146692734438,0.007398555690222942,0.01899178096526689
-0.0018679307323373265,-0.010650694901774392,-0.008111609000872426,-0.010795777730684034,0.003460024600577325,0.007255592571854925,-0.0071325673673061874,0.007348989302089343,-0.0035796394477720264,-0.0002619950801524898
0.0014445449061135755,0.0063211950867113715,0.0014153062453373356,-0.00035763264297596444,-0.007271570926838548,0.0012430880151206025,-0.005993486535020458,0.009877593369544302,0.002968918685656599,-0.002313340915969987
0.008151854630665811,0.006764115310365896,-0.0017057541006986975,-0.002798795180848472,-0.008427530679743039,0.003193973217292177,-0.009225195821269634,0.0016012954516267644,-0.011988357523233064,0.0119842747262886
-0.00047763201935068633,0.0026441953668437518,-0.003981464488393852,0.002167142829341523,-0.00804666183891535,0.0008200486188470312,0.0008103106819663409,0.006009415152721125,0.003830612653715881,-0.002343680004047493
0.00033350689391884597,-0.000376441903404752,-0.003495380494620032,-0.008490711662579798,-0.0022333895204406087,0.004342433635009354,-0.005854076825353629,0.002946622857271722,-0.004552743684238617,0.0013850742541893562
-0.0009179757477286095,-0.0003899545901165855,0.0005796652768941728,-0.006927221527209711,-0.006880540135550425,0.003747842523722296,-0.004109231012280334,0.002999586019738136,-0.006574411557801132,0.0054016220109849005
0.005627301475932087,0.011005891256379451,-0.006511975310597591,-0.004959270976587635,-0.004253560218653682,0.002299118217862767,-0.0059070628945088145,0.003908631385098792,0.00494434825152384,0.003575628761243578
0.0002480069800495852,0.012736474490065644,-0.010126807297245436,-0.0014771562826682016,0.0007747091814642084,0.007982393512168671,0.003852723620220202,0.0029138118707060304,0.0005069837067182303,0.007177021366543523
0.002542636232037529,0.005065454428400328,-0.0037224916670048564,-0.008529995341375152,0.003255290830938223,0.002745410614414193,-0.0006644652131398762,0.007837656499402351,-0.0023254315926411074,-0.00048113025151869717
0.002437132249854028,0.00024055342002461333,-0.005222046167067644,-0.013894002235754434,-0.0050352109438636045,0.006033772285204398,0.0007154384111472433,0.003596541776013342,-0.005105243185403893,0.006115399803517004
0.0061402357352192145,0.015340803589424629,-0.0056495228057245475,-0.005446899492444157,-0.004377705147243491,0.005114924314710818,0.00027644502701954995,0.007566933782034524,-0.00801279392146248,-0.0008260076272158332
0.004400596160973158,0.004380374551940274,-0.002170125193079512,-0.007253184627697902,0.0002112908701518389,0.00869738650767485,-0.0012511489764232258,0.002942877610435379,-0.0062360401382366044,0.00363749490217309
0.003851296716437629,0.0034199584836196377,-0.0017634885838648023,-0.009996214562299223,-0.0011157194339199855,0.008039865786427049,0.0017416312550402936,0.009914543470652631,-0.004469751537777824,0.0007282477401443894
-0.0041525446901663,0.006245824993746369,-0.005087635173349843,-0.003947475633328144,0.005277326635040471,0.00669562810529805,0.0028481981066056533,-0.0020763412026945094,0.004726020352021985,0.0018301728636884367
0.003029030164178825,0.0010366686664157274,-0.006507559037446792,-0.006892263913932435,0.00034892259224337044,0.002490737452137407,-0.002943234616233041,0.0042029825610662135,-0.006497988381126975,0.003738396158016943
-0.006281199060078554,-0.002121176649919184,-0.008330399422356433,-0.009137687240192998,-0.00343506200354257,-0.0012055611395194884,-0.004133132199463943,3.274199306040602e-05,-0.0015139091856279548,0.011022820070485469
-0.00032146879915143783,0.006107330554705907,-0.0024311700342271357,-0.0036603864431735337,0.004661948205415932,0.008492986042095217,-0.0018234528780270273,0.0010909250307003767,-0.002825667676105618,0.0015409127523838564
0.0021472880601540803,0.011040657194267384,-0.00013412553576722715,-0.0015529038515929633,0.007296141249248317,0.007473177938778138,0.0011385083819745387,-0.0020628576309782527,0.005038352457903439,-0.0010882051504636095
0.005100297411079511,0.010376544174652566,-0.004392062220484209,-0.002276592852356016,-0.0044724409361606215,0.005177482487996304,-0.0021582772130456585,0.006582587984615361,-0.0074281848645023265,0.003615645169699282
0.002530771963503924,0.00817631800979009,-0.004780692423027381,-0.008544705546040442,0.003417240562752116,0.007287393096479602,-0.004126411022845462,0.005647473153715961,-0.0051756477983128536,0.005069248368038288
0.00541024243470091,0.01402151582774994,-0.0028031315135241854,-0.0061714437672779725,0.0004924818420777039,0.009033395023232329,-0.0019194254479852344,0.006504034820653473,-0.0016630906184704074,0.007261043639084587
-0.00910096715110521,0.00034602622931123594,-0.003384544548130855,-0.002754204918092423,-0.0018624727443690735,0.00018207044961471297,-0.00661004083789003,0.005302126246847322,-0.005114963046613082,-0.0008144042477294093
-0.0030799488759132645,0.006252250867397238,-0.006665616515032335,-0.004557197217866217,0.0016480713046417295,0.005434201337542133,-0.003421221785916225,0.006043704611091022,7.927417876418949e-05,0.00478044050526245
0.0077510409368079175,0.00815563494655923,-0.008427248046886144,-0.006839568216471964,0.002355548767484977,0.006520253859025297,-0.002428835098820413,0.0020309631788408312,-0.004570834523662016,0.0027444717219557327
-0.0016967128670784535,8.653531755856148e-05,-0.004701734018956918,-0.003511650072257861,-0.0009423575007243582,0.004130958893425669,-0.0039650024228197744,0.00079028361934939,-0.005785685240413831,0.001812051472530237
-0.004543763177159571,-0.0009242932071930297,-0.002698430167194907,-0.007482572599396231,-0.0018685621744456808,0.003558050534394435,-0.00010960671028677553,0.005223232348643576,-0.0005813583895188041,0.004068268917543553
0.00518386115277817,0.008931483964578022,0.0017049378017290973,-0.0022100126279606,0.002813660567822984,0.012323913373243314,-0.0021664819046572728,0.005428286738722589,-0.003240908205747632,0.006517320290364275
0.007963766480307603,0.007522994157826837,0.0021989010411366675,-0.001105202526234297,-0.001258712394179762,0.011794464014396341,-0.0030338600865288824,-0.0013366422584478784,-0.00217752981824758,0.007505135263289773
0.001534733523196774,-0.0005884146475159532,-0.005744062420465603,-0.001291042861672489,-0.0020903166525944464,0.00215165303780562,-0.004410304479575341,0.004382695691179857,-0.0016685221260074696,-0.0006657433968732613
0.0031856204316765835,0.01211770688766478,-0.005519108780109803,-0.002267212356908636,0.005597533914166171,0.013693731068087595,0.0045096795028479785,0.007368676670481101,0.0042212249986446964,0.0039542727802834
-0.002096691902941643,0.007448368650080684,-0.003909639047389375,-0.007009394460901375,0.0015204789184339682,0.003896348006247176,-0.002352951763458195,0.003161743219457255,-0.002215031553237202,-0.0004555943278614963
-0.004677008842363162,0.007220978420753362,-0.010884361086371471,-0.006321146091273185,-0.014807993924452556,0.006633463954098096,-0.010297605998612002,0.007664032537307822,0.0035191198936424884,-0.0063805803060135
0.0023650454158120546,0.008285802091615075,0.002376598592676243,-0.0006282009764569387,0.0014771170474381472,0.005490418187901972,0.0014198925106489722,0.004884317320469817,-0.0022416198505174345,-0.0011408263237074336
-0.0022001641516591133,0.009011768612778696,-0.005092959969309332,-0.001345396350371614,-0.006126822160772394,0.0015885548981833355,-0.003062727469049501,0.0029497326347938165,-0.001028733374725338,0.0015668247620076589
0.0022775601107388674,0.011431987250492548,-0.0058357610783832704,0.00173239837292906,0.007053961833560713,0.003046415321681973,0.0006637817590564842,0.0024752855626773915,0.003169717853623678,0.0038549421763067774
0.003701521839636457,-0.0016567003482759642,-0.002540584556470698,-0.01124399119600738,0.009038348130785254,0.006346343221513544,0.0005443245334447334,0.0048353456116796536,-0.00561568927776564,-0.0020600025995679873
-0.0014653178752657287,0.0020437321260826785,-0.003511300398449369,-0.001229181092346349,-0.005861061491346388,0.0057828535938045005,-0.004177526777327865,0.003523123474205058,-0.006960647056329473,0.0016718347948323589
-0.00016717925926194863,-0.0013832593936020342,-0.010410443705736856,-0.006843487537334979,-0.00907366769301146,0.00329871877151958,-0.005193402021811124,0.011745204502806472,-0.005801717373554497,0.003964659071595818
-0.005164648801307299,0.0051970936247070715,-0.005347033203048229,-0.0010975957406586054,-0.0026895149192651072,0.008442048660468434,-0.0046780822767243935,0.006329902804281511,-0.003120176176451962,0.004030099739155921
0.003678659333337189,0.013162428516241264,-0.002563107561162863,0.0008979323277821088,0.00693683590900077,0.0011929889959045913,0.0010369387209197565,0.003158316564832085,-0.003664412598861738,0.0017576665061534913
-0.0005658191536565688,0.013509124932240659,-0.00442289842687041,-0.008493280968791884,0.0167725633946268,0.006252988071122043,0.002504301749878073,0.001929293795249932,0.0003606398909362335,-0.0009732958746613076
-0.0005859562291828657,0.006949111581802663,-0.0006409810046287146,-0.0013698886379346186,-0.001045856145876779,0.003869598273664943,-0.008417565573288287,0.006548163016194047,0.0010765405524058114,0.006667308408146914
-0.009863808518364369,0.0001851772925286141,-0.007837502558096503,-0.009140244108735663,-0.010684031003640107,0.006316077411567946,-0.0027332014600953704,-0.0016056928819101442,-0.00403096456201815,-0.0006462219996418994
0.002896800633055592,0.0052610780979647715,-0.006834834993455022,0.00035694808331394103,0.005836859617499553,0.002210141168543303,-0.0009310846051643148,0.0014533177004115699,0.0025318927364759197,-0.0019556141973992632
0.003455253242042864,0.003782104347795658,-0.0024052387969470354,-0.010252812753610592,0.004296906685062982,0.007476801897043352,0.00039353816517937595,-0.001544068020564551,0.0003118120933647186,0.0021963748357333238
0.008105402709094803,0.004609598904647089,-0.00027936259191205584,-0.011633752409364359,-0.002988346493808288,0.005271255136333634,-0.0066620047706914326,0.0009596754468267367,-0.0072534731163399705,-0.009782422221721696
0.004006153426258416,0.008991588370526049,-0.0037971361558380655,-0.007125174397114613,-0.0007656171609569003,0.004685132481612085,-0.0006869381044476673,0.0038939629196189157,-0.004090430123530471,0.0063345182975935435
0.003694763600019164,0.008049790039583575,-0.000636943565682906,-0.008705152810920491,-0.003669668599914004,0.0062029479591623506,0.0007210964261106478,0.0049212543872771825,0.004171639078675129,0.0034369944837000545
0.0042971237345049975,-0.0003608151556831682,-0.002466550997444243,-0.005959893370887503,-0.004616872209341998,0.004503633732883657,-0.002046831400827229,0.0058154909995966324,-0.001836588406379255,0.00647674830694641
0.005346064347263507,0.0065832109867830745,-0.00010228186117138731,-0.00733187775631111,-0.006188682394547431,0.009544529159184648,0.001201797994896097,0.0037380022468647056,-0.004384315758615751,0.006194843387821261
-0.0003176456505965819,0.002967441909413702,-0.004297504875229995,-0.0004032729708484551,-0.00021535241889002188,0.004878514602587401,-0.0021488987634740693,0.00043340036925741503,-0.0030980560305771364,0.004497173224308845
0.004508929171374951,0.009523238561269026,0.0015406536010614483,-0.006632481058180718,0.006215273354670796,0.007498727399137896,-0.000890923890863782,-0.0013174002692391028,-0.005890503109802836,0.002530191573879768
-0.005116527778548277,0.00269336086226786,-0.009003228446538836,0.002547206514455301,-0.0018977298271370781,-0.0007473045504673548,-0.002268880643250667,0.006805929519060612,0.0019367310659404574,0.0008899275220019717
0.0061731427112886594,0.004768740103955369,-0.004460938868264146,0.000802374428356999,0.00586907702255975,0.017464038712419624,0.0019734644783052572,0.0008548369476092832,0.0017690196642767035,0.008150567131481202
-0.004290212099851906,0.008883695737386954,-0.011767052215645332,0.0003129011500036978,-0.0022088978886913393,0.006495659524910118,-0.007985614866532573,0.0031112072800908545,-0.0042202117446129925,0.003946445879229375
0.004410742410486279,0.010304241202711477,-0.0006931156973066147,-0.013494796640664868,0.004091153770702431,0.011554159919281676,0.004612958442793712,-0.0006608647545978813,-0.008887175253024127,0.0017900773360359891
-0.003276244622409857,0.004680458744244128,-0.008998132824809126,-0.00892295484151074,0.0008550092171227128,0.00496508478172683,-0.0037623370120937545,0.004429498467025304,-0.008500228269522538,-0.002847878978383343
-0.0016274906086829052,0.01984668258190016,-0.009668220349600428,0.003199088992835461,0.003364655889137204,0.0021263814201091177,-0.00041115993789186695,-0.006225203311238518,0.004038474684359313,0.004191349710494864
-0.002689464405049025,0.0035664376645763852,-0.007904447965429818,-0.011309017250209056,-0.000843134237105061,0.006682334644371854,-0.00029307279401887074,0.0015237142381332028,-0.005877162910100407,0.005004104878627656
0.01164024025865739,0.006903018100776648,-0.0048042054006728774,0.0016244808562569698,0.008971224959032523,0.007024042126120487,0.0010332287817997948,0.0003800570385224045,-0.00407892958812631,-0.0008000134654070094
0.009430107271450102,0.01509901129622211,-0.0019781329952286747,0.003223411122556475,0.0003140685583022926,0.0066102915753863895,-0.0011311564139403795,0.0021405349867126035,-0.0016760193717767786,0.003494391189194096
-0.004167539442816545,0.002136685843618521,-0.0037975577737997673,-0.004857395284808396,-0.005070930986999289,0.006084260432871469,0.0007069594881846697,0.0002467041091373922,-0.004360397731718231,0.002259808436497127
0.004913739002646911,0.008318936014989769,-0.0010629332463122849,-0.006761846238324125,0.0067495325366150865,0.014215707582835116,0.0015022499891745715,0.0026885660230033595,-0.000247535752822034,-0.0038456314919622548
9.480685798528289e-05,0.002925877432441357,0.000200002500818424,-0.0025796562340865675,-0.005139078505531586,0.0027466031960602807,0.000556861361892124,0.0013723075077772158,-0.0020582465965992467,0.0042347490662868045
-0.0014928552971539973,-0.00021021609031705857,-0.005961904153067547,-0.009158184060060541,0.0009192894974436088,0.008564058452260676,0.0025490987651681733,0.008360551727118023,0.003090481908231427,0.0055537844846702536
-0.003849712955069799,0.010570500968530242,-0.010214514640343007,-0.006400202640207451,-0.004933230322075257,0.012202274001283759,-0.00532897659046461,-0.0028169280280671287,-0.003981588106920954,0.009904894125308787
-0.00026585350612656067,-0.004941755030322362,-0.00046394701799140647,-0.00438394984343495,-0.0019643244522009147,0.0024340490332590077,-0.0034306595286793355,0.0038965017635780312,-0.001894089926294554,-0.0015820954253784707
0.006174817154898017,0.012043713967973648,-0.00524183549672545,-0.006030555563508879,-8.048627270585762e-07,0.008134668960118503,0.002664746503945709,-0.00010543162660066763,-0.006509065607668046,0.00647810603072476
0.0025375130409348023,0.0011364001127049347,-0.002570848323835069,-0.0041061276635703395,-0.003512251155809584,0.00785735795454898,-0.0014320933103716036,0.0032955480304525915,-0.002844304617817309,0.0028797258798032173
-0.0001366038656288454,0.003767467459194908,-0.00590668996790611,-0.0004456870707997291,0.002481193291263447,0.002595766914004711,-0.0006285197067360423,0.0017508502804534462,-0.0008437695007007072,-0.0037024258582152095
0.0012093760191620798,0.005527375990570127,-0.002734875674459021,0.002779594907761871,0.0039318359183061575,-0.002946209108689601,0.00229147175512461,0.0030047644302962817,0.0030614911303650212,0.0021384445427673933
0.003766229477053289,0.006594807758275541,-0.004660355521998292,0.0031684664479924717,-0.002935467412098554,0.006090180020715735,-0.0038653177518036975,0.0018917960213149887,-0.0004705529884511373,0.004827575883575934
0.005273312855543179,0.00515595530016295,-0.0008710925600627041,-0.005233735766363074,-0.007661118151920655,0.01398906259664109,0.00019795213602401968,0.002941025866823675,-0.00154379153543222,0.004297595209007022
0.0007007747957851335,0.00974786602918242,-0.004826399330588653,0.0031265679803697244,-0.0007806502690282148,0.004313152820259902,-0.006275187065880731,0.009026381074017386,0.0046493902628040144,0.0038861851361296092
0.003618615083676946,0.008562376790011875,-0.004129467842145896,-0.00569583737193492,0.012279541506709776,0.010202518060363215,0.003671574273401796,0.00809076024479363,-0.004583781566355403,0.004250501187063164
0.0043227876691980865,0.008249528739566477,-0.0004657397265868252,-0.009937201307959682,-0.006664805770498719,0.003367771431290814,-0.0017607238756153622,0.007850232090791562,-0.008212621262396597,0.0006559265470538448
0.007601367787632263,-0.0025618889311062355,-0.006448474280758507,-0.012293151263869106,-0.0008764588621327585,0.001947774133786214,-0.00794337202246012,0.00370889943630483,-0.009352863362648279,0.0022638556194555268
0.006184365205267939,0.001965454309865987,-0.00212121711419812,-0.005713976253765961,-0.00031183309631463386,0.0025803589715794675,-0.0024863422124400576,0.004341463144098778,-0.006990773873444735,8.406830960301648e-05
-0.0025005247135759523,0.0036093435257161625,-0.0019146024679436433,-0.001345283653305375,0.0032460197268756076,0.0017325492984143801,0.001897591220548789,-0.001344529923929031,-0.00044387663594249366,0.001388614542741599
-0.0017392557160483268,-0.0020406667961721144,-0.0060990011576917795,-0.014483028514574831,0.0011342154475619572,0.00034698148007686683,-0.001245852338607847,0.003503448753363165,-0.010811527348094045,-0.004401985801374154
-0.0028372700772483425,0.0067994190283728745,-0.008204316854745354,-0.010993141245900149,-0.004155369558583868,0.004084524359991857,-0.00018380502644178235,0.006043762740571232,-0.005536307729664662,0.001021867281851347
-0.001692273136296156,0.003826660835593285,-0.004909173666878909,-0.0021075939390142644,-0.004996622442210712,0.00406894775195233,-0.0047585336696948895,0.007098315207488741,-0.006193666888773865,-0.0009805263307617015
-0.001897318872423753,-0.0017778294968218316,-0.009032457025036104,-0.010418492784662156,-0.007697827733917281,0.0020916015215531178,-0.0058576513083673926,2.5542346205813075e-05,-0.011853583398716665,0.002715457917683981
0.0013825737703959187,0.007909845372854449,-0.0065075716285490975,-0.003962048731853577,-0.0014378895437814673,-0.001650874424570771,0.0004375279405906176,-0.0031635446269436198,0.011363617974168707,-0.01262343816206963
0.00011393562531392815,-0.003057635323515051,-0.005142705106422577,-0.007230550702507671,-0.005256779333507878,0.00267040142274275,0.0010279169692115064,0.0046466180182694215,-0.006473616604968697,0.0008362240556771946
0.001335467358043782,0.010474662664004241,-0.010949231166187977,0.0031201919239930358,0.00506570626898597,0.003731079135554908,-0.0044161332396169825,-9.875550259561688e-05,0.004272695847457526,0.0035623375740724507
0.0024521186346572604,0.011612919100818651,-0.0037721479225160375,-0.000555544407279844,-0.00489287177602277,0.006078995281863047,-0.002958116682421488,0.0038023347170623696,-0.002639151511957494,0.004840889724173361
0.00445560410936191,0.007205703371892982,-0.004348129205813752,-0.007022773818451565,0.000644827695059455,0.0057392441094839255,-0.00334974647822998,0.002952073676134324,-0.006118355862625068,0.0043262370509246926
0.0059599102088727035,0.00990758975331724,0.0005405450079905527,-0.003102639296192986,-0.0006410852868163671,0.0029032709321273327,-0.0019783828726575668,0.0009959812548113699,-0.0048055364563241686,0.0051931406439288345
0.004544825897921871,0.0054801162048327395,0.0011365941824268912,-0.004524642918164467,-0.002058572542373621,0.009834083299177877,-0.004013923842430624,0.007754902773371703,0.005836262047012274,0.0019213639127523368
0.001051659338235575,0.008627641083368331,-0.005050393149814684,-0.010751336159533451,-0.0008342247571177849,0.005239173982156599,-0.0026086246431087185,0.007315735542764017,-0.0014812001895860346,0.005346810169198422
0.008585828237619029,0.010561965270090793,-0.005417560859516959,0.005218583957748053,0.0026291881544837203,0.0030773596000828146,0.0005890032604032523,0.0006962203252968077,0.005271615868772482,0.006203995877428797
0.008388858103134687,0.0029426937793011853,-0.004036480702506053,-0.007969576041110224,-0.007695018860498264,0.009625289750983744,-0.00401566839801799,0.0032200520047408338,-0.0015596223270507876,0.002435730191497
0.0004242325095481225,0.004943855025134046,-0.008714569557627515,-0.001993549788492832,-0.006091759595642121,0.002339853620315225,-0.006361468757729859,-0.0008273273899922773,-0.0031306515165722987,-0.0004377785854275181
-0.0010883571522203458,0.005818393203561735,-0.007160489863456416,-0.007900377747845005,-0.0026568428463203285,0.01004783322417784,-0.0009323320275703176,0.008933692663062444,-0.0033164492542276307,0.005907573101307261
0.00047634486127843406,-0.007957668748057947,-0.00036932757542258894,-0.017800068688735182,-0.0012812709949935304,0.00598295767951951,0.0008274637054189948,0.01008384645945704,-0.0134958373312781,-0.001477486811703893
0.0001596725734976795,0.0031490849600399762,-0.004709901346421746,-0.003598927001519921,-0.0013464667576238395,0.010398223178171864,0.002616047646333989,0.0030269844910844447,-0.005229203535004597,-0.00012190590982549734
3.848465503956261e-05,0.008417669194397116,-0.004650141458722322,-0.0012859859028081279,0.004722808845258554,0.0039514309846232784,0.00014228736929282337,0.00026459471307899857,0.002721774595102052,-0.0004072048782299727
0.008846139627993861,0.00988970405129388,-0.0044420138108059405,-0.006471192140997218,0.002360668984503574,0.019329112235348472,0.0028943650376057604,0.008178251108999942,-0.009175665792331724,0.005932432822688037
0.006043863193437235,0.006417204604657313,-0.009362060303129577,-0.00784432050334018,-0.011072881883999318,0.012086741425732557,-0.004520404535652843,0.010164572166516913,-0.007842465096717186,0.006972911538055134
-0.001667094503059914,-0.0013500920215031124,0.0011188926830611732,-0.0058140780397439385,0.00010026009604725479,0.00985115363677925,-8.203089335374718e-05,0.004949590949562861,-0.0005096313884706376,0.004397742192430603
-0.006424307820168687,0.006057334947421132,-0.010036524029441794,-0.021585412577783257,-0.010599704717841451,0.011767477686784458,-0.0032211868310812585,0.0060279265425030966,-0.010741839083982126,0.003191855162684443
0.0024855255766006237,-0.0007509051740962301,0.004730710406686461,-0.0033335312950993554,0.001998591113347352,0.01163356550303778,0.0013858346347777714,0.0001218003451885462,-0.011706243802493231,0.010292058660793628
-0.0013704828890830911,0.006498188450803664,-0.0036475455578613633,-0.010454086996379158,-0.0009944418902458794,0.0064505656435878,-0.0004484663814240007,0.00372723912501156,-0.008252538125525623,0.003084444079590725
-0.0005086321732571257,0.003252985990351412,-0.011869466998915524,-0.012065501208146649,-0.0006470539325496044,0.012302339393683416,-0.005292421176517017,0.007722065136473136,-0.0050791562279780674,0.0067008590632716535
-0.0016120223030024884,0.005473147776362546,-0.010229116021017537,-0.0047310824342145005,-0.0008897686129252735,0.006562859138278525,-0.007089119338049466,0.009945223801218534,-0.004522320044797567,0.003456752415650695
6.245471462364842e-05,-5.273006422283968e-05,-0.004101921249846666,-0.009507304381000926,0.002048564588435951,0.008117605494623877,-0.003982032727506513,0.0024151880735377947,-0.008921228633740808,0.003045925941774475
-0.0048169114572629975,0.00037156923391303687,-0.002798284617124877,-0.0043490343819473296,-0.0016448318918316713,0.008279788461520908,0.00013120566455857626,0.0017868677714405364,-0.0027464021569692434,0.001737443918275438
0.010375060848518941,0.005858255826697835,-0.006310617666772789,-0.008372405753134695,0.0050844355324300644,0.00592862541034213,0.002059958732349515,0.007313778655242067,-0.007080921291042616,4.0394453036750495e-05
0.0005224883122781146,0.0026920119406644853,-0.0021473762914823885,-0.0066377593634133,-0.004536449401905729,0.0072516550536611485,-0.006487162047100949,0.005320232586318629,-0.0026343959839857877,-0.000803673583766153
-0.0018801570550677008,0.006271465079527725,-0.004494983468585122,-0.01060946295500188,-0.002010161710956005,0.004477962727278604,-0.0022328794181679878,0.012436185288684523,-0.004020415249789005,0.008445851315048287
0.004196764376479034,0.004008336653199725,-0.005293490837449471,-0.014604037041155262,-0.002106507051471421,0.014592280637657672,-0.000611709757019541,0.006859892634823058,-0.01343674401330843,0.0018579250791490149
0.0142514308718327,0.021621001836923358,-0.003950979468942732,-0.0014811689998824448,0.000670324294518946,0.014868156305101613,-0.005634033678657367,0.0017639905915229363,-0.0010677152062806062,0.006532732233066359
-0.008255358773212831,0.006249691753475457,-0.009023834113706004,0.0016496832422455115,-0.009793610066284259,0.00031892757104944047,-0.004000995338982738,0.003265755483565858,-0.008406518616033344,0.00733180068776635
-0.008404192730150667,-0.007688090642843515,0.0005376321721677709,0.003588402913654712,0.0018138294887529497,0.0041583323169201184,-0.006884648022569885,0.0014881469421504565,-0.013742020416254249,0.002190488757746788
0.013186187628256452,0.01460481865088696,-0.008276374046744783,0.0012772155870460055,0.008447463234262298,0.003958585772712846,0.005177364705794461,-0.00021045647713330528,0.005375718086276087,0.0002832165069654352
0.0037622137609284938,0.002663314111742754,-0.0018008662520418548,-0.006775872750408389,0.0007871637853837706,0.004341053826565235,-0.00041961931607598085,0.0033420130499177275,-0.007999314067020254,0.004042211425642847
0.011035472147313407,0.015322060365715562,0.001655841205398338,-0.018195287775694274,0.00869972139777728,0.016003580133414838,0.0015383585629631766,-0.008890839517007539,-0.003938880933403135,0.006798801811748962
0.00075755728005647,0.006040239496689082,-0.0038195725969847453,-0.0029449091671299287,-0.0016994979881909552,0.00922844336606243,-0.004812020605500558,0.001031083912120201,-0.0005715368982881457,0.0002930428781343101
0.008444189723435594,0.013739089690971791,-0.005025145286744652,-0.009928416082413823,-0.0004252919744512159,0.013357827572965669,-0.0005455165546617404,0.00038393400400500016,-0.0031739021409457192,0.00901087324566702
0.004439677765828133,0.0072011451107443685,-0.007521121207039066,-0.005073945522823405,0.00299633198515617,0.007106662855114659,-0.001454315598463431,0.0035475797321694257,0.0004563164173909321,0.003749557148399521
-0.0027852019466420986,0.004945712952457344,-0.0009756802631875184,-0.0018045940724225017,-0.007928562681421805,0.01152439188707166,-0.004337015756821154,0.0035941783756404944,-0.00425176898513006,0.003372551096262997
-0.00449739439589035,-0.002970971853410602,-0.008048486485313644,-0.0039393373114425005,0.002590501715124893,0.0051733137049672,-0.0013571771905218802,-0.0006011931157154224,-0.004489981238023261,-0.004512135326106166
-0.00493706832306135,0.006921252900733286,-0.007083167230736461,0.0036083185974417117,-0.0024617329149532545,0.0100335169523269,-0.006882006085973012,0.007088465674950273,-0.004281585119053613,0.002181869889984696
-0.0032581985781271893,0.00773505779223653,-0.0003852126378691432,-0.009017399712121106,0.000951823762249632,0.006336828335958585,-0.000284895636354204,0.003789039141144861,-0.006739487501201935,0.001642358310948614
-0.009862984198221555,-0.00526140313874034,-0.0024550606697829845,-0.0060029086528319104,-0.009684106886582857,0.007324998106775522,-0.006057769426242529,0.006966623068377239,-0.007043141842367123,0.002429760897173429
0.0023443175756253307,0.005986488011190932,-0.003305345565483043,-0.0006952649029752589,0.000514400657104017,0.008792804272449512,0.0019090543094218981,0.008844702158223233,-0.005699859966131711,0.004992632897398834
0.00519261623255126,0.0044842668533629365,-0.00739720408507841,-0.00462194915647268,0.0035527831669479406,0.005577927097902273,0.00041383806965257855,0.010696174958794059,-0.0044595565592818074,0.004816829989103839
-0.0018422674941204961,0.0017278288573597605,-0.005664004256985778,0.00680762801076543,-0.0012750446179742372,0.0054986013614222425,0.002456928582656853,0.00653735301429761,-0.0055058836943511465,0.00020468609263755294
0.006133149420786911,0.0035729149888350594,-0.002853966972815937,-0.009623720552622162,0.0030529891908486857,0.009948837465751129,-0.0006092866124373617,0.007569712426669998,-0.006693329797090097,-0.002367788476536551
-0.00247154852183655,0.001577113883362631,-0.002639151717730213,-0.009776863453528859,-0.003258066322018289,0.006683733502581817,-9.060968531940905e-05,0.001805455495909731,-0.0121947688410518,0.0045254162048559725
0.003840888648304362,0.008762850077975455,-0.003435328887633221,-0.007001794597167371,-0.00392842396505414,0.009872862980806859,-0.002012623689612099,0.00265416820673504,-0.004456265220835068,0.003191675306830577
0.007643492382989669,0.025864392880970723,0.004881825749695013,0.0056553211677061,0.007323015149059618,0.015265729798170997,-0.0009686118461398998,-0.007269566566395455,0.0014397306952750966,0.002645880552247488
0.0031148184789459997,-0.001030405442516209,-0.0013146555540580855,-0.008639964253931643,-0.0009375588005106119,0.010344174069419327,-0.0006709654665583285,0.007198132314072424,-0.009712089760907773,0.003546718914631551
0.00015364141688790214,0.0042635926079965854,-0.002835233978353121,-0.004498023405505485,-0.004283621802966036,0.008640521759157749,-0.004398517647425022,0.009543203731886165,-0.003552605726060554,0.0042340093379118465
0.0071300155500741156,0.0081696118030587,-0.010123322153463026,-0.0030750405729901603,-0.00498068784259375,0.01170627787650473,-0.004700799112847329,-0.004284222094009613,-0.0065185591246760405,0.005677664981407019
0.01157495248673302,0.009762001096772449,0.0070604345147171075,-0.006816094453734104,0.009800197206761794,0.004749227943178495,0.003608306373699476,0.004162463004291009,0.0004888669471041001,-0.0011911020145935118
0.0011233514555716027,0.007213831662962848,0.003953193245277867,-0.003053665993022708,-0.01066539516726538,0.011020724137303449,-0.005015721717849924,0.0033750781466200487,-0.003300040401056636,0.006567996114510366
0.01313133608952402,0.013200092914101666,-0.002244266420386759,-0.005168250182816478,0.0025629387335119,0.006671073581219524,0.0039543969225933374,-0.004015726666690778,0.0026893773487781897,0.00544747923975768
0.0005939585283341459,0.00633728473261609,-0.00041323098375305867,-0.00690130617575957,0.0009263956092575829,0.0026446342030364,-0.0027948507882482525,0.0073834777163874574,-0.004051802535632221,0.007367434043989639
-0.0068946401803509005,0.003331173245948898,-0.006542340471056357,-0.003406268800697193,-0.002501584516018133,0.005020233094536484,-0.0037113404686370593,0.006513337136185611,-0.006328582689160473,7.658897094671403e-05
0.0016618114383107616,0.005042525588548903,-0.0002934542089137477,-0.0027858983878532965,-0.002255734365307633,0.011756380099799402,-0.0016199354276062918,0.0005265261524090344,-0.012272941301374778,0.0033103387638321533
